종목코드,종목명,종가,대비,시가,고가,저가,현물가,정산가,거래량,거래대금,미결제약정
"B0165420","코스피200 C 202605   420.0 (야간)",,,,,,"0.00",,"0","0.0","17"
"B0165420","코스피200 C 202605   420.0 (주간)",,,,,,"0.00",,"0","0.0","17"
"B0165422","코스피200 C 202605   422.5 (야간)",,,,,,"0.00",,"0","0.0","0"
"B0165422","코스피200 C 202605   422.5 (주간)",,,,,,"0.00",,"0","0.0","0"
"B0165425","코스피200 C 202605   425.0 (야간)",,,,,,"0.00",,"0","0.0","0"
"B0165425","코스피200 C 202605   425.0 (주간)",,,,,,"0.00",,"0","0.0","0"
"B0165427","코스피200 C 202605   427.5 (야간)",,,,,,"0.00",,"0","0.0","0"
"B0165427","코스피200 C 202605   427.5 (주간)",,,,,,"0.00",,"0","0.0","0"
"B0165430","코스피200 C 202605   430.0 (야간)",,,,,,"0.00",,"0","0.0","0"
"B0165430","코스피200 C 202605   430.0 (주간)",,,,,,"0.00",,"0","0.0","0"
"B0165432","코스피200 C 202605   432.5 (야간)",,,,,,"0.00",,"0","0.0","0"
"B0165432","코스피200 C 202605   432.5 (주간)",,,,,,"0.00",,"0","0.0","0"
"B0165435","코스피200 C 202605   435.0 (야간)",,,,,,"0.00",,"0","0.0","0"
"B0165435","코스피200 C 202605   435.0 (주간)",,,,,,"0.00",,"0","0.0","0"
"B0165437","코스피200 C 202605   437.5 (야간)",,,,,,"0.00",,"0","0.0","0"
"B0165437","코스피200 C 202605   437.5 (주간)",,,,,,"0.00",,"0","0.0","0"
"B0165440","코스피200 C 202605   440.0 (야간)",,,,,,"0.00",,"0","0.0","0"
"B0165440","코스피200 C 202605   440.0 (주간)",,,,,,"0.00",,"0","0.0","0"
"B0165442","코스피200 C 202605   442.5 (야간)",,,,,,"0.00",,"0","0.0","0"
"B0165442","코스피200 C 202605   442.5 (주간)",,,,,,"0.00",,"0","0.0","0"
"B0165445","코스피200 C 202605   445.0 (야간)",,,,,,"0.00",,"0","0.0","0"
"B0165445","코스피200 C 202605   445.0 (주간)",,,,,,"0.00",,"0","0.0","0"
"B0165447","코스피200 C 202605   447.5 (야간)",,,,,,"0.00",,"0","0.0","0"
"B0165447","코스피200 C 202605   447.5 (주간)",,,,,,"0.00",,"0","0.0","0"
"B0165450","코스피200 C 202605   450.0 (야간)",,,,,,"0.00",,"0","0.0","0"
"B0165450","코스피200 C 202605   450.0 (주간)",,,,,,"0.00",,"0","0.0","0"
"B0165452","코스피200 C 202605   452.5 (야간)",,,,,,"0.00",,"0","0.0","0"
"B0165452","코스피200 C 202605   452.5 (주간)",,,,,,"0.00",,"0","0.0","0"
"B0165455","코스피200 C 202605   455.0 (야간)",,,,,,"0.00",,"0","0.0","0"
"B0165455","코스피200 C 202605   455.0 (주간)",,,,,,"0.00",,"0","0.0","0"
"B0165457","코스피200 C 202605   457.5 (야간)",,,,,,"0.00",,"0","0.0","0"
"B0165457","코스피200 C 202605   457.5 (주간)",,,,,,"0.00",,"0","0.0","0"
"B0165460","코스피200 C 202605   460.0 (야간)",,,,,,"0.00",,"0","0.0","7"
"B0165460","코스피200 C 202605   460.0 (주간)",,,,,,"0.00",,"0","0.0","7"
"B0165462","코스피200 C 202605   462.5 (야간)",,,,,,"0.00",,"0","0.0","0"
"B0165462","코스피200 C 202605   462.5 (주간)",,,,,,"0.00",,"0","0.0","0"
"B0165465","코스피200 C 202605   465.0 (야간)",,,,,,"0.00",,"0","0.0","0"
"B0165465","코스피200 C 202605   465.0 (주간)",,,,,,"0.00",,"0","0.0","0"
"B0165467","코스피200 C 202605   467.5 (야간)",,,,,,"0.00",,"0","0.0","0"
"B0165467","코스피200 C 202605   467.5 (주간)",,,,,,"0.00",,"0","0.0","0"
"B0165470","코스피200 C 202605   470.0 (야간)",,,,,,"0.00",,"0","0.0","0"
"B0165470","코스피200 C 202605   470.0 (주간)",,,,,,"0.00",,"0","0.0","0"
"B0165472","코스피200 C 202605   472.5 (야간)",,,,,,"0.00",,"0","0.0","0"
"B0165472","코스피200 C 202605   472.5 (주간)",,,,,,"0.00",,"0","0.0","0"
"B0165475","코스피200 C 202605   475.0 (야간)",,,,,,"0.00",,"0","0.0","0"
"B0165475","코스피200 C 202605   475.0 (주간)",,,,,,"0.00",,"0","0.0","0"
"B0165477","코스피200 C 202605   477.5 (야간)",,,,,,"0.00",,"0","0.0","0"
"B0165477","코스피200 C 202605   477.5 (주간)",,,,,,"0.00",,"0","0.0","0"
"B0165480","코스피200 C 202605   480.0 (야간)",,,,,,"0.00",,"0","0.0","1"
"B0165480","코스피200 C 202605   480.0 (주간)",,,,,,"0.00",,"0","0.0","1"
"B0165482","코스피200 C 202605   482.5 (야간)",,,,,,"0.00",,"0","0.0","0"
"B0165482","코스피200 C 202605   482.5 (주간)",,,,,,"0.00",,"0","0.0","0"
"B0165485","코스피200 C 202605   485.0 (야간)",,,,,,"0.00",,"0","0.0","0"
"B0165485","코스피200 C 202605   485.0 (주간)",,,,,,"0.00",,"0","0.0","0"
"B0165487","코스피200 C 202605   487.5 (야간)",,,,,,"0.00",,"0","0.0","0"
"B0165487","코스피200 C 202605   487.5 (주간)",,,,,,"0.00",,"0","0.0","0"
"B0165490","코스피200 C 202605   490.0 (야간)",,,,,,"0.00",,"0","0.0","2"
"B0165490","코스피200 C 202605   490.0 (주간)",,,,,,"0.00",,"0","0.0","2"
"B0165492","코스피200 C 202605   492.5 (야간)",,,,,,"0.00",,"0","0.0","0"
"B0165492","코스피200 C 202605   492.5 (주간)",,,,,,"0.00",,"0","0.0","0"
"B0165495","코스피200 C 202605   495.0 (야간)",,,,,,"0.00",,"0","0.0","0"
"B0165495","코스피200 C 202605   495.0 (주간)",,,,,,"0.00",,"0","0.0","0"
"B0165497","코스피200 C 202605   497.5 (야간)",,,,,,"0.00",,"0","0.0","0"
"B0165497","코스피200 C 202605   497.5 (주간)",,,,,,"0.00",,"0","0.0","0"
"B0165500","코스피200 C 202605   500.0 (야간)",,,,,,"0.00",,"0","0.0","10"
"B0165500","코스피200 C 202605   500.0 (주간)",,,,,,"0.00",,"0","0.0","10"
"B0165502","코스피200 C 202605   502.5 (야간)",,,,,,"0.00",,"0","0.0","0"
"B0165502","코스피200 C 202605   502.5 (주간)",,,,,,"0.00",,"0","0.0","0"
"B0165505","코스피200 C 202605   505.0 (야간)",,,,,,"0.00",,"0","0.0","3"
"B0165505","코스피200 C 202605   505.0 (주간)",,,,,,"0.00",,"0","0.0","3"
"B0165507","코스피200 C 202605   507.5 (야간)",,,,,,"0.00",,"0","0.0","0"
"B0165507","코스피200 C 202605   507.5 (주간)",,,,,,"0.00",,"0","0.0","0"
"B0165510","코스피200 C 202605   510.0 (야간)",,,,,,"0.00",,"0","0.0","4"
"B0165510","코스피200 C 202605   510.0 (주간)",,,,,,"0.00",,"0","0.0","4"
"B0165512","코스피200 C 202605   512.5 (야간)",,,,,,"0.00",,"0","0.0","0"
"B0165512","코스피200 C 202605   512.5 (주간)",,,,,,"0.00",,"0","0.0","0"
"B0165515","코스피200 C 202605   515.0 (야간)",,,,,,"0.00",,"0","0.0","3"
"B0165515","코스피200 C 202605   515.0 (주간)",,,,,,"0.00",,"0","0.0","3"
"B0165517","코스피200 C 202605   517.5 (야간)",,,,,,"0.00",,"0","0.0","0"
"B0165517","코스피200 C 202605   517.5 (주간)",,,,,,"0.00",,"0","0.0","0"
"B0165520","코스피200 C 202605   520.0 (야간)",,,,,,"0.00",,"0","0.0","0"
"B0165520","코스피200 C 202605   520.0 (주간)",,,,,,"0.00",,"0","0.0","0"
"B0165522","코스피200 C 202605   522.5 (야간)",,,,,,"0.00",,"0","0.0","0"
"B0165522","코스피200 C 202605   522.5 (주간)",,,,,,"0.00",,"0","0.0","0"
"B0165525","코스피200 C 202605   525.0 (야간)",,,,,,"0.00",,"0","0.0","0"
"B0165525","코스피200 C 202605   525.0 (주간)",,,,,,"0.00",,"0","0.0","0"
"B0165527","코스피200 C 202605   527.5 (야간)",,,,,,"0.00",,"0","0.0","0"
"B0165527","코스피200 C 202605   527.5 (주간)",,,,,,"0.00",,"0","0.0","0"
"B0165530","코스피200 C 202605   530.0 (야간)",,,,,,"0.00",,"0","0.0","0"
"B0165530","코스피200 C 202605   530.0 (주간)",,,,,,"0.00",,"0","0.0","0"
"B0165532","코스피200 C 202605   532.5 (야간)",,,,,,"0.00",,"0","0.0","0"
"B0165532","코스피200 C 202605   532.5 (주간)",,,,,,"0.00",,"0","0.0","0"
"B0165535","코스피200 C 202605   535.0 (야간)",,,,,,"0.00",,"0","0.0","3"
"B0165535","코스피200 C 202605   535.0 (주간)",,,,,,"0.00",,"0","0.0","3"
"B0165537","코스피200 C 202605   537.5 (야간)",,,,,,"0.00",,"0","0.0","0"
"B0165537","코스피200 C 202605   537.5 (주간)",,,,,,"0.00",,"0","0.0","0"
"B0165540","코스피200 C 202605   540.0 (야간)",,,,,,"0.00",,"0","0.0","3"
"B0165540","코스피200 C 202605   540.0 (주간)",,,,,,"0.00",,"0","0.0","3"
"B0165542","코스피200 C 202605   542.5 (야간)",,,,,,"0.00",,"0","0.0","0"
"B0165542","코스피200 C 202605   542.5 (주간)",,,,,,"0.00",,"0","0.0","0"
"B0165545","코스피200 C 202605   545.0 (야간)",,,,,,"0.00",,"0","0.0","0"
"B0165545","코스피200 C 202605   545.0 (주간)",,,,,,"0.00",,"0","0.0","0"
"B0165547","코스피200 C 202605   547.5 (야간)",,,,,,"0.00",,"0","0.0","1"
"B0165547","코스피200 C 202605   547.5 (주간)",,,,,,"0.00",,"0","0.0","1"
"B0165550","코스피200 C 202605   550.0 (야간)",,,,,,"0.00",,"0","0.0","0"
"B0165550","코스피200 C 202605   550.0 (주간)",,,,,,"0.00",,"0","0.0","0"
"B0165552","코스피200 C 202605   552.5 (야간)",,,,,,"0.00",,"0","0.0","0"
"B0165552","코스피200 C 202605   552.5 (주간)",,,,,,"0.00",,"0","0.0","0"
"B0165555","코스피200 C 202605   555.0 (야간)",,,,,,"0.00",,"0","0.0","0"
"B0165555","코스피200 C 202605   555.0 (주간)",,,,,,"0.00",,"0","0.0","0"
"B0165557","코스피200 C 202605   557.5 (야간)",,,,,,"0.00",,"0","0.0","0"
"B0165557","코스피200 C 202605   557.5 (주간)",,,,,,"0.00",,"0","0.0","0"
"B0165560","코스피200 C 202605   560.0 (야간)",,,,,,"0.00",,"0","0.0","0"
"B0165560","코스피200 C 202605   560.0 (주간)",,,,,,"0.00",,"0","0.0","0"
"B0165562","코스피200 C 202605   562.5 (야간)",,,,,,"0.00",,"0","0.0","0"
"B0165562","코스피200 C 202605   562.5 (주간)",,,,,,"0.00",,"0","0.0","0"
"B0165565","코스피200 C 202605   565.0 (야간)",,,,,,"0.00",,"0","0.0","0"
"B0165565","코스피200 C 202605   565.0 (주간)",,,,,,"0.00",,"0","0.0","0"
"B0165567","코스피200 C 202605   567.5 (야간)",,,,,,"0.00",,"0","0.0","0"
"B0165567","코스피200 C 202605   567.5 (주간)",,,,,,"0.00",,"0","0.0","0"
"B0165570","코스피200 C 202605   570.0 (야간)",,,,,,"0.00",,"0","0.0","0"
"B0165570","코스피200 C 202605   570.0 (주간)",,,,,,"0.00",,"0","0.0","0"
"B0165572","코스피200 C 202605   572.5 (야간)",,,,,,"0.00",,"0","0.0","0"
"B0165572","코스피200 C 202605   572.5 (주간)",,,,,,"0.00",,"0","0.0","0"
"B0165575","코스피200 C 202605   575.0 (야간)",,,,,,"0.00",,"0","0.0","0"
"B0165575","코스피200 C 202605   575.0 (주간)",,,,,,"0.00",,"0","0.0","0"
"B0165577","코스피200 C 202605   577.5 (야간)",,,,,,"0.00",,"0","0.0","0"
"B0165577","코스피200 C 202605   577.5 (주간)",,,,,,"0.00",,"0","0.0","0"
"B0165580","코스피200 C 202605   580.0 (야간)",,,,,,"0.00",,"0","0.0","0"
"B0165580","코스피200 C 202605   580.0 (주간)",,,,,,"0.00",,"0","0.0","0"
"B0165582","코스피200 C 202605   582.5 (야간)",,,,,,"0.00",,"0","0.0","0"
"B0165582","코스피200 C 202605   582.5 (주간)",,,,,,"0.00",,"0","0.0","0"
"B0165585","코스피200 C 202605   585.0 (야간)",,,,,,"0.00",,"0","0.0","0"
"B0165585","코스피200 C 202605   585.0 (주간)",,,,,,"0.00",,"0","0.0","0"
"B0165587","코스피200 C 202605   587.5 (야간)",,,,,,"0.00",,"0","0.0","0"
"B0165587","코스피200 C 202605   587.5 (주간)",,,,,,"0.00",,"0","0.0","0"
"B0165590","코스피200 C 202605   590.0 (야간)",,,,,,"0.00",,"0","0.0","0"
"B0165590","코스피200 C 202605   590.0 (주간)",,,,,,"0.00",,"0","0.0","0"
"B0165592","코스피200 C 202605   592.5 (야간)",,,,,,"0.00",,"0","0.0","0"
"B0165592","코스피200 C 202605   592.5 (주간)",,,,,,"0.00",,"0","0.0","0"
"B0165595","코스피200 C 202605   595.0 (야간)",,,,,,"0.00",,"0","0.0","0"
"B0165595","코스피200 C 202605   595.0 (주간)",,,,,,"0.00",,"0","0.0","0"
"B0165597","코스피200 C 202605   597.5 (야간)",,,,,,"0.00",,"0","0.0","1"
"B0165597","코스피200 C 202605   597.5 (주간)",,,,,,"0.00",,"0","0.0","1"
"B0165600","코스피200 C 202605   600.0 (야간)",,,,,,"0.00",,"0","0.0","1"
"B0165600","코스피200 C 202605   600.0 (주간)",,,,,,"0.00",,"0","0.0","1"
"B0165602","코스피200 C 202605   602.5 (야간)",,,,,,"0.00",,"0","0.0","1"
"B0165602","코스피200 C 202605   602.5 (주간)",,,,,,"0.00",,"0","0.0","1"
"B0165605","코스피200 C 202605   605.0 (야간)",,,,,,"0.00",,"0","0.0","0"
"B0165605","코스피200 C 202605   605.0 (주간)",,,,,,"0.00",,"0","0.0","0"
"B0165607","코스피200 C 202605   607.5 (야간)",,,,,,"0.00",,"0","0.0","1"
"B0165607","코스피200 C 202605   607.5 (주간)",,,,,,"0.00",,"0","0.0","1"
"B0165610","코스피200 C 202605   610.0 (야간)",,,,,,"0.00",,"0","0.0","1"
"B0165610","코스피200 C 202605   610.0 (주간)",,,,,,"0.00",,"0","0.0","1"
"B0165612","코스피200 C 202605   612.5 (야간)",,,,,,"0.00",,"0","0.0","0"
"B0165612","코스피200 C 202605   612.5 (주간)",,,,,,"0.00",,"0","0.0","0"
"B0165615","코스피200 C 202605   615.0 (야간)",,,,,,"0.00",,"0","0.0","0"
"B0165615","코스피200 C 202605   615.0 (주간)",,,,,,"0.00",,"0","0.0","0"
"B0165617","코스피200 C 202605   617.5 (야간)",,,,,,"0.00",,"0","0.0","1"
"B0165617","코스피200 C 202605   617.5 (주간)",,,,,,"0.00",,"0","0.0","1"
"B0165620","코스피200 C 202605   620.0 (야간)",,,,,,"0.00",,"0","0.0","0"
"B0165620","코스피200 C 202605   620.0 (주간)",,,,,,"0.00",,"0","0.0","0"
"B0165622","코스피200 C 202605   622.5 (야간)",,,,,,"0.00",,"0","0.0","2"
"B0165622","코스피200 C 202605   622.5 (주간)",,,,,,"0.00",,"0","0.0","2"
"B0165625","코스피200 C 202605   625.0 (야간)",,,,,,"0.00",,"0","0.0","56"
"B0165625","코스피200 C 202605   625.0 (주간)",,,,,,"0.00",,"0","0.0","56"
"B0165627","코스피200 C 202605   627.5 (야간)",,,,,,"0.00",,"0","0.0","2"
"B0165627","코스피200 C 202605   627.5 (주간)",,,,,,"0.00",,"0","0.0","2"
"B0165630","코스피200 C 202605   630.0 (야간)",,,,,,"0.00",,"0","0.0","0"
"B0165630","코스피200 C 202605   630.0 (주간)",,,,,,"0.00",,"0","0.0","0"
"B0165632","코스피200 C 202605   632.5 (야간)",,,,,,"0.00",,"0","0.0","1"
"B0165632","코스피200 C 202605   632.5 (주간)",,,,,,"0.00",,"0","0.0","1"
"B0165635","코스피200 C 202605   635.0 (야간)",,,,,,"0.00",,"0","0.0","1"
"B0165635","코스피200 C 202605   635.0 (주간)",,,,,,"0.00",,"0","0.0","1"
"B0165637","코스피200 C 202605   637.5 (야간)",,,,,,"0.00",,"0","0.0","1"
"B0165637","코스피200 C 202605   637.5 (주간)",,,,,,"0.00",,"0","0.0","1"
"B0165640","코스피200 C 202605   640.0 (야간)",,,,,,"0.00",,"0","0.0","1"
"B0165640","코스피200 C 202605   640.0 (주간)",,,,,,"0.00",,"0","0.0","1"
"B0165642","코스피200 C 202605   642.5 (야간)",,,,,,"0.00",,"0","0.0","2"
"B0165642","코스피200 C 202605   642.5 (주간)",,,,,,"0.00",,"0","0.0","2"
"B0165645","코스피200 C 202605   645.0 (야간)",,,,,,"0.00",,"0","0.0","1"
"B0165645","코스피200 C 202605   645.0 (주간)",,,,,,"0.00",,"0","0.0","1"
"B0165647","코스피200 C 202605   647.5 (야간)",,,,,,"0.00",,"0","0.0","1"
"B0165647","코스피200 C 202605   647.5 (주간)",,,,,,"0.00",,"0","0.0","1"
"B0165650","코스피200 C 202605   650.0 (야간)",,,,,,"0.00",,"0","0.0","201"
"B0165650","코스피200 C 202605   650.0 (주간)",,,,,,"0.00",,"0","0.0","201"
"B0165652","코스피200 C 202605   652.5 (야간)",,,,,,"0.00",,"0","0.0","7"
"B0165652","코스피200 C 202605   652.5 (주간)",,,,,,"0.00",,"0","0.0","7"
"B0165655","코스피200 C 202605   655.0 (야간)",,,,,,"0.00",,"0","0.0","0"
"B0165655","코스피200 C 202605   655.0 (주간)",,,,,,"0.00",,"0","0.0","0"
"B0165657","코스피200 C 202605   657.5 (야간)",,,,,,"0.00",,"0","0.0","1"
"B0165657","코스피200 C 202605   657.5 (주간)",,,,,,"0.00",,"0","0.0","1"
"B0165660","코스피200 C 202605   660.0 (야간)",,,,,,"0.00",,"0","0.0","4"
"B0165660","코스피200 C 202605   660.0 (주간)",,,,,,"0.00",,"0","0.0","4"
"B0165662","코스피200 C 202605   662.5 (야간)",,,,,,"0.00",,"0","0.0","2"
"B0165662","코스피200 C 202605   662.5 (주간)",,,,,,"0.00",,"0","0.0","2"
"B0165665","코스피200 C 202605   665.0 (야간)",,,,,,"0.00",,"0","0.0","2"
"B0165665","코스피200 C 202605   665.0 (주간)",,,,,,"0.00",,"0","0.0","2"
"B0165667","코스피200 C 202605   667.5 (야간)",,,,,,"0.00",,"0","0.0","3"
"B0165667","코스피200 C 202605   667.5 (주간)",,,,,,"0.00",,"0","0.0","3"
"B0165670","코스피200 C 202605   670.0 (야간)",,,,,,"0.00",,"0","0.0","0"
"B0165670","코스피200 C 202605   670.0 (주간)",,,,,,"0.00",,"0","0.0","0"
"B0165672","코스피200 C 202605   672.5 (야간)",,,,,,"0.00",,"0","0.0","2"
"B0165672","코스피200 C 202605   672.5 (주간)",,,,,,"0.00",,"0","0.0","2"
"B0165675","코스피200 C 202605   675.0 (야간)",,,,,,"0.00",,"0","0.0","2"
"B0165675","코스피200 C 202605   675.0 (주간)",,,,,,"0.00",,"0","0.0","2"
"B0165677","코스피200 C 202605   677.5 (야간)",,,,,,"0.00",,"0","0.0","1"
"B0165677","코스피200 C 202605   677.5 (주간)",,,,,,"0.00",,"0","0.0","1"
"B0165680","코스피200 C 202605   680.0 (야간)",,,,,,"0.00",,"0","0.0","1"
"B0165680","코스피200 C 202605   680.0 (주간)",,,,,,"0.00",,"0","0.0","1"
"B0165682","코스피200 C 202605   682.5 (야간)",,,,,,"0.00",,"0","0.0","3"
"B0165682","코스피200 C 202605   682.5 (주간)",,,,,,"0.00",,"0","0.0","3"
"B0165685","코스피200 C 202605   685.0 (야간)",,,,,,"0.00",,"0","0.0","1"
"B0165685","코스피200 C 202605   685.0 (주간)",,,,,,"0.00",,"0","0.0","1"
"B0165687","코스피200 C 202605   687.5 (야간)",,,,,,"0.00",,"0","0.0","0"
"B0165687","코스피200 C 202605   687.5 (주간)",,,,,,"0.00",,"0","0.0","0"
"B0165690","코스피200 C 202605   690.0 (야간)",,,,,,"0.00",,"0","0.0","5"
"B0165690","코스피200 C 202605   690.0 (주간)",,,,,,"0.00",,"0","0.0","5"
"B0165692","코스피200 C 202605   692.5 (야간)",,,,,,"0.00",,"0","0.0","2"
"B0165692","코스피200 C 202605   692.5 (주간)",,,,,,"0.00",,"0","0.0","2"
"B0165695","코스피200 C 202605   695.0 (야간)",,,,,,"0.00",,"0","0.0","0"
"B0165695","코스피200 C 202605   695.0 (주간)",,,,,,"0.00",,"0","0.0","0"
"B0165697","코스피200 C 202605   697.5 (야간)",,,,,,"0.00",,"0","0.0","1"
"B0165697","코스피200 C 202605   697.5 (주간)",,,,,,"0.00",,"0","0.0","1"
"B0165700","코스피200 C 202605   700.0 (야간)",,,,,,"0.00",,"0","0.0","8"
"B0165700","코스피200 C 202605   700.0 (주간)",,,,,,"0.00",,"0","0.0","8"
"B0165702","코스피200 C 202605   702.5 (야간)",,,,,,"0.00",,"0","0.0","1"
"B0165702","코스피200 C 202605   702.5 (주간)",,,,,,"0.00",,"0","0.0","1"
"B0165705","코스피200 C 202605   705.0 (야간)",,,,,,"0.00",,"0","0.0","0"
"B0165705","코스피200 C 202605   705.0 (주간)",,,,,,"0.00",,"0","0.0","0"
"B0165707","코스피200 C 202605   707.5 (야간)",,,,,,"0.00",,"0","0.0","0"
"B0165707","코스피200 C 202605   707.5 (주간)",,,,,,"0.00",,"0","0.0","0"
"B0165710","코스피200 C 202605   710.0 (야간)",,,,,,"0.00",,"0","0.0","6"
"B0165710","코스피200 C 202605   710.0 (주간)",,,,,,"0.00",,"0","0.0","6"
"B0165712","코스피200 C 202605   712.5 (야간)",,,,,,"0.00",,"0","0.0","0"
"B0165712","코스피200 C 202605   712.5 (주간)",,,,,,"0.00",,"0","0.0","0"
"B0165715","코스피200 C 202605   715.0 (야간)",,,,,,"0.00",,"0","0.0","12"
"B0165715","코스피200 C 202605   715.0 (주간)",,,,,,"0.00",,"0","0.0","12"
"B0165717","코스피200 C 202605   717.5 (야간)",,,,,,"0.00",,"0","0.0","0"
"B0165717","코스피200 C 202605   717.5 (주간)",,,,,,"0.00",,"0","0.0","0"
"B0165720","코스피200 C 202605   720.0 (야간)",,,,,,"0.00",,"0","0.0","1"
"B0165720","코스피200 C 202605   720.0 (주간)",,,,,,"0.00",,"0","0.0","1"
"B0165722","코스피200 C 202605   722.5 (야간)",,,,,,"0.00",,"0","0.0","0"
"B0165722","코스피200 C 202605   722.5 (주간)",,,,,,"0.00",,"0","0.0","0"
"B0165725","코스피200 C 202605   725.0 (야간)",,,,,,"0.00",,"0","0.0","2"
"B0165725","코스피200 C 202605   725.0 (주간)",,,,,,"0.00",,"0","0.0","2"
"B0165727","코스피200 C 202605   727.5 (야간)",,,,,,"0.00",,"0","0.0","0"
"B0165727","코스피200 C 202605   727.5 (주간)",,,,,,"0.00",,"0","0.0","0"
"B0165730","코스피200 C 202605   730.0 (야간)",,,,,,"0.00",,"0","0.0","1"
"B0165730","코스피200 C 202605   730.0 (주간)",,,,,,"0.00",,"0","0.0","1"
"B0165732","코스피200 C 202605   732.5 (야간)",,,,,,"0.00",,"0","0.0","0"
"B0165732","코스피200 C 202605   732.5 (주간)",,,,,,"0.00",,"0","0.0","0"
"B0165735","코스피200 C 202605   735.0 (야간)",,,,,,"0.00",,"0","0.0","4"
"B0165735","코스피200 C 202605   735.0 (주간)",,,,,,"0.00",,"0","0.0","4"
"B0165737","코스피200 C 202605   737.5 (야간)",,,,,,"0.00",,"0","0.0","0"
"B0165737","코스피200 C 202605   737.5 (주간)",,,,,,"0.00",,"0","0.0","0"
"B0165740","코스피200 C 202605   740.0 (야간)",,,,,,"0.00",,"0","0.0","7"
"B0165740","코스피200 C 202605   740.0 (주간)",,,,,,"0.00",,"0","0.0","7"
"B0165742","코스피200 C 202605   742.5 (야간)",,,,,,"0.00",,"0","0.0","1"
"B0165742","코스피200 C 202605   742.5 (주간)",,,,,,"0.00",,"0","0.0","1"
"B0165745","코스피200 C 202605   745.0 (야간)",,,,,,"0.00",,"0","0.0","7"
"B0165745","코스피200 C 202605   745.0 (주간)",,,,,,"0.00",,"0","0.0","7"
"B0165747","코스피200 C 202605   747.5 (야간)",,,,,,"0.00",,"0","0.0","1"
"B0165747","코스피200 C 202605   747.5 (주간)",,,,,,"0.00",,"0","0.0","1"
"B0165750","코스피200 C 202605   750.0 (야간)",,,,,,"0.00",,"0","0.0","18"
"B0165750","코스피200 C 202605   750.0 (주간)",,,,,,"0.00",,"0","0.0","18"
"B0165752","코스피200 C 202605   752.5 (야간)",,,,,,"0.00",,"0","0.0","1"
"B0165752","코스피200 C 202605   752.5 (주간)",,,,,,"0.00",,"0","0.0","1"
"B0165755","코스피200 C 202605   755.0 (야간)",,,,,,"0.00",,"0","0.0","4"
"B0165755","코스피200 C 202605   755.0 (주간)",,,,,,"0.00",,"0","0.0","4"
"B0165757","코스피200 C 202605   757.5 (야간)",,,,,,"0.00",,"0","0.0","2"
"B0165757","코스피200 C 202605   757.5 (주간)",,,,,,"0.00",,"0","0.0","2"
"B0165760","코스피200 C 202605   760.0 (야간)",,,,,,"0.00",,"0","0.0","24"
"B0165760","코스피200 C 202605   760.0 (주간)",,,,,,"0.00",,"0","0.0","24"
"B0165762","코스피200 C 202605   762.5 (야간)",,,,,,"0.00",,"0","0.0","2"
"B0165762","코스피200 C 202605   762.5 (주간)",,,,,,"0.00",,"0","0.0","2"
"B0165765","코스피200 C 202605   765.0 (야간)",,,,,,"0.00",,"0","0.0","11"
"B0165765","코스피200 C 202605   765.0 (주간)",,,,,,"0.00",,"0","0.0","11"
"B0165767","코스피200 C 202605   767.5 (야간)",,,,,,"0.00",,"0","0.0","4"
"B0165767","코스피200 C 202605   767.5 (주간)",,,,,,"0.00",,"0","0.0","4"
"B0165770","코스피200 C 202605   770.0 (야간)",,,,,,"0.00",,"0","0.0","255"
"B0165770","코스피200 C 202605   770.0 (주간)",,,,,,"0.00",,"0","0.0","255"
"B0165772","코스피200 C 202605   772.5 (야간)",,,,,,"0.00",,"0","0.0","1"
"B0165772","코스피200 C 202605   772.5 (주간)",,,,,,"0.00",,"0","0.0","1"
"B0165775","코스피200 C 202605   775.0 (야간)",,,,,,"0.00",,"0","0.0","42"
"B0165775","코스피200 C 202605   775.0 (주간)",,,,,,"0.00",,"0","0.0","42"
"B0165777","코스피200 C 202605   777.5 (야간)",,,,,,"0.00",,"0","0.0","1"
"B0165777","코스피200 C 202605   777.5 (주간)",,,,,,"0.00",,"0","0.0","1"
"B0165780","코스피200 C 202605   780.0 (야간)",,,,,,"0.00",,"0","0.0","85"
"B0165780","코스피200 C 202605   780.0 (주간)",,,,,,"0.00",,"0","0.0","85"
"B0165782","코스피200 C 202605   782.5 (야간)",,,,,,"0.00",,"0","0.0","3"
"B0165782","코스피200 C 202605   782.5 (주간)",,,,,,"0.00",,"0","0.0","3"
"B0165785","코스피200 C 202605   785.0 (야간)",,,,,,"0.00",,"0","0.0","2"
"B0165785","코스피200 C 202605   785.0 (주간)",,,,,,"0.00",,"0","0.0","2"
"B0165787","코스피200 C 202605   787.5 (야간)",,,,,,"0.00",,"0","0.0","4"
"B0165787","코스피200 C 202605   787.5 (주간)",,,,,,"0.00",,"0","0.0","4"
"B0165790","코스피200 C 202605   790.0 (야간)",,,,,,"0.00",,"0","0.0","23"
"B0165790","코스피200 C 202605   790.0 (주간)",,,,,,"0.00",,"0","0.0","23"
"B0165792","코스피200 C 202605   792.5 (야간)",,,,,,"0.00",,"0","0.0","6"
"B0165792","코스피200 C 202605   792.5 (주간)",,,,,,"0.00",,"0","0.0","6"
"B0165795","코스피200 C 202605   795.0 (야간)",,,,,,"0.00",,"0","0.0","1"
"B0165795","코스피200 C 202605   795.0 (주간)",,,,,,"0.00",,"0","0.0","1"
"B0165797","코스피200 C 202605   797.5 (야간)",,,,,,"0.00",,"0","0.0","0"
"B0165797","코스피200 C 202605   797.5 (주간)",,,,,,"0.00",,"0","0.0","0"
"B0165800","코스피200 C 202605   800.0 (야간)",,,,,,"0.00",,"0","0.0","1270"
"B0165800","코스피200 C 202605   800.0 (주간)",,,,,,"0.00",,"0","0.0","1270"
"B0165802","코스피200 C 202605   802.5 (야간)",,,,,,"0.00",,"0","0.0","9"
"B0165802","코스피200 C 202605   802.5 (주간)",,,,,,"0.00",,"0","0.0","9"
"B0165805","코스피200 C 202605   805.0 (야간)",,,,,,"0.00",,"0","0.0","19"
"B0165805","코스피200 C 202605   805.0 (주간)",,,,,,"0.00",,"0","0.0","19"
"B0165807","코스피200 C 202605   807.5 (야간)",,,,,,"0.00",,"0","0.0","0"
"B0165807","코스피200 C 202605   807.5 (주간)",,,,,,"0.00",,"0","0.0","0"
"B0165810","코스피200 C 202605   810.0 (야간)",,,,,,"0.00",,"0","0.0","1213"
"B0165810","코스피200 C 202605   810.0 (주간)",,,,,,"0.00",,"0","0.0","1213"
"B0165812","코스피200 C 202605   812.5 (야간)",,,,,,"0.00",,"0","0.0","28"
"B0165812","코스피200 C 202605   812.5 (주간)",,,,,,"0.00",,"0","0.0","28"
"B0165815","코스피200 C 202605   815.0 (야간)",,,,,,"0.00",,"0","0.0","71"
"B0165815","코스피200 C 202605   815.0 (주간)",,,,,,"0.00",,"0","0.0","71"
"B0165817","코스피200 C 202605   817.5 (야간)",,,,,,"0.00",,"0","0.0","18"
"B0165817","코스피200 C 202605   817.5 (주간)",,,,,,"0.00",,"0","0.0","18"
"B0165820","코스피200 C 202605   820.0 (야간)",,,,,,"0.00",,"0","0.0","101"
"B0165820","코스피200 C 202605   820.0 (주간)",,,,,,"0.00",,"0","0.0","101"
"B0165822","코스피200 C 202605   822.5 (야간)",,,,,,"0.00",,"0","0.0","153"
"B0165822","코스피200 C 202605   822.5 (주간)",,,,,,"0.00",,"0","0.0","153"
"B0165825","코스피200 C 202605   825.0 (야간)",,,,,,"0.00",,"0","0.0","151"
"B0165825","코스피200 C 202605   825.0 (주간)",,,,,,"0.00",,"0","0.0","151"
"B0165827","코스피200 C 202605   827.5 (야간)",,,,,,"0.00",,"0","0.0","14"
"B0165827","코스피200 C 202605   827.5 (주간)",,,,,,"0.00",,"0","0.0","14"
"B0165830","코스피200 C 202605   830.0 (야간)",,,,,,"0.00",,"0","0.0","969"
"B0165830","코스피200 C 202605   830.0 (주간)","116.00","20.30","118.35","118.35","116.00","0.00",,"7","205.0","965"
"B0165832","코스피200 C 202605   832.5 (야간)",,,,,,"0.00",,"0","0.0","70"
"B0165832","코스피200 C 202605   832.5 (주간)",,,,,,"0.00",,"0","0.0","70"
"B0165835","코스피200 C 202605   835.0 (야간)",,,,,,"0.00",,"0","0.0","61"
"B0165835","코스피200 C 202605   835.0 (주간)",,,,,,"0.00",,"0","0.0","61"
"B0165837","코스피200 C 202605   837.5 (야간)",,,,,,"0.00",,"0","0.0","45"
"B0165837","코스피200 C 202605   837.5 (주간)",,,,,,"0.00",,"0","0.0","45"
"B0165840","코스피200 C 202605   840.0 (야간)",,,,,,"0.00",,"0","0.0","1124"
"B0165840","코스피200 C 202605   840.0 (주간)",,,,,,"0.00",,"0","0.0","1124"
"B0165842","코스피200 C 202605   842.5 (야간)",,,,,,"0.00",,"0","0.0","10"
"B0165842","코스피200 C 202605   842.5 (주간)",,,,,,"0.00",,"0","0.0","10"
"B0165845","코스피200 C 202605   845.0 (야간)",,,,,,"0.00",,"0","0.0","31"
"B0165845","코스피200 C 202605   845.0 (주간)",,,,,,"0.00",,"0","0.0","31"
"B0165847","코스피200 C 202605   847.5 (야간)",,,,,,"0.00",,"0","0.0","10"
"B0165847","코스피200 C 202605   847.5 (주간)",,,,,,"0.00",,"0","0.0","10"
"B0165850","코스피200 C 202605   850.0 (야간)",,,,,,"0.00",,"0","0.0","1741"
"B0165850","코스피200 C 202605   850.0 (주간)",,,,,,"0.00",,"0","0.0","1741"
"B0165852","코스피200 C 202605   852.5 (야간)",,,,,,"0.00",,"0","0.0","6"
"B0165852","코스피200 C 202605   852.5 (주간)",,,,,,"0.00",,"0","0.0","6"
"B0165855","코스피200 C 202605   855.0 (야간)",,,,,,"0.00",,"0","0.0","14"
"B0165855","코스피200 C 202605   855.0 (주간)",,,,,,"0.00",,"0","0.0","14"
"B0165857","코스피200 C 202605   857.5 (야간)",,,,,,"0.00",,"0","0.0","5"
"B0165857","코스피200 C 202605   857.5 (주간)",,,,,,"0.00",,"0","0.0","5"
"B0165860","코스피200 C 202605   860.0 (야간)",,,,,,"0.00",,"0","0.0","374"
"B0165860","코스피200 C 202605   860.0 (주간)","93.50","17.50","95.45","95.45","93.50","0.00",,"2","47.0","372"
"B0165862","코스피200 C 202605   862.5 (야간)",,,,,,"0.00",,"0","0.0","23"
"B0165862","코스피200 C 202605   862.5 (주간)","92.60","19.10","92.60","92.60","92.60","0.00",,"1","23.0","22"
"B0165865","코스피200 C 202605   865.0 (야간)",,,,,,"0.00",,"0","0.0","147"
"B0165865","코스피200 C 202605   865.0 (주간)","89.85","18.95","89.85","89.85","89.85","0.00",,"1","22.0","146"
"B0165867","코스피200 C 202605   867.5 (야간)",,,,,,"0.00",,"0","0.0","137"
"B0165867","코스피200 C 202605   867.5 (주간)",,,,,,"0.00",,"0","0.0","137"
"B0165870","코스피200 C 202605   870.0 (야간)","74.00","11.90","66.00","74.00","66.00","0.00",,"2","35.0","4285"
"B0165870","코스피200 C 202605   870.0 (주간)","88.15","26.05","76.05","90.90","76.05","0.00",,"9","198.0","4288"
"B0165872","코스피200 C 202605   872.5 (야간)",,,,,,"0.00",,"0","0.0","51"
"B0165872","코스피200 C 202605   872.5 (주간)",,,,,,"0.00",,"0","0.0","51"
"B0165875","코스피200 C 202605   875.0 (야간)",,,,,,"0.00",,"0","0.0","234"
"B0165875","코스피200 C 202605   875.0 (주간)","78.00","17.95","78.00","78.00","78.00","0.00",,"1","20.0","234"
"B0165877","코스피200 C 202605   877.5 (야간)",,,,,,"0.00",,"0","0.0","275"
"B0165877","코스피200 C 202605   877.5 (주간)","82.55","23.75","82.55","82.55","82.55","0.00",,"1","21.0","275"
"B0165880","코스피200 C 202605   880.0 (야간)",,,,,,"0.00",,"0","0.0","1875"
"B0165880","코스피200 C 202605   880.0 (주간)","83.75","26.80","84.00","84.00","83.75","0.00",,"2","42.0","1873"
"B0165882","코스피200 C 202605   882.5 (야간)",,,,,,"0.00",,"0","0.0","159"
"B0165882","코스피200 C 202605   882.5 (주간)",,,,,,"0.00",,"0","0.0","159"
"B0165885","코스피200 C 202605   885.0 (야간)","64.00","9.80","64.00","64.00","64.00","0.00",,"1","16.0","173"
"B0165885","코스피200 C 202605   885.0 (주간)",,,,,,"0.00",,"0","0.0","173"
"B0165887","코스피200 C 202605   887.5 (야간)",,,,,,"0.00",,"0","0.0","70"
"B0165887","코스피200 C 202605   887.5 (주간)",,,,,,"0.00",,"0","0.0","70"
"B0165890","코스피200 C 202605   890.0 (야간)",,,,,,"0.00",,"0","0.0","988"
"B0165890","코스피200 C 202605   890.0 (주간)","76.00","20.00","75.00","78.00","75.00","0.00",,"6","115.0","985"
"B0165892","코스피200 C 202605   892.5 (야간)",,,,,,"0.00",,"0","0.0","245"
"B0165892","코스피200 C 202605   892.5 (주간)",,,,,,"0.00",,"0","0.0","245"
"B0165895","코스피200 C 202605   895.0 (야간)",,,,,,"0.00",,"0","0.0","175"
"B0165895","코스피200 C 202605   895.0 (주간)",,,,,,"0.00",,"0","0.0","175"
"B0165897","코스피200 C 202605   897.5 (야간)",,,,,,"0.00",,"0","0.0","105"
"B0165897","코스피200 C 202605   897.5 (주간)","70.00","22.55","67.00","70.00","67.00","0.00",,"2","34.0","105"
"B0165900","코스피200 C 202605   900.0 (야간)","63.00","15.60","50.00","63.00","48.85","0.00",,"19","260.0","3040"
"B0165900","코스피200 C 202605   900.0 (주간)","69.50","22.10","65.00","71.45","64.85","0.00",,"110","1918.0","2999"
"B0165902","코스피200 C 202605   902.5 (야간)",,,,,,"0.00",,"0","0.0","66"
"B0165902","코스피200 C 202605   902.5 (주간)",,,,,,"0.00",,"0","0.0","66"
"B0165905","코스피200 C 202605   905.0 (야간)","45.60","-2.90","46.00","46.65","45.60","0.00",,"8","93.0","213"
"B0165905","코스피200 C 202605   905.0 (주간)","66.60","18.10","67.05","67.50","66.60","0.00",,"5","84.0","215"
"B0165907","코스피200 C 202605   907.5 (야간)","45.55","1.40","45.50","45.65","45.50","0.00",,"6","68.0","125"
"B0165907","코스피200 C 202605   907.5 (주간)","67.00","22.85","67.00","67.00","67.00","0.00",,"5","84.0","125"
"B0165910","코스피200 C 202605   910.0 (야간)",,,,,,"0.00",,"0","0.0","986"
"B0165910","코스피200 C 202605   910.0 (주간)","61.70","22.80","61.70","61.70","61.70","0.00",,"1","15.0","986"
"B0165912","코스피200 C 202605   912.5 (야간)","47.00","5.25","46.05","47.00","46.05","0.00",,"10","116.0","302"
"B0165912","코스피200 C 202605   912.5 (주간)",,,,,,"0.00",,"0","0.0","302"
"B0165915","코스피200 C 202605   915.0 (야간)","50.00","10.95","41.15","50.00","41.00","0.00",,"9","96.0","199"
"B0165915","코스피200 C 202605   915.0 (주간)","58.65","19.60","58.30","58.70","58.00","0.00",,"4","58.0","199"
"B0165917","코스피200 C 202605   917.5 (야간)","43.50","4.85","41.00","43.50","41.00","0.00",,"3","31.0","48"
"B0165917","코스피200 C 202605   917.5 (주간)","56.20","17.55","56.20","56.20","56.20","0.00",,"1","14.0","48"
"B0165920","코스피200 C 202605   920.0 (야간)","50.60","13.80","39.65","50.60","39.65","0.00",,"19","206.0","334"
"B0165920","코스피200 C 202605   920.0 (주간)","56.80","20.00","54.85","56.80","54.85","0.00",,"13","180.0","344"
"B0165922","코스피200 C 202605   922.5 (야간)","43.00","5.60","42.85","43.35","42.85","0.00",,"4","43.0","35"
"B0165922","코스피200 C 202605   922.5 (주간)",,,,,,"0.00",,"0","0.0","35"
"B0165925","코스피200 C 202605   925.0 (야간)","43.05","8.10","39.45","43.05","39.45","0.00",,"3","31.0","142"
"B0165925","코스피200 C 202605   925.0 (주간)","51.65","16.70","51.65","51.65","51.65","0.00",,"1","13.0","142"
"B0165927","코스피200 C 202605   927.5 (야간)","36.60","1.90","36.60","36.60","36.60","0.00",,"1","9.0","97"
"B0165927","코스피200 C 202605   927.5 (주간)","51.50","16.80","51.50","51.50","51.50","0.00",,"1","13.0","97"
"B0165930","코스피200 C 202605   930.0 (야간)","47.00","13.50","35.80","47.70","35.00","0.00",,"13","133.0","603"
"B0165930","코스피200 C 202605   930.0 (주간)","51.80","18.30","51.10","54.15","51.10","0.00",,"13","171.0","595"
"B0165932","코스피200 C 202605   932.5 (야간)",,,,,,"0.00",,"0","0.0","54"
"B0165932","코스피200 C 202605   932.5 (주간)",,,,,,"0.00",,"0","0.0","54"
"B0165935","코스피200 C 202605   935.0 (야간)","35.20","4.00","35.20","35.20","35.20","0.00",,"1","9.0","53"
"B0165935","코스피200 C 202605   935.0 (주간)","47.20","16.00","47.20","47.20","47.20","0.00",,"1","12.0","53"
"B0165937","코스피200 C 202605   937.5 (야간)","41.50","8.20","41.50","41.50","41.50","0.00",,"1","10.0","38"
"B0165937","코스피200 C 202605   937.5 (주간)",,,,,,"0.00",,"0","0.0","38"
"B0165940","코스피200 C 202605   940.0 (야간)","38.10","9.10","31.75","38.10","31.75","0.00",,"4","33.0","979"
"B0165940","코스피200 C 202605   940.0 (주간)","47.00","18.00","44.25","49.10","44.25","0.00",,"110","1294.0","977"
"B0165942","코스피200 C 202605   942.5 (야간)","29.80","1.20","31.00","31.00","29.65","0.00",,"6","45.0","24"
"B0165942","코스피200 C 202605   942.5 (주간)",,,,,,"0.00",,"0","0.0","24"
"B0165945","코스피200 C 202605   945.0 (야간)","31.35","1.00","31.35","31.35","31.35","0.00",,"3","24.0","154"
"B0165945","코스피200 C 202605   945.0 (주간)",,,,,,"0.00",,"0","0.0","154"
"B0165947","코스피200 C 202605   947.5 (야간)",,,,,,"0.00",,"0","0.0","69"
"B0165947","코스피200 C 202605   947.5 (주간)","45.00","15.55","45.00","45.00","45.00","0.00",,"1","11.0","70"
"B0165950","코스피200 C 202605   950.0 (야간)","36.00","10.00","28.20","36.00","27.25","0.00",,"42","310.0","1425"
"B0165950","코스피200 C 202605   950.0 (주간)","42.50","16.50","35.25","44.75","35.25","0.00",,"202","2111.0","1462"
"B0165952","코스피200 C 202605   952.5 (야간)","28.85","3.05","26.30","28.85","26.30","0.00",,"2","14.0","39"
"B0165952","코스피200 C 202605   952.5 (주간)","40.65","14.85","40.65","40.65","40.65","0.00",,"1","10.0","38"
"B0165955","코스피200 C 202605   955.0 (야간)","27.20","0.70","25.80","27.90","25.80","0.00",,"8","54.0","163"
"B0165955","코스피200 C 202605   955.0 (주간)","40.50","14.00","40.50","40.50","40.50","0.00",,"1","10.0","162"
"B0165957","코스피200 C 202605   957.5 (야간)",,,,,,"0.00",,"0","0.0","58"
"B0165957","코스피200 C 202605   957.5 (주간)",,,,,,"0.00",,"0","0.0","58"
"B0165960","코스피200 C 202605   960.0 (야간)","28.10","5.50","24.65","28.10","24.65","0.00",,"8","51.0","310"
"B0165960","코스피200 C 202605   960.0 (주간)","37.85","15.25","34.50","40.20","34.50","0.00",,"45","420.0","327"
"B0165962","코스피200 C 202605   962.5 (야간)","32.00","6.70","25.55","32.00","25.55","0.00",,"2","14.0","28"
"B0165962","코스피200 C 202605   962.5 (주간)",,,,,,"0.00",,"0","0.0","28"
"B0165965","코스피200 C 202605   965.0 (야간)","24.95","0.95","23.05","24.95","22.45","0.00",,"9","53.0","104"
"B0165965","코스피200 C 202605   965.0 (주간)","38.00","14.00","36.45","38.00","36.45","0.00",,"2","19.0","102"
"B0165967","코스피200 C 202605   967.5 (야간)",,,,,,"0.00",,"0","0.0","56"
"B0165967","코스피200 C 202605   967.5 (주간)",,,,,,"0.00",,"0","0.0","56"
"B0165970","코스피200 C 202605   970.0 (야간)","29.85","9.05","21.70","29.85","21.25","0.00",,"23","135.0","427"
"B0165970","코스피200 C 202605   970.0 (주간)","35.50","14.70","28.95","36.00","28.95","0.00",,"88","739.0","418"
"B0165972","코스피200 C 202605   972.5 (야간)","20.80","0.55","20.80","20.80","20.80","0.00",,"4","21.0","77"
"B0165972","코스피200 C 202605   972.5 (주간)",,,,,,"0.00",,"0","0.0","77"
"B0165975","코스피200 C 202605   975.0 (야간)","23.35","5.00","20.55","23.55","19.95","0.00",,"19","104.0","357"
"B0165975","코스피200 C 202605   975.0 (주간)","37.25","18.90","28.70","37.25","28.70","0.00",,"2","16.0","357"
"B0165977","코스피200 C 202605   977.5 (야간)","21.40","0.90","19.05","21.40","19.05","0.00",,"4","20.0","63"
"B0165977","코스피200 C 202605   977.5 (주간)","30.90","10.40","30.90","30.90","30.90","0.00",,"2","15.0","65"
"B0165980","코스피200 C 202605   980.0 (야간)","26.00","8.35","19.50","26.00","18.65","0.00",,"24","126.0","2756"
"B0165980","코스피200 C 202605   980.0 (주간)","31.35","13.70","28.00","32.65","28.00","0.00",,"86","682.0","2754"
"B0165982","코스피200 C 202605   982.5 (야간)","18.35","0.20","18.20","18.35","18.20","0.00",,"4","18.0","11"
"B0165982","코스피200 C 202605   982.5 (주간)",,,,,,"0.00",,"0","0.0","11"
"B0165985","코스피200 C 202605   985.0 (야간)","20.45","2.25","17.85","20.50","17.80","0.00",,"12","57.0","201"
"B0165985","코스피200 C 202605   985.0 (주간)","28.10","9.90","21.25","28.10","21.25","0.00",,"2","12.0","199"
"B0165987","코스피200 C 202605   987.5 (야간)","17.70","1.20","17.30","17.70","16.80","0.00",,"4","17.0","37"
"B0165987","코스피200 C 202605   987.5 (주간)",,,,,,"0.00",,"0","0.0","37"
"B0165990","코스피200 C 202605   990.0 (야간)","23.00","6.70","17.45","23.00","16.30","0.00",,"44","206.0","749"
"B0165990","코스피200 C 202605   990.0 (주간)","28.40","12.10","25.40","31.00","25.40","0.00",,"16","114.0","755"
"B0165992","코스피200 C 202605   992.5 (야간)","20.00","5.00","15.75","20.00","15.75","0.00",,"14","65.0","69"
"B0165992","코스피200 C 202605   992.5 (주간)",,,,,,"0.00",,"0","0.0","69"
"B0165995","코스피200 C 202605   995.0 (야간)","19.50","5.00","16.60","19.55","15.65","0.00",,"11","49.0","78"
"B0165995","코스피200 C 202605   995.0 (주간)","20.95","6.45","20.95","20.95","20.95","0.00",,"1","5.0","77"
"B0165997","코스피200 C 202605   997.5 (야간)","17.90","3.40","15.90","17.90","15.90","0.00",,"7","29.0","64"
"B0165997","코스피200 C 202605   997.5 (주간)","24.00","9.50","24.25","24.25","24.00","0.00",,"3","18.0","66"
"B0165A01","코스피200 C 202605 1,000.0 (야간)","20.30","6.60","15.20","20.30","14.40","0.00",,"107","435.0","2663"
"B0165A01","코스피200 C 202605 1,000.0 (주간)","25.60","11.90","21.30","26.90","21.10","0.00",,"350","2206.0","2682"
"B0165A07","코스피200 C 202605 1,002.5 (야간)","15.95","2.70","14.05","15.95","14.00","0.00",,"22","86.0","35"
"B0165A07","코스피200 C 202605 1,002.5 (주간)",,,,,,"0.00",,"0","0.0","35"
"B0165A02","코스피200 C 202605 1,005.0 (야간)","16.00","2.85","14.10","16.00","13.80","0.00",,"12","43.0","47"
"B0165A02","코스피200 C 202605 1,005.0 (주간)","24.40","11.25","22.70","24.70","21.65","0.00",,"16","91.0","54"
"B0165A08","코스피200 C 202605 1,007.5 (야간)","14.60","2.40","14.65","14.95","14.60","0.00",,"3","11.0","100"
"B0165A08","코스피200 C 202605 1,007.5 (주간)","23.85","11.65","22.00","23.85","21.95","0.00",,"6","34.0","102"
"B0165A03","코스피200 C 202605 1,010.0 (야간)","15.70","3.90","13.50","15.70","12.85","0.00",,"19","64.0","192"
"B0165A03","코스피200 C 202605 1,010.0 (주간)","22.60","10.80","20.00","23.55","19.50","0.00",,"28","145.0","188"
"B0165A09","코스피200 C 202605 1,012.5 (야간)","14.90","3.10","12.55","14.90","12.15","0.00",,"8","26.0","48"
"B0165A09","코스피200 C 202605 1,012.5 (주간)","22.00","10.20","20.00","22.00","20.00","0.00",,"9","46.0","44"
"B0165A04","코스피200 C 202605 1,015.0 (야간)","13.20","1.75","12.55","13.20","12.00","0.00",,"19","59.0","52"
"B0165A04","코스피200 C 202605 1,015.0 (주간)","21.85","10.40","22.35","22.40","21.85","0.00",,"5","28.0","54"
"B0165A10","코스피200 C 202605 1,017.5 (야간)","13.30","2.20","12.20","13.30","11.40","0.00",,"22","66.0","72"
"B0165A10","코스피200 C 202605 1,017.5 (주간)","21.70","10.60","21.15","21.70","21.15","0.00",,"4","22.0","74"
"B0165A05","코스피200 C 202605 1,020.0 (야간)","16.00","5.35","11.95","16.00","10.90","0.00",,"66","197.0","1808"
"B0165A05","코스피200 C 202605 1,020.0 (주간)","20.00","9.35","16.80","22.35","16.05","0.00",,"57","273.0","1795"
"B0165A11","코스피200 C 202605 1,022.5 (야간)","15.00","4.90","11.40","15.00","10.60","0.00",,"53","154.0","764"
"B0165A11","코스피200 C 202605 1,022.5 (주간)","19.95","9.85","16.40","23.85","16.35","0.00",,"38","176.0","768"
"B0165A06","코스피200 C 202605 1,025.0 (야간)","14.95","4.95","10.60","15.25","10.45","0.00",,"753","2288.0","6185"
"B0165A06","코스피200 C 202605 1,025.0 (주간)","19.10","9.10","15.80","20.00","15.50","0.00",,"1984","9047.0","6255"
"B0166180","코스피200 C 202606   180.0 (야간)",,,,,,"0.00",,"0","0.0","12"
"B0166180","코스피200 C 202606   180.0 (주간)",,,,,,"0.00",,"0","0.0","12"
"B0166182","코스피200 C 202606   182.5 (야간)",,,,,,"0.00",,"0","0.0","0"
"B0166182","코스피200 C 202606   182.5 (주간)",,,,,,"0.00",,"0","0.0","0"
"B0166185","코스피200 C 202606   185.0 (야간)",,,,,,"0.00",,"0","0.0","0"
"B0166185","코스피200 C 202606   185.0 (주간)",,,,,,"0.00",,"0","0.0","0"
"B0166187","코스피200 C 202606   187.5 (야간)",,,,,,"0.00",,"0","0.0","0"
"B0166187","코스피200 C 202606   187.5 (주간)",,,,,,"0.00",,"0","0.0","0"
"B0166190","코스피200 C 202606   190.0 (야간)",,,,,,"0.00",,"0","0.0","0"
"B0166190","코스피200 C 202606   190.0 (주간)",,,,,,"0.00",,"0","0.0","0"
"B0166192","코스피200 C 202606   192.5 (야간)",,,,,,"0.00",,"0","0.0","0"
"B0166192","코스피200 C 202606   192.5 (주간)",,,,,,"0.00",,"0","0.0","0"
"B0166195","코스피200 C 202606   195.0 (야간)",,,,,,"0.00",,"0","0.0","0"
"B0166195","코스피200 C 202606   195.0 (주간)",,,,,,"0.00",,"0","0.0","0"
"B0166197","코스피200 C 202606   197.5 (야간)",,,,,,"0.00",,"0","0.0","0"
"B0166197","코스피200 C 202606   197.5 (주간)",,,,,,"0.00",,"0","0.0","0"
"B0166200","코스피200 C 202606   200.0 (야간)",,,,,,"0.00",,"0","0.0","0"
"B0166200","코스피200 C 202606   200.0 (주간)",,,,,,"0.00",,"0","0.0","0"
"B0166202","코스피200 C 202606   202.5 (야간)",,,,,,"0.00",,"0","0.0","0"
"B0166202","코스피200 C 202606   202.5 (주간)",,,,,,"0.00",,"0","0.0","0"
"B0166205","코스피200 C 202606   205.0 (야간)",,,,,,"0.00",,"0","0.0","0"
"B0166205","코스피200 C 202606   205.0 (주간)",,,,,,"0.00",,"0","0.0","0"
"B0166207","코스피200 C 202606   207.5 (야간)",,,,,,"0.00",,"0","0.0","0"
"B0166207","코스피200 C 202606   207.5 (주간)",,,,,,"0.00",,"0","0.0","0"
"B0166210","코스피200 C 202606   210.0 (야간)",,,,,,"0.00",,"0","0.0","0"
"B0166210","코스피200 C 202606   210.0 (주간)",,,,,,"0.00",,"0","0.0","0"
"B0166212","코스피200 C 202606   212.5 (야간)",,,,,,"0.00",,"0","0.0","0"
"B0166212","코스피200 C 202606   212.5 (주간)",,,,,,"0.00",,"0","0.0","0"
"B0166215","코스피200 C 202606   215.0 (야간)",,,,,,"0.00",,"0","0.0","0"
"B0166215","코스피200 C 202606   215.0 (주간)",,,,,,"0.00",,"0","0.0","0"
"B0166217","코스피200 C 202606   217.5 (야간)",,,,,,"0.00",,"0","0.0","0"
"B0166217","코스피200 C 202606   217.5 (주간)",,,,,,"0.00",,"0","0.0","0"
"B0166220","코스피200 C 202606   220.0 (야간)",,,,,,"0.00",,"0","0.0","0"
"B0166220","코스피200 C 202606   220.0 (주간)",,,,,,"0.00",,"0","0.0","0"
"B0166222","코스피200 C 202606   222.5 (야간)",,,,,,"0.00",,"0","0.0","0"
"B0166222","코스피200 C 202606   222.5 (주간)",,,,,,"0.00",,"0","0.0","0"
"B0166225","코스피200 C 202606   225.0 (야간)",,,,,,"0.00",,"0","0.0","0"
"B0166225","코스피200 C 202606   225.0 (주간)",,,,,,"0.00",,"0","0.0","0"
"B0166227","코스피200 C 202606   227.5 (야간)",,,,,,"0.00",,"0","0.0","0"
"B0166227","코스피200 C 202606   227.5 (주간)",,,,,,"0.00",,"0","0.0","0"
"B0166230","코스피200 C 202606   230.0 (야간)",,,,,,"0.00",,"0","0.0","1"
"B0166230","코스피200 C 202606   230.0 (주간)",,,,,,"0.00",,"0","0.0","1"
"B0166232","코스피200 C 202606   232.5 (야간)",,,,,,"0.00",,"0","0.0","0"
"B0166232","코스피200 C 202606   232.5 (주간)",,,,,,"0.00",,"0","0.0","0"
"B0166235","코스피200 C 202606   235.0 (야간)",,,,,,"0.00",,"0","0.0","0"
"B0166235","코스피200 C 202606   235.0 (주간)",,,,,,"0.00",,"0","0.0","0"
"B0166237","코스피200 C 202606   237.5 (야간)",,,,,,"0.00",,"0","0.0","0"
"B0166237","코스피200 C 202606   237.5 (주간)",,,,,,"0.00",,"0","0.0","0"
"B0166240","코스피200 C 202606   240.0 (야간)",,,,,,"0.00",,"0","0.0","0"
"B0166240","코스피200 C 202606   240.0 (주간)",,,,,,"0.00",,"0","0.0","0"
"B0166242","코스피200 C 202606   242.5 (야간)",,,,,,"0.00",,"0","0.0","0"
"B0166242","코스피200 C 202606   242.5 (주간)",,,,,,"0.00",,"0","0.0","0"
"B0166245","코스피200 C 202606   245.0 (야간)",,,,,,"0.00",,"0","0.0","0"
"B0166245","코스피200 C 202606   245.0 (주간)",,,,,,"0.00",,"0","0.0","0"
"B0166247","코스피200 C 202606   247.5 (야간)",,,,,,"0.00",,"0","0.0","0"
"B0166247","코스피200 C 202606   247.5 (주간)",,,,,,"0.00",,"0","0.0","0"
"B0166250","코스피200 C 202606   250.0 (야간)",,,,,,"0.00",,"0","0.0","0"
"B0166250","코스피200 C 202606   250.0 (주간)",,,,,,"0.00",,"0","0.0","0"
"B0166252","코스피200 C 202606   252.5 (야간)",,,,,,"0.00",,"0","0.0","0"
"B0166252","코스피200 C 202606   252.5 (주간)",,,,,,"0.00",,"0","0.0","0"
"B0166255","코스피200 C 202606   255.0 (야간)",,,,,,"0.00",,"0","0.0","0"
"B0166255","코스피200 C 202606   255.0 (주간)",,,,,,"0.00",,"0","0.0","0"
"B0166257","코스피200 C 202606   257.5 (야간)",,,,,,"0.00",,"0","0.0","0"
"B0166257","코스피200 C 202606   257.5 (주간)",,,,,,"0.00",,"0","0.0","0"
"B0166260","코스피200 C 202606   260.0 (야간)",,,,,,"0.00",,"0","0.0","35"
"B0166260","코스피200 C 202606   260.0 (주간)",,,,,,"0.00",,"0","0.0","35"
"B0166262","코스피200 C 202606   262.5 (야간)",,,,,,"0.00",,"0","0.0","0"
"B0166262","코스피200 C 202606   262.5 (주간)",,,,,,"0.00",,"0","0.0","0"
"B0166265","코스피200 C 202606   265.0 (야간)",,,,,,"0.00",,"0","0.0","0"
"B0166265","코스피200 C 202606   265.0 (주간)",,,,,,"0.00",,"0","0.0","0"
"B0166267","코스피200 C 202606   267.5 (야간)",,,,,,"0.00",,"0","0.0","0"
"B0166267","코스피200 C 202606   267.5 (주간)",,,,,,"0.00",,"0","0.0","0"
"B0166270","코스피200 C 202606   270.0 (야간)",,,,,,"0.00",,"0","0.0","0"
"B0166270","코스피200 C 202606   270.0 (주간)",,,,,,"0.00",,"0","0.0","0"
"B0166272","코스피200 C 202606   272.5 (야간)",,,,,,"0.00",,"0","0.0","0"
"B0166272","코스피200 C 202606   272.5 (주간)",,,,,,"0.00",,"0","0.0","0"
"B0166275","코스피200 C 202606   275.0 (야간)",,,,,,"0.00",,"0","0.0","0"
"B0166275","코스피200 C 202606   275.0 (주간)",,,,,,"0.00",,"0","0.0","0"
"B0166277","코스피200 C 202606   277.5 (야간)",,,,,,"0.00",,"0","0.0","0"
"B0166277","코스피200 C 202606   277.5 (주간)",,,,,,"0.00",,"0","0.0","0"
"B0166280","코스피200 C 202606   280.0 (야간)",,,,,,"0.00",,"0","0.0","0"
"B0166280","코스피200 C 202606   280.0 (주간)",,,,,,"0.00",,"0","0.0","0"
"B0166282","코스피200 C 202606   282.5 (야간)",,,,,,"0.00",,"0","0.0","0"
"B0166282","코스피200 C 202606   282.5 (주간)",,,,,,"0.00",,"0","0.0","0"
"B0166285","코스피200 C 202606   285.0 (야간)",,,,,,"0.00",,"0","0.0","0"
"B0166285","코스피200 C 202606   285.0 (주간)",,,,,,"0.00",,"0","0.0","0"
"B0166287","코스피200 C 202606   287.5 (야간)",,,,,,"0.00",,"0","0.0","0"
"B0166287","코스피200 C 202606   287.5 (주간)",,,,,,"0.00",,"0","0.0","0"
"B0166290","코스피200 C 202606   290.0 (야간)",,,,,,"0.00",,"0","0.0","0"
"B0166290","코스피200 C 202606   290.0 (주간)",,,,,,"0.00",,"0","0.0","0"
"B0166292","코스피200 C 202606   292.5 (야간)",,,,,,"0.00",,"0","0.0","0"
"B0166292","코스피200 C 202606   292.5 (주간)",,,,,,"0.00",,"0","0.0","0"
"B0166295","코스피200 C 202606   295.0 (야간)",,,,,,"0.00",,"0","0.0","0"
"B0166295","코스피200 C 202606   295.0 (주간)",,,,,,"0.00",,"0","0.0","0"
"B0166297","코스피200 C 202606   297.5 (야간)",,,,,,"0.00",,"0","0.0","0"
"B0166297","코스피200 C 202606   297.5 (주간)",,,,,,"0.00",,"0","0.0","0"
"B0166300","코스피200 C 202606   300.0 (야간)",,,,,,"0.00",,"0","0.0","100"
"B0166300","코스피200 C 202606   300.0 (주간)",,,,,,"0.00",,"0","0.0","100"
"B0166302","코스피200 C 202606   302.5 (야간)",,,,,,"0.00",,"0","0.0","0"
"B0166302","코스피200 C 202606   302.5 (주간)",,,,,,"0.00",,"0","0.0","0"
"B0166305","코스피200 C 202606   305.0 (야간)",,,,,,"0.00",,"0","0.0","0"
"B0166305","코스피200 C 202606   305.0 (주간)",,,,,,"0.00",,"0","0.0","0"
"B0166307","코스피200 C 202606   307.5 (야간)",,,,,,"0.00",,"0","0.0","0"
"B0166307","코스피200 C 202606   307.5 (주간)",,,,,,"0.00",,"0","0.0","0"
"B0166310","코스피200 C 202606   310.0 (야간)",,,,,,"0.00",,"0","0.0","0"
"B0166310","코스피200 C 202606   310.0 (주간)",,,,,,"0.00",,"0","0.0","0"
"B0166312","코스피200 C 202606   312.5 (야간)",,,,,,"0.00",,"0","0.0","0"
"B0166312","코스피200 C 202606   312.5 (주간)",,,,,,"0.00",,"0","0.0","0"
"B0166315","코스피200 C 202606   315.0 (야간)",,,,,,"0.00",,"0","0.0","0"
"B0166315","코스피200 C 202606   315.0 (주간)",,,,,,"0.00",,"0","0.0","0"
"B0166317","코스피200 C 202606   317.5 (야간)",,,,,,"0.00",,"0","0.0","0"
"B0166317","코스피200 C 202606   317.5 (주간)",,,,,,"0.00",,"0","0.0","0"
"B0166320","코스피200 C 202606   320.0 (야간)",,,,,,"0.00",,"0","0.0","400"
"B0166320","코스피200 C 202606   320.0 (주간)",,,,,,"0.00",,"0","0.0","400"
"B0166322","코스피200 C 202606   322.5 (야간)",,,,,,"0.00",,"0","0.0","0"
"B0166322","코스피200 C 202606   322.5 (주간)",,,,,,"0.00",,"0","0.0","0"
"B0166325","코스피200 C 202606   325.0 (야간)",,,,,,"0.00",,"0","0.0","0"
"B0166325","코스피200 C 202606   325.0 (주간)",,,,,,"0.00",,"0","0.0","0"
"B0166327","코스피200 C 202606   327.5 (야간)",,,,,,"0.00",,"0","0.0","0"
"B0166327","코스피200 C 202606   327.5 (주간)",,,,,,"0.00",,"0","0.0","0"
"B0166330","코스피200 C 202606   330.0 (야간)",,,,,,"0.00",,"0","0.0","602"
"B0166330","코스피200 C 202606   330.0 (주간)",,,,,,"0.00",,"0","0.0","602"
"B0166332","코스피200 C 202606   332.5 (야간)",,,,,,"0.00",,"0","0.0","0"
"B0166332","코스피200 C 202606   332.5 (주간)",,,,,,"0.00",,"0","0.0","0"
"B0166335","코스피200 C 202606   335.0 (야간)",,,,,,"0.00",,"0","0.0","3"
"B0166335","코스피200 C 202606   335.0 (주간)",,,,,,"0.00",,"0","0.0","3"
"B0166337","코스피200 C 202606   337.5 (야간)",,,,,,"0.00",,"0","0.0","0"
"B0166337","코스피200 C 202606   337.5 (주간)",,,,,,"0.00",,"0","0.0","0"
"B0166340","코스피200 C 202606   340.0 (야간)",,,,,,"0.00",,"0","0.0","816"
"B0166340","코스피200 C 202606   340.0 (주간)",,,,,,"0.00",,"0","0.0","816"
"B0166342","코스피200 C 202606   342.5 (야간)",,,,,,"0.00",,"0","0.0","0"
"B0166342","코스피200 C 202606   342.5 (주간)",,,,,,"0.00",,"0","0.0","0"
"B0166345","코스피200 C 202606   345.0 (야간)",,,,,,"0.00",,"0","0.0","212"
"B0166345","코스피200 C 202606   345.0 (주간)",,,,,,"0.00",,"0","0.0","212"
"B0166347","코스피200 C 202606   347.5 (야간)",,,,,,"0.00",,"0","0.0","0"
"B0166347","코스피200 C 202606   347.5 (주간)",,,,,,"0.00",,"0","0.0","0"
"B0166350","코스피200 C 202606   350.0 (야간)",,,,,,"0.00",,"0","0.0","720"
"B0166350","코스피200 C 202606   350.0 (주간)",,,,,,"0.00",,"0","0.0","720"
"B0166352","코스피200 C 202606   352.5 (야간)",,,,,,"0.00",,"0","0.0","0"
"B0166352","코스피200 C 202606   352.5 (주간)",,,,,,"0.00",,"0","0.0","0"
"B0166355","코스피200 C 202606   355.0 (야간)",,,,,,"0.00",,"0","0.0","0"
"B0166355","코스피200 C 202606   355.0 (주간)",,,,,,"0.00",,"0","0.0","0"
"B0166357","코스피200 C 202606   357.5 (야간)",,,,,,"0.00",,"0","0.0","0"
"B0166357","코스피200 C 202606   357.5 (주간)",,,,,,"0.00",,"0","0.0","0"
"B0166360","코스피200 C 202606   360.0 (야간)",,,,,,"0.00",,"0","0.0","207"
"B0166360","코스피200 C 202606   360.0 (주간)",,,,,,"0.00",,"0","0.0","207"
"B0166362","코스피200 C 202606   362.5 (야간)",,,,,,"0.00",,"0","0.0","0"
"B0166362","코스피200 C 202606   362.5 (주간)",,,,,,"0.00",,"0","0.0","0"
"B0166365","코스피200 C 202606   365.0 (야간)",,,,,,"0.00",,"0","0.0","0"
"B0166365","코스피200 C 202606   365.0 (주간)",,,,,,"0.00",,"0","0.0","0"
"B0166367","코스피200 C 202606   367.5 (야간)",,,,,,"0.00",,"0","0.0","0"
"B0166367","코스피200 C 202606   367.5 (주간)",,,,,,"0.00",,"0","0.0","0"
"B0166370","코스피200 C 202606   370.0 (야간)",,,,,,"0.00",,"0","0.0","400"
"B0166370","코스피200 C 202606   370.0 (주간)",,,,,,"0.00",,"0","0.0","400"
"B0166372","코스피200 C 202606   372.5 (야간)",,,,,,"0.00",,"0","0.0","0"
"B0166372","코스피200 C 202606   372.5 (주간)",,,,,,"0.00",,"0","0.0","0"
"B0166375","코스피200 C 202606   375.0 (야간)",,,,,,"0.00",,"0","0.0","0"
"B0166375","코스피200 C 202606   375.0 (주간)",,,,,,"0.00",,"0","0.0","0"
"B0166377","코스피200 C 202606   377.5 (야간)",,,,,,"0.00",,"0","0.0","0"
"B0166377","코스피200 C 202606   377.5 (주간)",,,,,,"0.00",,"0","0.0","0"
"B0166380","코스피200 C 202606   380.0 (야간)",,,,,,"0.00",,"0","0.0","1714"
"B0166380","코스피200 C 202606   380.0 (주간)",,,,,,"0.00",,"0","0.0","1714"
"B0166382","코스피200 C 202606   382.5 (야간)",,,,,,"0.00",,"0","0.0","0"
"B0166382","코스피200 C 202606   382.5 (주간)",,,,,,"0.00",,"0","0.0","0"
"B0166385","코스피200 C 202606   385.0 (야간)",,,,,,"0.00",,"0","0.0","0"
"B0166385","코스피200 C 202606   385.0 (주간)",,,,,,"0.00",,"0","0.0","0"
"B0166387","코스피200 C 202606   387.5 (야간)",,,,,,"0.00",,"0","0.0","0"
"B0166387","코스피200 C 202606   387.5 (주간)",,,,,,"0.00",,"0","0.0","0"
"B0166390","코스피200 C 202606   390.0 (야간)",,,,,,"0.00",,"0","0.0","300"
"B0166390","코스피200 C 202606   390.0 (주간)",,,,,,"0.00",,"0","0.0","300"
"B0166392","코스피200 C 202606   392.5 (야간)",,,,,,"0.00",,"0","0.0","0"
"B0166392","코스피200 C 202606   392.5 (주간)",,,,,,"0.00",,"0","0.0","0"
"B0166395","코스피200 C 202606   395.0 (야간)",,,,,,"0.00",,"0","0.0","0"
"B0166395","코스피200 C 202606   395.0 (주간)",,,,,,"0.00",,"0","0.0","0"
"B0166397","코스피200 C 202606   397.5 (야간)",,,,,,"0.00",,"0","0.0","0"
"B0166397","코스피200 C 202606   397.5 (주간)",,,,,,"0.00",,"0","0.0","0"
"B0166400","코스피200 C 202606   400.0 (야간)",,,,,,"0.00",,"0","0.0","5408"
"B0166400","코스피200 C 202606   400.0 (주간)",,,,,,"0.00",,"0","0.0","5408"
"B0166402","코스피200 C 202606   402.5 (야간)",,,,,,"0.00",,"0","0.0","0"
"B0166402","코스피200 C 202606   402.5 (주간)",,,,,,"0.00",,"0","0.0","0"
"B0166405","코스피200 C 202606   405.0 (야간)",,,,,,"0.00",,"0","0.0","513"
"B0166405","코스피200 C 202606   405.0 (주간)",,,,,,"0.00",,"0","0.0","513"
"B0166407","코스피200 C 202606   407.5 (야간)",,,,,,"0.00",,"0","0.0","0"
"B0166407","코스피200 C 202606   407.5 (주간)",,,,,,"0.00",,"0","0.0","0"
"B0166410","코스피200 C 202606   410.0 (야간)",,,,,,"0.00",,"0","0.0","510"
"B0166410","코스피200 C 202606   410.0 (주간)",,,,,,"0.00",,"0","0.0","510"
"B0166412","코스피200 C 202606   412.5 (야간)",,,,,,"0.00",,"0","0.0","0"
"B0166412","코스피200 C 202606   412.5 (주간)",,,,,,"0.00",,"0","0.0","0"
"B0166415","코스피200 C 202606   415.0 (야간)",,,,,,"0.00",,"0","0.0","3"
"B0166415","코스피200 C 202606   415.0 (주간)",,,,,,"0.00",,"0","0.0","3"
"B0166417","코스피200 C 202606   417.5 (야간)",,,,,,"0.00",,"0","0.0","0"
"B0166417","코스피200 C 202606   417.5 (주간)",,,,,,"0.00",,"0","0.0","0"
"B0166420","코스피200 C 202606   420.0 (야간)",,,,,,"0.00",,"0","0.0","1001"
"B0166420","코스피200 C 202606   420.0 (주간)",,,,,,"0.00",,"0","0.0","1001"
"B0166422","코스피200 C 202606   422.5 (야간)",,,,,,"0.00",,"0","0.0","0"
"B0166422","코스피200 C 202606   422.5 (주간)",,,,,,"0.00",,"0","0.0","0"
"B0166425","코스피200 C 202606   425.0 (야간)",,,,,,"0.00",,"0","0.0","250"
"B0166425","코스피200 C 202606   425.0 (주간)",,,,,,"0.00",,"0","0.0","250"
"B0166427","코스피200 C 202606   427.5 (야간)",,,,,,"0.00",,"0","0.0","0"
"B0166427","코스피200 C 202606   427.5 (주간)",,,,,,"0.00",,"0","0.0","0"
"B0166430","코스피200 C 202606   430.0 (야간)",,,,,,"0.00",,"0","0.0","6"
"B0166430","코스피200 C 202606   430.0 (주간)",,,,,,"0.00",,"0","0.0","6"
"B0166432","코스피200 C 202606   432.5 (야간)",,,,,,"0.00",,"0","0.0","0"
"B0166432","코스피200 C 202606   432.5 (주간)",,,,,,"0.00",,"0","0.0","0"
"B0166435","코스피200 C 202606   435.0 (야간)",,,,,,"0.00",,"0","0.0","0"
"B0166435","코스피200 C 202606   435.0 (주간)",,,,,,"0.00",,"0","0.0","0"
"B0166437","코스피200 C 202606   437.5 (야간)",,,,,,"0.00",,"0","0.0","0"
"B0166437","코스피200 C 202606   437.5 (주간)",,,,,,"0.00",,"0","0.0","0"
"B0166440","코스피200 C 202606   440.0 (야간)",,,,,,"0.00",,"0","0.0","155"
"B0166440","코스피200 C 202606   440.0 (주간)",,,,,,"0.00",,"0","0.0","155"
"B0166442","코스피200 C 202606   442.5 (야간)",,,,,,"0.00",,"0","0.0","0"
"B0166442","코스피200 C 202606   442.5 (주간)",,,,,,"0.00",,"0","0.0","0"
"B0166445","코스피200 C 202606   445.0 (야간)",,,,,,"0.00",,"0","0.0","0"
"B0166445","코스피200 C 202606   445.0 (주간)",,,,,,"0.00",,"0","0.0","0"
"B0166447","코스피200 C 202606   447.5 (야간)",,,,,,"0.00",,"0","0.0","0"
"B0166447","코스피200 C 202606   447.5 (주간)",,,,,,"0.00",,"0","0.0","0"
"B0166450","코스피200 C 202606   450.0 (야간)",,,,,,"0.00",,"0","0.0","97"
"B0166450","코스피200 C 202606   450.0 (주간)",,,,,,"0.00",,"0","0.0","97"
"B0166452","코스피200 C 202606   452.5 (야간)",,,,,,"0.00",,"0","0.0","0"
"B0166452","코스피200 C 202606   452.5 (주간)",,,,,,"0.00",,"0","0.0","0"
"B0166455","코스피200 C 202606   455.0 (야간)",,,,,,"0.00",,"0","0.0","140"
"B0166455","코스피200 C 202606   455.0 (주간)",,,,,,"0.00",,"0","0.0","140"
"B0166457","코스피200 C 202606   457.5 (야간)",,,,,,"0.00",,"0","0.0","0"
"B0166457","코스피200 C 202606   457.5 (주간)",,,,,,"0.00",,"0","0.0","0"
"B0166460","코스피200 C 202606   460.0 (야간)",,,,,,"0.00",,"0","0.0","8"
"B0166460","코스피200 C 202606   460.0 (주간)",,,,,,"0.00",,"0","0.0","8"
"B0166462","코스피200 C 202606   462.5 (야간)",,,,,,"0.00",,"0","0.0","0"
"B0166462","코스피200 C 202606   462.5 (주간)",,,,,,"0.00",,"0","0.0","0"
"B0166465","코스피200 C 202606   465.0 (야간)",,,,,,"0.00",,"0","0.0","1"
"B0166465","코스피200 C 202606   465.0 (주간)",,,,,,"0.00",,"0","0.0","1"
"B0166467","코스피200 C 202606   467.5 (야간)",,,,,,"0.00",,"0","0.0","0"
"B0166467","코스피200 C 202606   467.5 (주간)",,,,,,"0.00",,"0","0.0","0"
"B0166470","코스피200 C 202606   470.0 (야간)",,,,,,"0.00",,"0","0.0","724"
"B0166470","코스피200 C 202606   470.0 (주간)",,,,,,"0.00",,"0","0.0","724"
"B0166472","코스피200 C 202606   472.5 (야간)",,,,,,"0.00",,"0","0.0","0"
"B0166472","코스피200 C 202606   472.5 (주간)",,,,,,"0.00",,"0","0.0","0"
"B0166475","코스피200 C 202606   475.0 (야간)",,,,,,"0.00",,"0","0.0","717"
"B0166475","코스피200 C 202606   475.0 (주간)",,,,,,"0.00",,"0","0.0","717"
"B0166477","코스피200 C 202606   477.5 (야간)",,,,,,"0.00",,"0","0.0","0"
"B0166477","코스피200 C 202606   477.5 (주간)",,,,,,"0.00",,"0","0.0","0"
"B0166480","코스피200 C 202606   480.0 (야간)",,,,,,"0.00",,"0","0.0","1082"
"B0166480","코스피200 C 202606   480.0 (주간)",,,,,,"0.00",,"0","0.0","1082"
"B0166482","코스피200 C 202606   482.5 (야간)",,,,,,"0.00",,"0","0.0","0"
"B0166482","코스피200 C 202606   482.5 (주간)",,,,,,"0.00",,"0","0.0","0"
"B0166485","코스피200 C 202606   485.0 (야간)",,,,,,"0.00",,"0","0.0","0"
"B0166485","코스피200 C 202606   485.0 (주간)",,,,,,"0.00",,"0","0.0","0"
"B0166487","코스피200 C 202606   487.5 (야간)",,,,,,"0.00",,"0","0.0","0"
"B0166487","코스피200 C 202606   487.5 (주간)",,,,,,"0.00",,"0","0.0","0"
"B0166490","코스피200 C 202606   490.0 (야간)",,,,,,"0.00",,"0","0.0","5"
"B0166490","코스피200 C 202606   490.0 (주간)",,,,,,"0.00",,"0","0.0","5"
"B0166492","코스피200 C 202606   492.5 (야간)",,,,,,"0.00",,"0","0.0","0"
"B0166492","코스피200 C 202606   492.5 (주간)",,,,,,"0.00",,"0","0.0","0"
"B0166495","코스피200 C 202606   495.0 (야간)",,,,,,"0.00",,"0","0.0","0"
"B0166495","코스피200 C 202606   495.0 (주간)",,,,,,"0.00",,"0","0.0","0"
"B0166497","코스피200 C 202606   497.5 (야간)",,,,,,"0.00",,"0","0.0","0"
"B0166497","코스피200 C 202606   497.5 (주간)",,,,,,"0.00",,"0","0.0","0"
"B0166500","코스피200 C 202606   500.0 (야간)",,,,,,"0.00",,"0","0.0","1460"
"B0166500","코스피200 C 202606   500.0 (주간)",,,,,,"0.00",,"0","0.0","1460"
"B0166502","코스피200 C 202606   502.5 (야간)",,,,,,"0.00",,"0","0.0","0"
"B0166502","코스피200 C 202606   502.5 (주간)",,,,,,"0.00",,"0","0.0","0"
"B0166505","코스피200 C 202606   505.0 (야간)",,,,,,"0.00",,"0","0.0","856"
"B0166505","코스피200 C 202606   505.0 (주간)",,,,,,"0.00",,"0","0.0","856"
"B0166507","코스피200 C 202606   507.5 (야간)",,,,,,"0.00",,"0","0.0","0"
"B0166507","코스피200 C 202606   507.5 (주간)",,,,,,"0.00",,"0","0.0","0"
"B0166510","코스피200 C 202606   510.0 (야간)",,,,,,"0.00",,"0","0.0","5"
"B0166510","코스피200 C 202606   510.0 (주간)",,,,,,"0.00",,"0","0.0","5"
"B0166512","코스피200 C 202606   512.5 (야간)",,,,,,"0.00",,"0","0.0","0"
"B0166512","코스피200 C 202606   512.5 (주간)",,,,,,"0.00",,"0","0.0","0"
"B0166515","코스피200 C 202606   515.0 (야간)",,,,,,"0.00",,"0","0.0","0"
"B0166515","코스피200 C 202606   515.0 (주간)",,,,,,"0.00",,"0","0.0","0"
"B0166517","코스피200 C 202606   517.5 (야간)",,,,,,"0.00",,"0","0.0","0"
"B0166517","코스피200 C 202606   517.5 (주간)",,,,,,"0.00",,"0","0.0","0"
"B0166520","코스피200 C 202606   520.0 (야간)",,,,,,"0.00",,"0","0.0","39"
"B0166520","코스피200 C 202606   520.0 (주간)",,,,,,"0.00",,"0","0.0","39"
"B0166522","코스피200 C 202606   522.5 (야간)",,,,,,"0.00",,"0","0.0","0"
"B0166522","코스피200 C 202606   522.5 (주간)",,,,,,"0.00",,"0","0.0","0"
"B0166525","코스피200 C 202606   525.0 (야간)",,,,,,"0.00",,"0","0.0","1"
"B0166525","코스피200 C 202606   525.0 (주간)",,,,,,"0.00",,"0","0.0","1"
"B0166527","코스피200 C 202606   527.5 (야간)",,,,,,"0.00",,"0","0.0","0"
"B0166527","코스피200 C 202606   527.5 (주간)",,,,,,"0.00",,"0","0.0","0"
"B0166530","코스피200 C 202606   530.0 (야간)",,,,,,"0.00",,"0","0.0","2"
"B0166530","코스피200 C 202606   530.0 (주간)",,,,,,"0.00",,"0","0.0","2"
"B0166532","코스피200 C 202606   532.5 (야간)",,,,,,"0.00",,"0","0.0","0"
"B0166532","코스피200 C 202606   532.5 (주간)",,,,,,"0.00",,"0","0.0","0"
"B0166535","코스피200 C 202606   535.0 (야간)",,,,,,"0.00",,"0","0.0","1120"
"B0166535","코스피200 C 202606   535.0 (주간)",,,,,,"0.00",,"0","0.0","1120"
"B0166537","코스피200 C 202606   537.5 (야간)",,,,,,"0.00",,"0","0.0","0"
"B0166537","코스피200 C 202606   537.5 (주간)",,,,,,"0.00",,"0","0.0","0"
"B0166540","코스피200 C 202606   540.0 (야간)",,,,,,"0.00",,"0","0.0","60"
"B0166540","코스피200 C 202606   540.0 (주간)",,,,,,"0.00",,"0","0.0","60"
"B0166542","코스피200 C 202606   542.5 (야간)",,,,,,"0.00",,"0","0.0","0"
"B0166542","코스피200 C 202606   542.5 (주간)",,,,,,"0.00",,"0","0.0","0"
"B0166545","코스피200 C 202606   545.0 (야간)",,,,,,"0.00",,"0","0.0","1"
"B0166545","코스피200 C 202606   545.0 (주간)",,,,,,"0.00",,"0","0.0","1"
"B0166547","코스피200 C 202606   547.5 (야간)",,,,,,"0.00",,"0","0.0","0"
"B0166547","코스피200 C 202606   547.5 (주간)",,,,,,"0.00",,"0","0.0","0"
"B0166550","코스피200 C 202606   550.0 (야간)",,,,,,"0.00",,"0","0.0","648"
"B0166550","코스피200 C 202606   550.0 (주간)",,,,,,"0.00",,"0","0.0","648"
"B0166552","코스피200 C 202606   552.5 (야간)",,,,,,"0.00",,"0","0.0","0"
"B0166552","코스피200 C 202606   552.5 (주간)",,,,,,"0.00",,"0","0.0","0"
"B0166555","코스피200 C 202606   555.0 (야간)",,,,,,"0.00",,"0","0.0","7"
"B0166555","코스피200 C 202606   555.0 (주간)",,,,,,"0.00",,"0","0.0","7"
"B0166557","코스피200 C 202606   557.5 (야간)",,,,,,"0.00",,"0","0.0","0"
"B0166557","코스피200 C 202606   557.5 (주간)",,,,,,"0.00",,"0","0.0","0"
"B0166560","코스피200 C 202606   560.0 (야간)",,,,,,"0.00",,"0","0.0","161"
"B0166560","코스피200 C 202606   560.0 (주간)",,,,,,"0.00",,"0","0.0","161"
"B0166562","코스피200 C 202606   562.5 (야간)",,,,,,"0.00",,"0","0.0","0"
"B0166562","코스피200 C 202606   562.5 (주간)",,,,,,"0.00",,"0","0.0","0"
"B0166565","코스피200 C 202606   565.0 (야간)",,,,,,"0.00",,"0","0.0","502"
"B0166565","코스피200 C 202606   565.0 (주간)",,,,,,"0.00",,"0","0.0","502"
"B0166567","코스피200 C 202606   567.5 (야간)",,,,,,"0.00",,"0","0.0","0"
"B0166567","코스피200 C 202606   567.5 (주간)",,,,,,"0.00",,"0","0.0","0"
"B0166570","코스피200 C 202606   570.0 (야간)",,,,,,"0.00",,"0","0.0","759"
"B0166570","코스피200 C 202606   570.0 (주간)",,,,,,"0.00",,"0","0.0","759"
"B0166572","코스피200 C 202606   572.5 (야간)",,,,,,"0.00",,"0","0.0","0"
"B0166572","코스피200 C 202606   572.5 (주간)",,,,,,"0.00",,"0","0.0","0"
"B0166575","코스피200 C 202606   575.0 (야간)",,,,,,"0.00",,"0","0.0","1191"
"B0166575","코스피200 C 202606   575.0 (주간)",,,,,,"0.00",,"0","0.0","1191"
"B0166577","코스피200 C 202606   577.5 (야간)",,,,,,"0.00",,"0","0.0","0"
"B0166577","코스피200 C 202606   577.5 (주간)",,,,,,"0.00",,"0","0.0","0"
"B0166580","코스피200 C 202606   580.0 (야간)",,,,,,"0.00",,"0","0.0","516"
"B0166580","코스피200 C 202606   580.0 (주간)",,,,,,"0.00",,"0","0.0","516"
"B0166582","코스피200 C 202606   582.5 (야간)",,,,,,"0.00",,"0","0.0","0"
"B0166582","코스피200 C 202606   582.5 (주간)",,,,,,"0.00",,"0","0.0","0"
"B0166585","코스피200 C 202606   585.0 (야간)",,,,,,"0.00",,"0","0.0","1374"
"B0166585","코스피200 C 202606   585.0 (주간)",,,,,,"0.00",,"0","0.0","1374"
"B0166587","코스피200 C 202606   587.5 (야간)",,,,,,"0.00",,"0","0.0","0"
"B0166587","코스피200 C 202606   587.5 (주간)",,,,,,"0.00",,"0","0.0","0"
"B0166590","코스피200 C 202606   590.0 (야간)",,,,,,"0.00",,"0","0.0","175"
"B0166590","코스피200 C 202606   590.0 (주간)",,,,,,"0.00",,"0","0.0","175"
"B0166592","코스피200 C 202606   592.5 (야간)",,,,,,"0.00",,"0","0.0","0"
"B0166592","코스피200 C 202606   592.5 (주간)",,,,,,"0.00",,"0","0.0","0"
"B0166595","코스피200 C 202606   595.0 (야간)",,,,,,"0.00",,"0","0.0","304"
"B0166595","코스피200 C 202606   595.0 (주간)",,,,,,"0.00",,"0","0.0","304"
"B0166597","코스피200 C 202606   597.5 (야간)",,,,,,"0.00",,"0","0.0","0"
"B0166597","코스피200 C 202606   597.5 (주간)",,,,,,"0.00",,"0","0.0","0"
"B0166600","코스피200 C 202606   600.0 (야간)",,,,,,"0.00",,"0","0.0","3255"
"B0166600","코스피200 C 202606   600.0 (주간)",,,,,,"0.00",,"0","0.0","3255"
"B0166602","코스피200 C 202606   602.5 (야간)",,,,,,"0.00",,"0","0.0","0"
"B0166602","코스피200 C 202606   602.5 (주간)",,,,,,"0.00",,"0","0.0","0"
"B0166605","코스피200 C 202606   605.0 (야간)",,,,,,"0.00",,"0","0.0","0"
"B0166605","코스피200 C 202606   605.0 (주간)",,,,,,"0.00",,"0","0.0","0"
"B0166607","코스피200 C 202606   607.5 (야간)",,,,,,"0.00",,"0","0.0","0"
"B0166607","코스피200 C 202606   607.5 (주간)",,,,,,"0.00",,"0","0.0","0"
"B0166610","코스피200 C 202606   610.0 (야간)",,,,,,"0.00",,"0","0.0","233"
"B0166610","코스피200 C 202606   610.0 (주간)",,,,,,"0.00",,"0","0.0","233"
"B0166612","코스피200 C 202606   612.5 (야간)",,,,,,"0.00",,"0","0.0","0"
"B0166612","코스피200 C 202606   612.5 (주간)",,,,,,"0.00",,"0","0.0","0"
"B0166615","코스피200 C 202606   615.0 (야간)",,,,,,"0.00",,"0","0.0","695"
"B0166615","코스피200 C 202606   615.0 (주간)",,,,,,"0.00",,"0","0.0","695"
"B0166617","코스피200 C 202606   617.5 (야간)",,,,,,"0.00",,"0","0.0","0"
"B0166617","코스피200 C 202606   617.5 (주간)",,,,,,"0.00",,"0","0.0","0"
"B0166620","코스피200 C 202606   620.0 (야간)",,,,,,"0.00",,"0","0.0","1001"
"B0166620","코스피200 C 202606   620.0 (주간)",,,,,,"0.00",,"0","0.0","1001"
"B0166622","코스피200 C 202606   622.5 (야간)",,,,,,"0.00",,"0","0.0","0"
"B0166622","코스피200 C 202606   622.5 (주간)",,,,,,"0.00",,"0","0.0","0"
"B0166625","코스피200 C 202606   625.0 (야간)",,,,,,"0.00",,"0","0.0","916"
"B0166625","코스피200 C 202606   625.0 (주간)",,,,,,"0.00",,"0","0.0","916"
"B0166627","코스피200 C 202606   627.5 (야간)",,,,,,"0.00",,"0","0.0","0"
"B0166627","코스피200 C 202606   627.5 (주간)",,,,,,"0.00",,"0","0.0","0"
"B0166630","코스피200 C 202606   630.0 (야간)",,,,,,"0.00",,"0","0.0","22"
"B0166630","코스피200 C 202606   630.0 (주간)",,,,,,"0.00",,"0","0.0","22"
"B0166632","코스피200 C 202606   632.5 (야간)",,,,,,"0.00",,"0","0.0","0"
"B0166632","코스피200 C 202606   632.5 (주간)",,,,,,"0.00",,"0","0.0","0"
"B0166635","코스피200 C 202606   635.0 (야간)",,,,,,"0.00",,"0","0.0","0"
"B0166635","코스피200 C 202606   635.0 (주간)",,,,,,"0.00",,"0","0.0","0"
"B0166637","코스피200 C 202606   637.5 (야간)",,,,,,"0.00",,"0","0.0","0"
"B0166637","코스피200 C 202606   637.5 (주간)",,,,,,"0.00",,"0","0.0","0"
"B0166640","코스피200 C 202606   640.0 (야간)",,,,,,"0.00",,"0","0.0","2"
"B0166640","코스피200 C 202606   640.0 (주간)",,,,,,"0.00",,"0","0.0","2"
"B0166642","코스피200 C 202606   642.5 (야간)",,,,,,"0.00",,"0","0.0","0"
"B0166642","코스피200 C 202606   642.5 (주간)",,,,,,"0.00",,"0","0.0","0"
"B0166645","코스피200 C 202606   645.0 (야간)",,,,,,"0.00",,"0","0.0","3"
"B0166645","코스피200 C 202606   645.0 (주간)",,,,,,"0.00",,"0","0.0","3"
"B0166647","코스피200 C 202606   647.5 (야간)",,,,,,"0.00",,"0","0.0","0"
"B0166647","코스피200 C 202606   647.5 (주간)",,,,,,"0.00",,"0","0.0","0"
"B0166650","코스피200 C 202606   650.0 (야간)",,,,,,"0.00",,"0","0.0","851"
"B0166650","코스피200 C 202606   650.0 (주간)",,,,,,"0.00",,"0","0.0","851"
"B0166652","코스피200 C 202606   652.5 (야간)",,,,,,"0.00",,"0","0.0","0"
"B0166652","코스피200 C 202606   652.5 (주간)",,,,,,"0.00",,"0","0.0","0"
"B0166655","코스피200 C 202606   655.0 (야간)",,,,,,"0.00",,"0","0.0","7"
"B0166655","코스피200 C 202606   655.0 (주간)",,,,,,"0.00",,"0","0.0","7"
"B0166657","코스피200 C 202606   657.5 (야간)",,,,,,"0.00",,"0","0.0","0"
"B0166657","코스피200 C 202606   657.5 (주간)",,,,,,"0.00",,"0","0.0","0"
"B0166660","코스피200 C 202606   660.0 (야간)",,,,,,"0.00",,"0","0.0","1068"
"B0166660","코스피200 C 202606   660.0 (주간)",,,,,,"0.00",,"0","0.0","1068"
"B0166662","코스피200 C 202606   662.5 (야간)",,,,,,"0.00",,"0","0.0","0"
"B0166662","코스피200 C 202606   662.5 (주간)",,,,,,"0.00",,"0","0.0","0"
"B0166665","코스피200 C 202606   665.0 (야간)",,,,,,"0.00",,"0","0.0","6"
"B0166665","코스피200 C 202606   665.0 (주간)",,,,,,"0.00",,"0","0.0","6"
"B0166667","코스피200 C 202606   667.5 (야간)",,,,,,"0.00",,"0","0.0","0"
"B0166667","코스피200 C 202606   667.5 (주간)",,,,,,"0.00",,"0","0.0","0"
"B0166670","코스피200 C 202606   670.0 (야간)",,,,,,"0.00",,"0","0.0","1077"
"B0166670","코스피200 C 202606   670.0 (주간)",,,,,,"0.00",,"0","0.0","1077"
"B0166672","코스피200 C 202606   672.5 (야간)",,,,,,"0.00",,"0","0.0","0"
"B0166672","코스피200 C 202606   672.5 (주간)",,,,,,"0.00",,"0","0.0","0"
"B0166675","코스피200 C 202606   675.0 (야간)",,,,,,"0.00",,"0","0.0","2"
"B0166675","코스피200 C 202606   675.0 (주간)",,,,,,"0.00",,"0","0.0","2"
"B0166677","코스피200 C 202606   677.5 (야간)",,,,,,"0.00",,"0","0.0","0"
"B0166677","코스피200 C 202606   677.5 (주간)",,,,,,"0.00",,"0","0.0","0"
"B0166680","코스피200 C 202606   680.0 (야간)",,,,,,"0.00",,"0","0.0","402"
"B0166680","코스피200 C 202606   680.0 (주간)",,,,,,"0.00",,"0","0.0","402"
"B0166682","코스피200 C 202606   682.5 (야간)",,,,,,"0.00",,"0","0.0","0"
"B0166682","코스피200 C 202606   682.5 (주간)",,,,,,"0.00",,"0","0.0","0"
"B0166685","코스피200 C 202606   685.0 (야간)",,,,,,"0.00",,"0","0.0","302"
"B0166685","코스피200 C 202606   685.0 (주간)",,,,,,"0.00",,"0","0.0","302"
"B0166687","코스피200 C 202606   687.5 (야간)",,,,,,"0.00",,"0","0.0","0"
"B0166687","코스피200 C 202606   687.5 (주간)",,,,,,"0.00",,"0","0.0","0"
"B0166690","코스피200 C 202606   690.0 (야간)",,,,,,"0.00",,"0","0.0","404"
"B0166690","코스피200 C 202606   690.0 (주간)",,,,,,"0.00",,"0","0.0","404"
"B0166692","코스피200 C 202606   692.5 (야간)",,,,,,"0.00",,"0","0.0","0"
"B0166692","코스피200 C 202606   692.5 (주간)",,,,,,"0.00",,"0","0.0","0"
"B0166695","코스피200 C 202606   695.0 (야간)",,,,,,"0.00",,"0","0.0","5"
"B0166695","코스피200 C 202606   695.0 (주간)",,,,,,"0.00",,"0","0.0","5"
"B0166697","코스피200 C 202606   697.5 (야간)",,,,,,"0.00",,"0","0.0","0"
"B0166697","코스피200 C 202606   697.5 (주간)",,,,,,"0.00",,"0","0.0","0"
"B0166700","코스피200 C 202606   700.0 (야간)",,,,,,"0.00",,"0","0.0","4465"
"B0166700","코스피200 C 202606   700.0 (주간)",,,,,,"0.00",,"0","0.0","4465"
"B0166702","코스피200 C 202606   702.5 (야간)",,,,,,"0.00",,"0","0.0","0"
"B0166702","코스피200 C 202606   702.5 (주간)",,,,,,"0.00",,"0","0.0","0"
"B0166705","코스피200 C 202606   705.0 (야간)",,,,,,"0.00",,"0","0.0","6"
"B0166705","코스피200 C 202606   705.0 (주간)",,,,,,"0.00",,"0","0.0","6"
"B0166707","코스피200 C 202606   707.5 (야간)",,,,,,"0.00",,"0","0.0","0"
"B0166707","코스피200 C 202606   707.5 (주간)",,,,,,"0.00",,"0","0.0","0"
"B0166710","코스피200 C 202606   710.0 (야간)",,,,,,"0.00",,"0","0.0","1"
"B0166710","코스피200 C 202606   710.0 (주간)",,,,,,"0.00",,"0","0.0","1"
"B0166712","코스피200 C 202606   712.5 (야간)",,,,,,"0.00",,"0","0.0","0"
"B0166712","코스피200 C 202606   712.5 (주간)",,,,,,"0.00",,"0","0.0","0"
"B0166715","코스피200 C 202606   715.0 (야간)",,,,,,"0.00",,"0","0.0","751"
"B0166715","코스피200 C 202606   715.0 (주간)",,,,,,"0.00",,"0","0.0","751"
"B0166717","코스피200 C 202606   717.5 (야간)",,,,,,"0.00",,"0","0.0","0"
"B0166717","코스피200 C 202606   717.5 (주간)",,,,,,"0.00",,"0","0.0","0"
"B0166720","코스피200 C 202606   720.0 (야간)",,,,,,"0.00",,"0","0.0","3321"
"B0166720","코스피200 C 202606   720.0 (주간)",,,,,,"0.00",,"0","0.0","3321"
"B0166722","코스피200 C 202606   722.5 (야간)",,,,,,"0.00",,"0","0.0","0"
"B0166722","코스피200 C 202606   722.5 (주간)",,,,,,"0.00",,"0","0.0","0"
"B0166725","코스피200 C 202606   725.0 (야간)",,,,,,"0.00",,"0","0.0","402"
"B0166725","코스피200 C 202606   725.0 (주간)",,,,,,"0.00",,"0","0.0","402"
"B0166727","코스피200 C 202606   727.5 (야간)",,,,,,"0.00",,"0","0.0","0"
"B0166727","코스피200 C 202606   727.5 (주간)",,,,,,"0.00",,"0","0.0","0"
"B0166730","코스피200 C 202606   730.0 (야간)",,,,,,"0.00",,"0","0.0","3509"
"B0166730","코스피200 C 202606   730.0 (주간)",,,,,,"0.00",,"0","0.0","3509"
"B0166732","코스피200 C 202606   732.5 (야간)",,,,,,"0.00",,"0","0.0","0"
"B0166732","코스피200 C 202606   732.5 (주간)",,,,,,"0.00",,"0","0.0","0"
"B0166735","코스피200 C 202606   735.0 (야간)",,,,,,"0.00",,"0","0.0","1"
"B0166735","코스피200 C 202606   735.0 (주간)",,,,,,"0.00",,"0","0.0","1"
"B0166737","코스피200 C 202606   737.5 (야간)",,,,,,"0.00",,"0","0.0","0"
"B0166737","코스피200 C 202606   737.5 (주간)",,,,,,"0.00",,"0","0.0","0"
"B0166740","코스피200 C 202606   740.0 (야간)",,,,,,"0.00",,"0","0.0","8"
"B0166740","코스피200 C 202606   740.0 (주간)",,,,,,"0.00",,"0","0.0","8"
"B0166742","코스피200 C 202606   742.5 (야간)",,,,,,"0.00",,"0","0.0","0"
"B0166742","코스피200 C 202606   742.5 (주간)",,,,,,"0.00",,"0","0.0","0"
"B0166745","코스피200 C 202606   745.0 (야간)",,,,,,"0.00",,"0","0.0","0"
"B0166745","코스피200 C 202606   745.0 (주간)",,,,,,"0.00",,"0","0.0","0"
"B0166747","코스피200 C 202606   747.5 (야간)",,,,,,"0.00",,"0","0.0","0"
"B0166747","코스피200 C 202606   747.5 (주간)",,,,,,"0.00",,"0","0.0","0"
"B0166750","코스피200 C 202606   750.0 (야간)",,,,,,"0.00",,"0","0.0","3031"
"B0166750","코스피200 C 202606   750.0 (주간)",,,,,,"0.00",,"0","0.0","3031"
"B0166752","코스피200 C 202606   752.5 (야간)",,,,,,"0.00",,"0","0.0","0"
"B0166752","코스피200 C 202606   752.5 (주간)",,,,,,"0.00",,"0","0.0","0"
"B0166755","코스피200 C 202606   755.0 (야간)",,,,,,"0.00",,"0","0.0","0"
"B0166755","코스피200 C 202606   755.0 (주간)",,,,,,"0.00",,"0","0.0","0"
"B0166757","코스피200 C 202606   757.5 (야간)",,,,,,"0.00",,"0","0.0","0"
"B0166757","코스피200 C 202606   757.5 (주간)",,,,,,"0.00",,"0","0.0","0"
"B0166760","코스피200 C 202606   760.0 (야간)",,,,,,"0.00",,"0","0.0","501"
"B0166760","코스피200 C 202606   760.0 (주간)",,,,,,"0.00",,"0","0.0","501"
"B0166762","코스피200 C 202606   762.5 (야간)",,,,,,"0.00",,"0","0.0","0"
"B0166762","코스피200 C 202606   762.5 (주간)",,,,,,"0.00",,"0","0.0","0"
"B0166765","코스피200 C 202606   765.0 (야간)",,,,,,"0.00",,"0","0.0","0"
"B0166765","코스피200 C 202606   765.0 (주간)",,,,,,"0.00",,"0","0.0","0"
"B0166767","코스피200 C 202606   767.5 (야간)",,,,,,"0.00",,"0","0.0","0"
"B0166767","코스피200 C 202606   767.5 (주간)",,,,,,"0.00",,"0","0.0","0"
"B0166770","코스피200 C 202606   770.0 (야간)",,,,,,"0.00",,"0","0.0","528"
"B0166770","코스피200 C 202606   770.0 (주간)",,,,,,"0.00",,"0","0.0","528"
"B0166772","코스피200 C 202606   772.5 (야간)",,,,,,"0.00",,"0","0.0","0"
"B0166772","코스피200 C 202606   772.5 (주간)",,,,,,"0.00",,"0","0.0","0"
"B0166775","코스피200 C 202606   775.0 (야간)",,,,,,"0.00",,"0","0.0","912"
"B0166775","코스피200 C 202606   775.0 (주간)",,,,,,"0.00",,"0","0.0","912"
"B0166777","코스피200 C 202606   777.5 (야간)",,,,,,"0.00",,"0","0.0","0"
"B0166777","코스피200 C 202606   777.5 (주간)",,,,,,"0.00",,"0","0.0","0"
"B0166780","코스피200 C 202606   780.0 (야간)",,,,,,"0.00",,"0","0.0","1844"
"B0166780","코스피200 C 202606   780.0 (주간)",,,,,,"0.00",,"0","0.0","1844"
"B0166782","코스피200 C 202606   782.5 (야간)",,,,,,"0.00",,"0","0.0","2"
"B0166782","코스피200 C 202606   782.5 (주간)",,,,,,"0.00",,"0","0.0","2"
"B0166785","코스피200 C 202606   785.0 (야간)",,,,,,"0.00",,"0","0.0","161"
"B0166785","코스피200 C 202606   785.0 (주간)",,,,,,"0.00",,"0","0.0","161"
"B0166787","코스피200 C 202606   787.5 (야간)",,,,,,"0.00",,"0","0.0","0"
"B0166787","코스피200 C 202606   787.5 (주간)",,,,,,"0.00",,"0","0.0","0"
"B0166790","코스피200 C 202606   790.0 (야간)",,,,,,"0.00",,"0","0.0","24"
"B0166790","코스피200 C 202606   790.0 (주간)",,,,,,"0.00",,"0","0.0","24"
"B0166792","코스피200 C 202606   792.5 (야간)",,,,,,"0.00",,"0","0.0","0"
"B0166792","코스피200 C 202606   792.5 (주간)",,,,,,"0.00",,"0","0.0","0"
"B0166795","코스피200 C 202606   795.0 (야간)",,,,,,"0.00",,"0","0.0","14"
"B0166795","코스피200 C 202606   795.0 (주간)",,,,,,"0.00",,"0","0.0","14"
"B0166797","코스피200 C 202606   797.5 (야간)",,,,,,"0.00",,"0","0.0","0"
"B0166797","코스피200 C 202606   797.5 (주간)",,,,,,"0.00",,"0","0.0","0"
"B0166800","코스피200 C 202606   800.0 (야간)",,,,,,"0.00",,"0","0.0","1548"
"B0166800","코스피200 C 202606   800.0 (주간)",,,,,,"0.00",,"0","0.0","1548"
"B0166802","코스피200 C 202606   802.5 (야간)",,,,,,"0.00",,"0","0.0","0"
"B0166802","코스피200 C 202606   802.5 (주간)",,,,,,"0.00",,"0","0.0","0"
"B0166805","코스피200 C 202606   805.0 (야간)",,,,,,"0.00",,"0","0.0","57"
"B0166805","코스피200 C 202606   805.0 (주간)",,,,,,"0.00",,"0","0.0","57"
"B0166807","코스피200 C 202606   807.5 (야간)",,,,,,"0.00",,"0","0.0","0"
"B0166807","코스피200 C 202606   807.5 (주간)",,,,,,"0.00",,"0","0.0","0"
"B0166810","코스피200 C 202606   810.0 (야간)",,,,,,"0.00",,"0","0.0","737"
"B0166810","코스피200 C 202606   810.0 (주간)",,,,,,"0.00",,"0","0.0","737"
"B0166812","코스피200 C 202606   812.5 (야간)",,,,,,"0.00",,"0","0.0","0"
"B0166812","코스피200 C 202606   812.5 (주간)",,,,,,"0.00",,"0","0.0","0"
"B0166815","코스피200 C 202606   815.0 (야간)",,,,,,"0.00",,"0","0.0","31"
"B0166815","코스피200 C 202606   815.0 (주간)",,,,,,"0.00",,"0","0.0","31"
"B0166817","코스피200 C 202606   817.5 (야간)",,,,,,"0.00",,"0","0.0","2"
"B0166817","코스피200 C 202606   817.5 (주간)",,,,,,"0.00",,"0","0.0","2"
"B0166820","코스피200 C 202606   820.0 (야간)",,,,,,"0.00",,"0","0.0","1285"
"B0166820","코스피200 C 202606   820.0 (주간)",,,,,,"0.00",,"0","0.0","1285"
"B0166822","코스피200 C 202606   822.5 (야간)",,,,,,"0.00",,"0","0.0","10"
"B0166822","코스피200 C 202606   822.5 (주간)",,,,,,"0.00",,"0","0.0","10"
"B0166825","코스피200 C 202606   825.0 (야간)",,,,,,"0.00",,"0","0.0","395"
"B0166825","코스피200 C 202606   825.0 (주간)",,,,,,"0.00",,"0","0.0","395"
"B0166827","코스피200 C 202606   827.5 (야간)",,,,,,"0.00",,"0","0.0","5"
"B0166827","코스피200 C 202606   827.5 (주간)",,,,,,"0.00",,"0","0.0","5"
"B0166830","코스피200 C 202606   830.0 (야간)",,,,,,"0.00",,"0","0.0","4392"
"B0166830","코스피200 C 202606   830.0 (주간)",,,,,,"0.00",,"0","0.0","4392"
"B0166832","코스피200 C 202606   832.5 (야간)",,,,,,"0.00",,"0","0.0","5"
"B0166832","코스피200 C 202606   832.5 (주간)",,,,,,"0.00",,"0","0.0","5"
"B0166835","코스피200 C 202606   835.0 (야간)",,,,,,"0.00",,"0","0.0","115"
"B0166835","코스피200 C 202606   835.0 (주간)",,,,,,"0.00",,"0","0.0","115"
"B0166837","코스피200 C 202606   837.5 (야간)",,,,,,"0.00",,"0","0.0","10"
"B0166837","코스피200 C 202606   837.5 (주간)",,,,,,"0.00",,"0","0.0","10"
"B0166840","코스피200 C 202606   840.0 (야간)",,,,,,"0.00",,"0","0.0","913"
"B0166840","코스피200 C 202606   840.0 (주간)",,,,,,"0.00",,"0","0.0","913"
"B0166842","코스피200 C 202606   842.5 (야간)",,,,,,"0.00",,"0","0.0","415"
"B0166842","코스피200 C 202606   842.5 (주간)",,,,,,"0.00",,"0","0.0","415"
"B0166845","코스피200 C 202606   845.0 (야간)",,,,,,"0.00",,"0","0.0","82"
"B0166845","코스피200 C 202606   845.0 (주간)",,,,,,"0.00",,"0","0.0","82"
"B0166847","코스피200 C 202606   847.5 (야간)",,,,,,"0.00",,"0","0.0","10"
"B0166847","코스피200 C 202606   847.5 (주간)",,,,,,"0.00",,"0","0.0","10"
"B0166850","코스피200 C 202606   850.0 (야간)",,,,,,"0.00",,"0","0.0","3100"
"B0166850","코스피200 C 202606   850.0 (주간)",,,,,,"0.00",,"0","0.0","3100"
"B0166852","코스피200 C 202606   852.5 (야간)",,,,,,"0.00",,"0","0.0","0"
"B0166852","코스피200 C 202606   852.5 (주간)",,,,,,"0.00",,"0","0.0","0"
"B0166855","코스피200 C 202606   855.0 (야간)",,,,,,"0.00",,"0","0.0","120"
"B0166855","코스피200 C 202606   855.0 (주간)",,,,,,"0.00",,"0","0.0","120"
"B0166857","코스피200 C 202606   857.5 (야간)",,,,,,"0.00",,"0","0.0","0"
"B0166857","코스피200 C 202606   857.5 (주간)",,,,,,"0.00",,"0","0.0","0"
"B0166860","코스피200 C 202606   860.0 (야간)",,,,,,"0.00",,"0","0.0","619"
"B0166860","코스피200 C 202606   860.0 (주간)",,,,,,"0.00",,"0","0.0","598"
"B0166862","코스피200 C 202606   862.5 (야간)",,,,,,"0.00",,"0","0.0","2"
"B0166862","코스피200 C 202606   862.5 (주간)",,,,,,"0.00",,"0","0.0","2"
"B0166865","코스피200 C 202606   865.0 (야간)",,,,,,"0.00",,"0","0.0","356"
"B0166865","코스피200 C 202606   865.0 (주간)",,,,,,"0.00",,"0","0.0","356"
"B0166867","코스피200 C 202606   867.5 (야간)",,,,,,"0.00",,"0","0.0","0"
"B0166867","코스피200 C 202606   867.5 (주간)",,,,,,"0.00",,"0","0.0","0"
"B0166870","코스피200 C 202606   870.0 (야간)",,,,,,"0.00",,"0","0.0","880"
"B0166870","코스피200 C 202606   870.0 (주간)",,,,,,"0.00",,"0","0.0","880"
"B0166872","코스피200 C 202606   872.5 (야간)",,,,,,"0.00",,"0","0.0","0"
"B0166872","코스피200 C 202606   872.5 (주간)",,,,,,"0.00",,"0","0.0","0"
"B0166875","코스피200 C 202606   875.0 (야간)",,,,,,"0.00",,"0","0.0","143"
"B0166875","코스피200 C 202606   875.0 (주간)",,,,,,"0.00",,"0","0.0","143"
"B0166877","코스피200 C 202606   877.5 (야간)",,,,,,"0.00",,"0","0.0","0"
"B0166877","코스피200 C 202606   877.5 (주간)",,,,,,"0.00",,"0","0.0","0"
"B0166880","코스피200 C 202606   880.0 (야간)","77.20","1.55","78.95","78.95","77.20","0.00",,"2","39.0","2361"
"B0166880","코스피200 C 202606   880.0 (주간)","100.10","24.45","99.90","100.10","99.90","0.00",,"2","50.0","2360"
"B0166882","코스피200 C 202606   882.5 (야간)",,,,,,"0.00",,"0","0.0","1"
"B0166882","코스피200 C 202606   882.5 (주간)",,,,,,"0.00",,"0","0.0","1"
"B0166885","코스피200 C 202606   885.0 (야간)",,,,,,"0.00",,"0","0.0","109"
"B0166885","코스피200 C 202606   885.0 (주간)",,,,,,"0.00",,"0","0.0","109"
"B0166887","코스피200 C 202606   887.5 (야간)",,,,,,"0.00",,"0","0.0","1"
"B0166887","코스피200 C 202606   887.5 (주간)",,,,,,"0.00",,"0","0.0","1"
"B0166890","코스피200 C 202606   890.0 (야간)",,,,,,"0.00",,"0","0.0","261"
"B0166890","코스피200 C 202606   890.0 (주간)",,,,,,"0.00",,"0","0.0","261"
"B0166892","코스피200 C 202606   892.5 (야간)",,,,,,"0.00",,"0","0.0","0"
"B0166892","코스피200 C 202606   892.5 (주간)",,,,,,"0.00",,"0","0.0","0"
"B0166895","코스피200 C 202606   895.0 (야간)",,,,,,"0.00",,"0","0.0","3"
"B0166895","코스피200 C 202606   895.0 (주간)",,,,,,"0.00",,"0","0.0","3"
"B0166897","코스피200 C 202606   897.5 (야간)",,,,,,"0.00",,"0","0.0","0"
"B0166897","코스피200 C 202606   897.5 (주간)",,,,,,"0.00",,"0","0.0","0"
"B0166900","코스피200 C 202606   900.0 (야간)",,,,,,"0.00",,"0","0.0","3257"
"B0166900","코스피200 C 202606   900.0 (주간)",,,,,,"0.00",,"0","0.0","3257"
"B0166902","코스피200 C 202606   902.5 (야간)",,,,,,"0.00",,"0","0.0","30"
"B0166902","코스피200 C 202606   902.5 (주간)",,,,,,"0.00",,"0","0.0","30"
"B0166905","코스피200 C 202606   905.0 (야간)",,,,,,"0.00",,"0","0.0","13"
"B0166905","코스피200 C 202606   905.0 (주간)",,,,,,"0.00",,"0","0.0","13"
"B0166907","코스피200 C 202606   907.5 (야간)",,,,,,"0.00",,"0","0.0","0"
"B0166907","코스피200 C 202606   907.5 (주간)",,,,,,"0.00",,"0","0.0","0"
"B0166910","코스피200 C 202606   910.0 (야간)",,,,,,"0.00",,"0","0.0","63"
"B0166910","코스피200 C 202606   910.0 (주간)",,,,,,"0.00",,"0","0.0","42"
"B0166912","코스피200 C 202606   912.5 (야간)",,,,,,"0.00",,"0","0.0","0"
"B0166912","코스피200 C 202606   912.5 (주간)",,,,,,"0.00",,"0","0.0","0"
"B0166915","코스피200 C 202606   915.0 (야간)",,,,,,"0.00",,"0","0.0","2"
"B0166915","코스피200 C 202606   915.0 (주간)",,,,,,"0.00",,"0","0.0","2"
"B0166917","코스피200 C 202606   917.5 (야간)",,,,,,"0.00",,"0","0.0","0"
"B0166917","코스피200 C 202606   917.5 (주간)",,,,,,"0.00",,"0","0.0","0"
"B0166920","코스피200 C 202606   920.0 (야간)",,,,,,"0.00",,"0","0.0","376"
"B0166920","코스피200 C 202606   920.0 (주간)",,,,,,"0.00",,"0","0.0","376"
"B0166922","코스피200 C 202606   922.5 (야간)",,,,,,"0.00",,"0","0.0","0"
"B0166922","코스피200 C 202606   922.5 (주간)",,,,,,"0.00",,"0","0.0","0"
"B0166925","코스피200 C 202606   925.0 (야간)",,,,,,"0.00",,"0","0.0","1617"
"B0166925","코스피200 C 202606   925.0 (주간)",,,,,,"0.00",,"0","0.0","1617"
"B0166927","코스피200 C 202606   927.5 (야간)",,,,,,"0.00",,"0","0.0","0"
"B0166927","코스피200 C 202606   927.5 (주간)",,,,,,"0.00",,"0","0.0","0"
"B0166930","코스피200 C 202606   930.0 (야간)",,,,,,"0.00",,"0","0.0","36"
"B0166930","코스피200 C 202606   930.0 (주간)","71.85","17.35","69.70","71.85","69.70","0.00",,"6","105.0","86"
"B0166932","코스피200 C 202606   932.5 (야간)",,,,,,"0.00",,"0","0.0","0"
"B0166932","코스피200 C 202606   932.5 (주간)",,,,,,"0.00",,"0","0.0","0"
"B0166935","코스피200 C 202606   935.0 (야간)",,,,,,"0.00",,"0","0.0","99"
"B0166935","코스피200 C 202606   935.0 (주간)",,,,,,"0.00",,"0","0.0","99"
"B0166937","코스피200 C 202606   937.5 (야간)","53.80","4.85","53.80","53.80","53.80","0.00",,"1","13.0","9"
"B0166937","코스피200 C 202606   937.5 (주간)",,,,,,"0.00",,"0","0.0","9"
"B0166940","코스피200 C 202606   940.0 (야간)",,,,,,"0.00",,"0","0.0","12"
"B0166940","코스피200 C 202606   940.0 (주간)","67.00","17.35","67.00","67.00","67.00","0.00",,"1","17.0","13"
"B0166942","코스피200 C 202606   942.5 (야간)",,,,,,"0.00",,"0","0.0","0"
"B0166942","코스피200 C 202606   942.5 (주간)",,,,,,"0.00",,"0","0.0","0"
"B0166945","코스피200 C 202606   945.0 (야간)",,,,,,"0.00",,"0","0.0","2"
"B0166945","코스피200 C 202606   945.0 (주간)",,,,,,"0.00",,"0","0.0","2"
"B0166947","코스피200 C 202606   947.5 (야간)",,,,,,"0.00",,"0","0.0","2"
"B0166947","코스피200 C 202606   947.5 (주간)",,,,,,"0.00",,"0","0.0","2"
"B0166950","코스피200 C 202606   950.0 (야간)",,,,,,"0.00",,"0","0.0","3580"
"B0166950","코스피200 C 202606   950.0 (주간)",,,,,,"0.00",,"0","0.0","3580"
"B0166952","코스피200 C 202606   952.5 (야간)","46.45","4.10","46.45","46.45","46.45","0.00",,"1","12.0","6"
"B0166952","코스피200 C 202606   952.5 (주간)",,,,,,"0.00",,"0","0.0","6"
"B0166955","코스피200 C 202606   955.0 (야간)",,,,,,"0.00",,"0","0.0","1"
"B0166955","코스피200 C 202606   955.0 (주간)",,,,,,"0.00",,"0","0.0","1"
"B0166957","코스피200 C 202606   957.5 (야간)",,,,,,"0.00",,"0","0.0","3"
"B0166957","코스피200 C 202606   957.5 (주간)",,,,,,"0.00",,"0","0.0","3"
"B0166960","코스피200 C 202606   960.0 (야간)",,,,,,"0.00",,"0","0.0","272"
"B0166960","코스피200 C 202606   960.0 (주간)","53.80","11.30","56.30","56.30","53.80","0.00",,"7","98.0","273"
"B0166962","코스피200 C 202606   962.5 (야간)",,,,,,"0.00",,"0","0.0","0"
"B0166962","코스피200 C 202606   962.5 (주간)",,,,,,"0.00",,"0","0.0","0"
"B0166965","코스피200 C 202606   965.0 (야간)",,,,,,"0.00",,"0","0.0","236"
"B0166965","코스피200 C 202606   965.0 (주간)",,,,,,"0.00",,"0","0.0","236"
"B0166967","코스피200 C 202606   967.5 (야간)",,,,,,"0.00",,"0","0.0","1"
"B0166967","코스피200 C 202606   967.5 (주간)",,,,,,"0.00",,"0","0.0","1"
"B0166970","코스피200 C 202606   970.0 (야간)",,,,,,"0.00",,"0","0.0","989"
"B0166970","코스피200 C 202606   970.0 (주간)",,,,,,"0.00",,"0","0.0","1039"
"B0166972","코스피200 C 202606   972.5 (야간)",,,,,,"0.00",,"0","0.0","4"
"B0166972","코스피200 C 202606   972.5 (주간)",,,,,,"0.00",,"0","0.0","4"
"B0166975","코스피200 C 202606   975.0 (야간)",,,,,,"0.00",,"0","0.0","556"
"B0166975","코스피200 C 202606   975.0 (주간)",,,,,,"0.00",,"0","0.0","556"
"B0166977","코스피200 C 202606   977.5 (야간)",,,,,,"0.00",,"0","0.0","5"
"B0166977","코스피200 C 202606   977.5 (주간)",,,,,,"0.00",,"0","0.0","5"
"B0166980","코스피200 C 202606   980.0 (야간)",,,,,,"0.00",,"0","0.0","972"
"B0166980","코스피200 C 202606   980.0 (주간)","48.45","12.45","49.25","49.25","48.45","0.00",,"13","160.0","970"
"B0166982","코스피200 C 202606   982.5 (야간)",,,,,,"0.00",,"0","0.0","2"
"B0166982","코스피200 C 202606   982.5 (주간)",,,,,,"0.00",,"0","0.0","2"
"B0166985","코스피200 C 202606   985.0 (야간)",,,,,,"0.00",,"0","0.0","125"
"B0166985","코스피200 C 202606   985.0 (주간)",,,,,,"0.00",,"0","0.0","125"
"B0166987","코스피200 C 202606   987.5 (야간)",,,,,,"0.00",,"0","0.0","0"
"B0166987","코스피200 C 202606   987.5 (주간)",,,,,,"0.00",,"0","0.0","0"
"B0166990","코스피200 C 202606   990.0 (야간)",,,,,,"0.00",,"0","0.0","215"
"B0166990","코스피200 C 202606   990.0 (주간)",,,,,,"0.00",,"0","0.0","215"
"B0166992","코스피200 C 202606   992.5 (야간)",,,,,,"0.00",,"0","0.0","1"
"B0166992","코스피200 C 202606   992.5 (주간)",,,,,,"0.00",,"0","0.0","1"
"B0166995","코스피200 C 202606   995.0 (야간)",,,,,,"0.00",,"0","0.0","286"
"B0166995","코스피200 C 202606   995.0 (주간)",,,,,,"0.00",,"0","0.0","286"
"B0166997","코스피200 C 202606   997.5 (야간)",,,,,,"0.00",,"0","0.0","4"
"B0166997","코스피200 C 202606   997.5 (주간)",,,,,,"0.00",,"0","0.0","4"
"B0166A01","코스피200 C 202606 1,000.0 (야간)",,,,,,"0.00",,"0","0.0","4057"
"B0166A01","코스피200 C 202606 1,000.0 (주간)","42.05","13.55","42.05","42.05","42.05","0.00",,"1","11.0","4057"
"B0166A07","코스피200 C 202606 1,002.5 (야간)",,,,,,"0.00",,"0","0.0","5"
"B0166A07","코스피200 C 202606 1,002.5 (주간)",,,,,,"0.00",,"0","0.0","5"
"B0166A02","코스피200 C 202606 1,005.0 (야간)",,,,,,"0.00",,"0","0.0","684"
"B0166A02","코스피200 C 202606 1,005.0 (주간)",,,,,,"0.00",,"0","0.0","684"
"B0166A08","코스피200 C 202606 1,007.5 (야간)",,,,,,"0.00",,"0","0.0","0"
"B0166A08","코스피200 C 202606 1,007.5 (주간)",,,,,,"0.00",,"0","0.0","0"
"B0166A03","코스피200 C 202606 1,010.0 (야간)",,,,,,"0.00",,"0","0.0","101"
"B0166A03","코스피200 C 202606 1,010.0 (주간)",,,,,,"0.00",,"0","0.0","101"
"B0166A09","코스피200 C 202606 1,012.5 (야간)",,,,,,"0.00",,"0","0.0","0"
"B0166A09","코스피200 C 202606 1,012.5 (주간)",,,,,,"0.00",,"0","0.0","0"
"B0166A04","코스피200 C 202606 1,015.0 (야간)",,,,,,"0.00",,"0","0.0","1"
"B0166A04","코스피200 C 202606 1,015.0 (주간)",,,,,,"0.00",,"0","0.0","1"
"B0166A10","코스피200 C 202606 1,017.5 (야간)",,,,,,"0.00",,"0","0.0","1"
"B0166A10","코스피200 C 202606 1,017.5 (주간)",,,,,,"0.00",,"0","0.0","1"
"B0166A05","코스피200 C 202606 1,020.0 (야간)",,,,,,"0.00",,"0","0.0","146"
"B0166A05","코스피200 C 202606 1,020.0 (주간)",,,,,,"0.00",,"0","0.0","146"
"B0166A11","코스피200 C 202606 1,022.5 (야간)",,,,,,"0.00",,"0","0.0","2"
"B0166A11","코스피200 C 202606 1,022.5 (주간)",,,,,,"0.00",,"0","0.0","2"
"B0166A06","코스피200 C 202606 1,025.0 (야간)",,,,,,"0.00",,"0","0.0","50"
"B0166A06","코스피200 C 202606 1,025.0 (주간)",,,,,,"0.00",,"0","0.0","50"
"B0166A20","코스피200 C 202606 1,027.5 (야간)",,,,,,"0.00",,"0","0.0","2"
"B0166A20","코스피200 C 202606 1,027.5 (주간)",,,,,,"0.00",,"0","0.0","2"
"B0166A12","코스피200 C 202606 1,030.0 (야간)",,,,,,"0.00",,"0","0.0","10"
"B0166A12","코스피200 C 202606 1,030.0 (주간)",,,,,,"0.00",,"0","0.0","10"
"B0166A21","코스피200 C 202606 1,032.5 (야간)",,,,,,"0.00",,"0","0.0","0"
"B0166A21","코스피200 C 202606 1,032.5 (주간)",,,,,,"0.00",,"0","0.0","0"
"B0166A13","코스피200 C 202606 1,035.0 (야간)",,,,,,"0.00",,"0","0.0","3"
"B0166A13","코스피200 C 202606 1,035.0 (주간)",,,,,,"0.00",,"0","0.0","3"
"B0166A22","코스피200 C 202606 1,037.5 (야간)",,,,,,"0.00",,"0","0.0","2"
"B0166A22","코스피200 C 202606 1,037.5 (주간)",,,,,,"0.00",,"0","0.0","2"
"B0166A14","코스피200 C 202606 1,040.0 (야간)",,,,,,"0.00",,"0","0.0","1468"
"B0166A14","코스피200 C 202606 1,040.0 (주간)","31.10","10.25","28.50","31.60","28.35","0.00",,"23","178.0","1475"
"B0166A23","코스피200 C 202606 1,042.5 (야간)",,,,,,"0.00",,"0","0.0","1"
"B0166A23","코스피200 C 202606 1,042.5 (주간)",,,,,,"0.00",,"0","0.0","1"
"B0166A15","코스피200 C 202606 1,045.0 (야간)",,,,,,"0.00",,"0","0.0","2"
"B0166A15","코스피200 C 202606 1,045.0 (주간)",,,,,,"0.00",,"0","0.0","2"
"B0166A24","코스피200 C 202606 1,047.5 (야간)",,,,,,"0.00",,"0","0.0","3"
"B0166A24","코스피200 C 202606 1,047.5 (주간)",,,,,,"0.00",,"0","0.0","3"
"B0166A16","코스피200 C 202606 1,050.0 (야간)",,,,,,"0.00",,"0","0.0","3823"
"B0166A16","코스피200 C 202606 1,050.0 (주간)",,,,,,"0.00",,"0","0.0","3823"
"B0166A25","코스피200 C 202606 1,052.5 (야간)",,,,,,"0.00",,"0","0.0","0"
"B0166A25","코스피200 C 202606 1,052.5 (주간)",,,,,,"0.00",,"0","0.0","0"
"B0166A17","코스피200 C 202606 1,055.0 (야간)",,,,,,"0.00",,"0","0.0","1"
"B0166A17","코스피200 C 202606 1,055.0 (주간)",,,,,,"0.00",,"0","0.0","1"
"B0166A26","코스피200 C 202606 1,057.5 (야간)",,,,,,"0.00",,"0","0.0","0"
"B0166A26","코스피200 C 202606 1,057.5 (주간)",,,,,,"0.00",,"0","0.0","0"
"B0166A18","코스피200 C 202606 1,060.0 (야간)",,,,,,"0.00",,"0","0.0","303"
"B0166A18","코스피200 C 202606 1,060.0 (주간)",,,,,,"0.00",,"0","0.0","303"
"B0166A27","코스피200 C 202606 1,062.5 (야간)",,,,,,"0.00",,"0","0.0","3"
"B0166A27","코스피200 C 202606 1,062.5 (주간)",,,,,,"0.00",,"0","0.0","3"
"B0166A19","코스피200 C 202606 1,065.0 (야간)","20.00","4.30","17.50","20.00","17.50","0.00",,"3","14.0","1256"
"B0166A19","코스피200 C 202606 1,065.0 (주간)","25.45","9.75","22.50","25.45","22.50","0.00",,"11","65.0","1264"
"B0167545","코스피200 C 202607   545.0 (야간)",,,,,,"0.00",,"0","0.0","0"
"B0167545","코스피200 C 202607   545.0 (주간)",,,,,,"0.00",,"0","0.0","0"
"B0167547","코스피200 C 202607   547.5 (야간)",,,,,,"0.00",,"0","0.0","0"
"B0167547","코스피200 C 202607   547.5 (주간)",,,,,,"0.00",,"0","0.0","0"
"B0167550","코스피200 C 202607   550.0 (야간)",,,,,,"0.00",,"0","0.0","0"
"B0167550","코스피200 C 202607   550.0 (주간)",,,,,,"0.00",,"0","0.0","0"
"B0167552","코스피200 C 202607   552.5 (야간)",,,,,,"0.00",,"0","0.0","0"
"B0167552","코스피200 C 202607   552.5 (주간)",,,,,,"0.00",,"0","0.0","0"
"B0167555","코스피200 C 202607   555.0 (야간)",,,,,,"0.00",,"0","0.0","0"
"B0167555","코스피200 C 202607   555.0 (주간)",,,,,,"0.00",,"0","0.0","0"
"B0167557","코스피200 C 202607   557.5 (야간)",,,,,,"0.00",,"0","0.0","0"
"B0167557","코스피200 C 202607   557.5 (주간)",,,,,,"0.00",,"0","0.0","0"
"B0167560","코스피200 C 202607   560.0 (야간)",,,,,,"0.00",,"0","0.0","0"
"B0167560","코스피200 C 202607   560.0 (주간)",,,,,,"0.00",,"0","0.0","0"
"B0167562","코스피200 C 202607   562.5 (야간)",,,,,,"0.00",,"0","0.0","0"
"B0167562","코스피200 C 202607   562.5 (주간)",,,,,,"0.00",,"0","0.0","0"
"B0167565","코스피200 C 202607   565.0 (야간)",,,,,,"0.00",,"0","0.0","0"
"B0167565","코스피200 C 202607   565.0 (주간)",,,,,,"0.00",,"0","0.0","0"
"B0167567","코스피200 C 202607   567.5 (야간)",,,,,,"0.00",,"0","0.0","0"
"B0167567","코스피200 C 202607   567.5 (주간)",,,,,,"0.00",,"0","0.0","0"
"B0167570","코스피200 C 202607   570.0 (야간)",,,,,,"0.00",,"0","0.0","0"
"B0167570","코스피200 C 202607   570.0 (주간)",,,,,,"0.00",,"0","0.0","0"
"B0167572","코스피200 C 202607   572.5 (야간)",,,,,,"0.00",,"0","0.0","0"
"B0167572","코스피200 C 202607   572.5 (주간)",,,,,,"0.00",,"0","0.0","0"
"B0167575","코스피200 C 202607   575.0 (야간)",,,,,,"0.00",,"0","0.0","0"
"B0167575","코스피200 C 202607   575.0 (주간)",,,,,,"0.00",,"0","0.0","0"
"B0167577","코스피200 C 202607   577.5 (야간)",,,,,,"0.00",,"0","0.0","0"
"B0167577","코스피200 C 202607   577.5 (주간)",,,,,,"0.00",,"0","0.0","0"
"B0167580","코스피200 C 202607   580.0 (야간)",,,,,,"0.00",,"0","0.0","0"
"B0167580","코스피200 C 202607   580.0 (주간)",,,,,,"0.00",,"0","0.0","0"
"B0167582","코스피200 C 202607   582.5 (야간)",,,,,,"0.00",,"0","0.0","0"
"B0167582","코스피200 C 202607   582.5 (주간)",,,,,,"0.00",,"0","0.0","0"
"B0167585","코스피200 C 202607   585.0 (야간)",,,,,,"0.00",,"0","0.0","0"
"B0167585","코스피200 C 202607   585.0 (주간)",,,,,,"0.00",,"0","0.0","0"
"B0167587","코스피200 C 202607   587.5 (야간)",,,,,,"0.00",,"0","0.0","0"
"B0167587","코스피200 C 202607   587.5 (주간)",,,,,,"0.00",,"0","0.0","0"
"B0167590","코스피200 C 202607   590.0 (야간)",,,,,,"0.00",,"0","0.0","0"
"B0167590","코스피200 C 202607   590.0 (주간)",,,,,,"0.00",,"0","0.0","0"
"B0167592","코스피200 C 202607   592.5 (야간)",,,,,,"0.00",,"0","0.0","0"
"B0167592","코스피200 C 202607   592.5 (주간)",,,,,,"0.00",,"0","0.0","0"
"B0167595","코스피200 C 202607   595.0 (야간)",,,,,,"0.00",,"0","0.0","0"
"B0167595","코스피200 C 202607   595.0 (주간)",,,,,,"0.00",,"0","0.0","0"
"B0167597","코스피200 C 202607   597.5 (야간)",,,,,,"0.00",,"0","0.0","0"
"B0167597","코스피200 C 202607   597.5 (주간)",,,,,,"0.00",,"0","0.0","0"
"B0167600","코스피200 C 202607   600.0 (야간)",,,,,,"0.00",,"0","0.0","0"
"B0167600","코스피200 C 202607   600.0 (주간)",,,,,,"0.00",,"0","0.0","0"
"B0167602","코스피200 C 202607   602.5 (야간)",,,,,,"0.00",,"0","0.0","0"
"B0167602","코스피200 C 202607   602.5 (주간)",,,,,,"0.00",,"0","0.0","0"
"B0167605","코스피200 C 202607   605.0 (야간)",,,,,,"0.00",,"0","0.0","0"
"B0167605","코스피200 C 202607   605.0 (주간)",,,,,,"0.00",,"0","0.0","0"
"B0167607","코스피200 C 202607   607.5 (야간)",,,,,,"0.00",,"0","0.0","0"
"B0167607","코스피200 C 202607   607.5 (주간)",,,,,,"0.00",,"0","0.0","0"
"B0167610","코스피200 C 202607   610.0 (야간)",,,,,,"0.00",,"0","0.0","0"
"B0167610","코스피200 C 202607   610.0 (주간)",,,,,,"0.00",,"0","0.0","0"
"B0167612","코스피200 C 202607   612.5 (야간)",,,,,,"0.00",,"0","0.0","0"
"B0167612","코스피200 C 202607   612.5 (주간)",,,,,,"0.00",,"0","0.0","0"
"B0167615","코스피200 C 202607   615.0 (야간)",,,,,,"0.00",,"0","0.0","0"
"B0167615","코스피200 C 202607   615.0 (주간)",,,,,,"0.00",,"0","0.0","0"
"B0167617","코스피200 C 202607   617.5 (야간)",,,,,,"0.00",,"0","0.0","0"
"B0167617","코스피200 C 202607   617.5 (주간)",,,,,,"0.00",,"0","0.0","0"
"B0167620","코스피200 C 202607   620.0 (야간)",,,,,,"0.00",,"0","0.0","0"
"B0167620","코스피200 C 202607   620.0 (주간)",,,,,,"0.00",,"0","0.0","0"
"B0167622","코스피200 C 202607   622.5 (야간)",,,,,,"0.00",,"0","0.0","0"
"B0167622","코스피200 C 202607   622.5 (주간)",,,,,,"0.00",,"0","0.0","0"
"B0167625","코스피200 C 202607   625.0 (야간)",,,,,,"0.00",,"0","0.0","0"
"B0167625","코스피200 C 202607   625.0 (주간)",,,,,,"0.00",,"0","0.0","0"
"B0167627","코스피200 C 202607   627.5 (야간)",,,,,,"0.00",,"0","0.0","0"
"B0167627","코스피200 C 202607   627.5 (주간)",,,,,,"0.00",,"0","0.0","0"
"B0167630","코스피200 C 202607   630.0 (야간)",,,,,,"0.00",,"0","0.0","0"
"B0167630","코스피200 C 202607   630.0 (주간)",,,,,,"0.00",,"0","0.0","0"
"B0167632","코스피200 C 202607   632.5 (야간)",,,,,,"0.00",,"0","0.0","0"
"B0167632","코스피200 C 202607   632.5 (주간)",,,,,,"0.00",,"0","0.0","0"
"B0167635","코스피200 C 202607   635.0 (야간)",,,,,,"0.00",,"0","0.0","0"
"B0167635","코스피200 C 202607   635.0 (주간)",,,,,,"0.00",,"0","0.0","0"
"B0167637","코스피200 C 202607   637.5 (야간)",,,,,,"0.00",,"0","0.0","0"
"B0167637","코스피200 C 202607   637.5 (주간)",,,,,,"0.00",,"0","0.0","0"
"B0167640","코스피200 C 202607   640.0 (야간)",,,,,,"0.00",,"0","0.0","0"
"B0167640","코스피200 C 202607   640.0 (주간)",,,,,,"0.00",,"0","0.0","0"
"B0167642","코스피200 C 202607   642.5 (야간)",,,,,,"0.00",,"0","0.0","0"
"B0167642","코스피200 C 202607   642.5 (주간)",,,,,,"0.00",,"0","0.0","0"
"B0167645","코스피200 C 202607   645.0 (야간)",,,,,,"0.00",,"0","0.0","0"
"B0167645","코스피200 C 202607   645.0 (주간)",,,,,,"0.00",,"0","0.0","0"
"B0167647","코스피200 C 202607   647.5 (야간)",,,,,,"0.00",,"0","0.0","0"
"B0167647","코스피200 C 202607   647.5 (주간)",,,,,,"0.00",,"0","0.0","0"
"B0167650","코스피200 C 202607   650.0 (야간)",,,,,,"0.00",,"0","0.0","0"
"B0167650","코스피200 C 202607   650.0 (주간)",,,,,,"0.00",,"0","0.0","0"
"B0167652","코스피200 C 202607   652.5 (야간)",,,,,,"0.00",,"0","0.0","0"
"B0167652","코스피200 C 202607   652.5 (주간)",,,,,,"0.00",,"0","0.0","0"
"B0167655","코스피200 C 202607   655.0 (야간)",,,,,,"0.00",,"0","0.0","0"
"B0167655","코스피200 C 202607   655.0 (주간)",,,,,,"0.00",,"0","0.0","0"
"B0167657","코스피200 C 202607   657.5 (야간)",,,,,,"0.00",,"0","0.0","0"
"B0167657","코스피200 C 202607   657.5 (주간)",,,,,,"0.00",,"0","0.0","0"
"B0167660","코스피200 C 202607   660.0 (야간)",,,,,,"0.00",,"0","0.0","0"
"B0167660","코스피200 C 202607   660.0 (주간)",,,,,,"0.00",,"0","0.0","0"
"B0167662","코스피200 C 202607   662.5 (야간)",,,,,,"0.00",,"0","0.0","0"
"B0167662","코스피200 C 202607   662.5 (주간)",,,,,,"0.00",,"0","0.0","0"
"B0167665","코스피200 C 202607   665.0 (야간)",,,,,,"0.00",,"0","0.0","0"
"B0167665","코스피200 C 202607   665.0 (주간)",,,,,,"0.00",,"0","0.0","0"
"B0167667","코스피200 C 202607   667.5 (야간)",,,,,,"0.00",,"0","0.0","0"
"B0167667","코스피200 C 202607   667.5 (주간)",,,,,,"0.00",,"0","0.0","0"
"B0167670","코스피200 C 202607   670.0 (야간)",,,,,,"0.00",,"0","0.0","0"
"B0167670","코스피200 C 202607   670.0 (주간)",,,,,,"0.00",,"0","0.0","0"
"B0167672","코스피200 C 202607   672.5 (야간)",,,,,,"0.00",,"0","0.0","0"
"B0167672","코스피200 C 202607   672.5 (주간)",,,,,,"0.00",,"0","0.0","0"
"B0167675","코스피200 C 202607   675.0 (야간)",,,,,,"0.00",,"0","0.0","1"
"B0167675","코스피200 C 202607   675.0 (주간)",,,,,,"0.00",,"0","0.0","1"
"B0167677","코스피200 C 202607   677.5 (야간)",,,,,,"0.00",,"0","0.0","0"
"B0167677","코스피200 C 202607   677.5 (주간)",,,,,,"0.00",,"0","0.0","0"
"B0167680","코스피200 C 202607   680.0 (야간)",,,,,,"0.00",,"0","0.0","0"
"B0167680","코스피200 C 202607   680.0 (주간)",,,,,,"0.00",,"0","0.0","0"
"B0167682","코스피200 C 202607   682.5 (야간)",,,,,,"0.00",,"0","0.0","0"
"B0167682","코스피200 C 202607   682.5 (주간)",,,,,,"0.00",,"0","0.0","0"
"B0167685","코스피200 C 202607   685.0 (야간)",,,,,,"0.00",,"0","0.0","0"
"B0167685","코스피200 C 202607   685.0 (주간)",,,,,,"0.00",,"0","0.0","0"
"B0167687","코스피200 C 202607   687.5 (야간)",,,,,,"0.00",,"0","0.0","0"
"B0167687","코스피200 C 202607   687.5 (주간)",,,,,,"0.00",,"0","0.0","0"
"B0167690","코스피200 C 202607   690.0 (야간)",,,,,,"0.00",,"0","0.0","0"
"B0167690","코스피200 C 202607   690.0 (주간)",,,,,,"0.00",,"0","0.0","0"
"B0167692","코스피200 C 202607   692.5 (야간)",,,,,,"0.00",,"0","0.0","0"
"B0167692","코스피200 C 202607   692.5 (주간)",,,,,,"0.00",,"0","0.0","0"
"B0167695","코스피200 C 202607   695.0 (야간)",,,,,,"0.00",,"0","0.0","0"
"B0167695","코스피200 C 202607   695.0 (주간)",,,,,,"0.00",,"0","0.0","0"
"B0167697","코스피200 C 202607   697.5 (야간)",,,,,,"0.00",,"0","0.0","0"
"B0167697","코스피200 C 202607   697.5 (주간)",,,,,,"0.00",,"0","0.0","0"
"B0167700","코스피200 C 202607   700.0 (야간)",,,,,,"0.00",,"0","0.0","0"
"B0167700","코스피200 C 202607   700.0 (주간)",,,,,,"0.00",,"0","0.0","0"
"B0167702","코스피200 C 202607   702.5 (야간)",,,,,,"0.00",,"0","0.0","0"
"B0167702","코스피200 C 202607   702.5 (주간)",,,,,,"0.00",,"0","0.0","0"
"B0167705","코스피200 C 202607   705.0 (야간)",,,,,,"0.00",,"0","0.0","0"
"B0167705","코스피200 C 202607   705.0 (주간)",,,,,,"0.00",,"0","0.0","0"
"B0167707","코스피200 C 202607   707.5 (야간)",,,,,,"0.00",,"0","0.0","0"
"B0167707","코스피200 C 202607   707.5 (주간)",,,,,,"0.00",,"0","0.0","0"
"B0167710","코스피200 C 202607   710.0 (야간)",,,,,,"0.00",,"0","0.0","0"
"B0167710","코스피200 C 202607   710.0 (주간)",,,,,,"0.00",,"0","0.0","0"
"B0167712","코스피200 C 202607   712.5 (야간)",,,,,,"0.00",,"0","0.0","0"
"B0167712","코스피200 C 202607   712.5 (주간)",,,,,,"0.00",,"0","0.0","0"
"B0167715","코스피200 C 202607   715.0 (야간)",,,,,,"0.00",,"0","0.0","3"
"B0167715","코스피200 C 202607   715.0 (주간)",,,,,,"0.00",,"0","0.0","3"
"B0167717","코스피200 C 202607   717.5 (야간)",,,,,,"0.00",,"0","0.0","0"
"B0167717","코스피200 C 202607   717.5 (주간)",,,,,,"0.00",,"0","0.0","0"
"B0167720","코스피200 C 202607   720.0 (야간)",,,,,,"0.00",,"0","0.0","3"
"B0167720","코스피200 C 202607   720.0 (주간)",,,,,,"0.00",,"0","0.0","3"
"B0167722","코스피200 C 202607   722.5 (야간)",,,,,,"0.00",,"0","0.0","0"
"B0167722","코스피200 C 202607   722.5 (주간)",,,,,,"0.00",,"0","0.0","0"
"B0167725","코스피200 C 202607   725.0 (야간)",,,,,,"0.00",,"0","0.0","3"
"B0167725","코스피200 C 202607   725.0 (주간)",,,,,,"0.00",,"0","0.0","3"
"B0167727","코스피200 C 202607   727.5 (야간)",,,,,,"0.00",,"0","0.0","0"
"B0167727","코스피200 C 202607   727.5 (주간)",,,,,,"0.00",,"0","0.0","0"
"B0167730","코스피200 C 202607   730.0 (야간)",,,,,,"0.00",,"0","0.0","0"
"B0167730","코스피200 C 202607   730.0 (주간)",,,,,,"0.00",,"0","0.0","0"
"B0167732","코스피200 C 202607   732.5 (야간)",,,,,,"0.00",,"0","0.0","0"
"B0167732","코스피200 C 202607   732.5 (주간)",,,,,,"0.00",,"0","0.0","0"
"B0167735","코스피200 C 202607   735.0 (야간)",,,,,,"0.00",,"0","0.0","0"
"B0167735","코스피200 C 202607   735.0 (주간)",,,,,,"0.00",,"0","0.0","0"
"B0167737","코스피200 C 202607   737.5 (야간)",,,,,,"0.00",,"0","0.0","0"
"B0167737","코스피200 C 202607   737.5 (주간)",,,,,,"0.00",,"0","0.0","0"
"B0167740","코스피200 C 202607   740.0 (야간)",,,,,,"0.00",,"0","0.0","0"
"B0167740","코스피200 C 202607   740.0 (주간)",,,,,,"0.00",,"0","0.0","0"
"B0167742","코스피200 C 202607   742.5 (야간)",,,,,,"0.00",,"0","0.0","0"
"B0167742","코스피200 C 202607   742.5 (주간)",,,,,,"0.00",,"0","0.0","0"
"B0167745","코스피200 C 202607   745.0 (야간)",,,,,,"0.00",,"0","0.0","5"
"B0167745","코스피200 C 202607   745.0 (주간)",,,,,,"0.00",,"0","0.0","5"
"B0167747","코스피200 C 202607   747.5 (야간)",,,,,,"0.00",,"0","0.0","0"
"B0167747","코스피200 C 202607   747.5 (주간)",,,,,,"0.00",,"0","0.0","0"
"B0167750","코스피200 C 202607   750.0 (야간)",,,,,,"0.00",,"0","0.0","8"
"B0167750","코스피200 C 202607   750.0 (주간)",,,,,,"0.00",,"0","0.0","8"
"B0167752","코스피200 C 202607   752.5 (야간)",,,,,,"0.00",,"0","0.0","0"
"B0167752","코스피200 C 202607   752.5 (주간)",,,,,,"0.00",,"0","0.0","0"
"B0167755","코스피200 C 202607   755.0 (야간)",,,,,,"0.00",,"0","0.0","0"
"B0167755","코스피200 C 202607   755.0 (주간)",,,,,,"0.00",,"0","0.0","0"
"B0167757","코스피200 C 202607   757.5 (야간)",,,,,,"0.00",,"0","0.0","0"
"B0167757","코스피200 C 202607   757.5 (주간)",,,,,,"0.00",,"0","0.0","0"
"B0167760","코스피200 C 202607   760.0 (야간)",,,,,,"0.00",,"0","0.0","0"
"B0167760","코스피200 C 202607   760.0 (주간)",,,,,,"0.00",,"0","0.0","0"
"B0167762","코스피200 C 202607   762.5 (야간)",,,,,,"0.00",,"0","0.0","0"
"B0167762","코스피200 C 202607   762.5 (주간)",,,,,,"0.00",,"0","0.0","0"
"B0167765","코스피200 C 202607   765.0 (야간)",,,,,,"0.00",,"0","0.0","0"
"B0167765","코스피200 C 202607   765.0 (주간)",,,,,,"0.00",,"0","0.0","0"
"B0167767","코스피200 C 202607   767.5 (야간)",,,,,,"0.00",,"0","0.0","0"
"B0167767","코스피200 C 202607   767.5 (주간)",,,,,,"0.00",,"0","0.0","0"
"B0167770","코스피200 C 202607   770.0 (야간)",,,,,,"0.00",,"0","0.0","81"
"B0167770","코스피200 C 202607   770.0 (주간)",,,,,,"0.00",,"0","0.0","81"
"B0167772","코스피200 C 202607   772.5 (야간)",,,,,,"0.00",,"0","0.0","0"
"B0167772","코스피200 C 202607   772.5 (주간)",,,,,,"0.00",,"0","0.0","0"
"B0167775","코스피200 C 202607   775.0 (야간)",,,,,,"0.00",,"0","0.0","0"
"B0167775","코스피200 C 202607   775.0 (주간)",,,,,,"0.00",,"0","0.0","0"
"B0167777","코스피200 C 202607   777.5 (야간)",,,,,,"0.00",,"0","0.0","0"
"B0167777","코스피200 C 202607   777.5 (주간)",,,,,,"0.00",,"0","0.0","0"
"B0167780","코스피200 C 202607   780.0 (야간)",,,,,,"0.00",,"0","0.0","0"
"B0167780","코스피200 C 202607   780.0 (주간)",,,,,,"0.00",,"0","0.0","0"
"B0167782","코스피200 C 202607   782.5 (야간)",,,,,,"0.00",,"0","0.0","0"
"B0167782","코스피200 C 202607   782.5 (주간)",,,,,,"0.00",,"0","0.0","0"
"B0167785","코스피200 C 202607   785.0 (야간)",,,,,,"0.00",,"0","0.0","0"
"B0167785","코스피200 C 202607   785.0 (주간)",,,,,,"0.00",,"0","0.0","0"
"B0167787","코스피200 C 202607   787.5 (야간)",,,,,,"0.00",,"0","0.0","0"
"B0167787","코스피200 C 202607   787.5 (주간)",,,,,,"0.00",,"0","0.0","0"
"B0167790","코스피200 C 202607   790.0 (야간)",,,,,,"0.00",,"0","0.0","0"
"B0167790","코스피200 C 202607   790.0 (주간)",,,,,,"0.00",,"0","0.0","0"
"B0167792","코스피200 C 202607   792.5 (야간)",,,,,,"0.00",,"0","0.0","0"
"B0167792","코스피200 C 202607   792.5 (주간)",,,,,,"0.00",,"0","0.0","0"
"B0167795","코스피200 C 202607   795.0 (야간)",,,,,,"0.00",,"0","0.0","0"
"B0167795","코스피200 C 202607   795.0 (주간)",,,,,,"0.00",,"0","0.0","0"
"B0167797","코스피200 C 202607   797.5 (야간)",,,,,,"0.00",,"0","0.0","0"
"B0167797","코스피200 C 202607   797.5 (주간)",,,,,,"0.00",,"0","0.0","0"
"B0167800","코스피200 C 202607   800.0 (야간)",,,,,,"0.00",,"0","0.0","0"
"B0167800","코스피200 C 202607   800.0 (주간)",,,,,,"0.00",,"0","0.0","0"
"B0167802","코스피200 C 202607   802.5 (야간)",,,,,,"0.00",,"0","0.0","0"
"B0167802","코스피200 C 202607   802.5 (주간)",,,,,,"0.00",,"0","0.0","0"
"B0167805","코스피200 C 202607   805.0 (야간)",,,,,,"0.00",,"0","0.0","0"
"B0167805","코스피200 C 202607   805.0 (주간)",,,,,,"0.00",,"0","0.0","0"
"B0167807","코스피200 C 202607   807.5 (야간)",,,,,,"0.00",,"0","0.0","0"
"B0167807","코스피200 C 202607   807.5 (주간)",,,,,,"0.00",,"0","0.0","0"
"B0167810","코스피200 C 202607   810.0 (야간)",,,,,,"0.00",,"0","0.0","0"
"B0167810","코스피200 C 202607   810.0 (주간)",,,,,,"0.00",,"0","0.0","0"
"B0167812","코스피200 C 202607   812.5 (야간)",,,,,,"0.00",,"0","0.0","0"
"B0167812","코스피200 C 202607   812.5 (주간)",,,,,,"0.00",,"0","0.0","0"
"B0167815","코스피200 C 202607   815.0 (야간)",,,,,,"0.00",,"0","0.0","1"
"B0167815","코스피200 C 202607   815.0 (주간)",,,,,,"0.00",,"0","0.0","1"
"B0167817","코스피200 C 202607   817.5 (야간)",,,,,,"0.00",,"0","0.0","0"
"B0167817","코스피200 C 202607   817.5 (주간)",,,,,,"0.00",,"0","0.0","0"
"B0167820","코스피200 C 202607   820.0 (야간)",,,,,,"0.00",,"0","0.0","1"
"B0167820","코스피200 C 202607   820.0 (주간)",,,,,,"0.00",,"0","0.0","1"
"B0167822","코스피200 C 202607   822.5 (야간)",,,,,,"0.00",,"0","0.0","0"
"B0167822","코스피200 C 202607   822.5 (주간)",,,,,,"0.00",,"0","0.0","0"
"B0167825","코스피200 C 202607   825.0 (야간)",,,,,,"0.00",,"0","0.0","0"
"B0167825","코스피200 C 202607   825.0 (주간)",,,,,,"0.00",,"0","0.0","0"
"B0167827","코스피200 C 202607   827.5 (야간)",,,,,,"0.00",,"0","0.0","0"
"B0167827","코스피200 C 202607   827.5 (주간)",,,,,,"0.00",,"0","0.0","0"
"B0167830","코스피200 C 202607   830.0 (야간)",,,,,,"0.00",,"0","0.0","1"
"B0167830","코스피200 C 202607   830.0 (주간)",,,,,,"0.00",,"0","0.0","1"
"B0167832","코스피200 C 202607   832.5 (야간)",,,,,,"0.00",,"0","0.0","0"
"B0167832","코스피200 C 202607   832.5 (주간)",,,,,,"0.00",,"0","0.0","0"
"B0167835","코스피200 C 202607   835.0 (야간)",,,,,,"0.00",,"0","0.0","10"
"B0167835","코스피200 C 202607   835.0 (주간)",,,,,,"0.00",,"0","0.0","10"
"B0167837","코스피200 C 202607   837.5 (야간)",,,,,,"0.00",,"0","0.0","0"
"B0167837","코스피200 C 202607   837.5 (주간)",,,,,,"0.00",,"0","0.0","0"
"B0167840","코스피200 C 202607   840.0 (야간)",,,,,,"0.00",,"0","0.0","14"
"B0167840","코스피200 C 202607   840.0 (주간)",,,,,,"0.00",,"0","0.0","14"
"B0167842","코스피200 C 202607   842.5 (야간)",,,,,,"0.00",,"0","0.0","0"
"B0167842","코스피200 C 202607   842.5 (주간)",,,,,,"0.00",,"0","0.0","0"
"B0167845","코스피200 C 202607   845.0 (야간)",,,,,,"0.00",,"0","0.0","109"
"B0167845","코스피200 C 202607   845.0 (주간)",,,,,,"0.00",,"0","0.0","109"
"B0167847","코스피200 C 202607   847.5 (야간)",,,,,,"0.00",,"0","0.0","0"
"B0167847","코스피200 C 202607   847.5 (주간)",,,,,,"0.00",,"0","0.0","0"
"B0167850","코스피200 C 202607   850.0 (야간)",,,,,,"0.00",,"0","0.0","2"
"B0167850","코스피200 C 202607   850.0 (주간)",,,,,,"0.00",,"0","0.0","2"
"B0167852","코스피200 C 202607   852.5 (야간)",,,,,,"0.00",,"0","0.0","0"
"B0167852","코스피200 C 202607   852.5 (주간)",,,,,,"0.00",,"0","0.0","0"
"B0167855","코스피200 C 202607   855.0 (야간)",,,,,,"0.00",,"0","0.0","1"
"B0167855","코스피200 C 202607   855.0 (주간)",,,,,,"0.00",,"0","0.0","1"
"B0167857","코스피200 C 202607   857.5 (야간)",,,,,,"0.00",,"0","0.0","0"
"B0167857","코스피200 C 202607   857.5 (주간)",,,,,,"0.00",,"0","0.0","0"
"B0167860","코스피200 C 202607   860.0 (야간)",,,,,,"0.00",,"0","0.0","0"
"B0167860","코스피200 C 202607   860.0 (주간)",,,,,,"0.00",,"0","0.0","0"
"B0167862","코스피200 C 202607   862.5 (야간)",,,,,,"0.00",,"0","0.0","0"
"B0167862","코스피200 C 202607   862.5 (주간)",,,,,,"0.00",,"0","0.0","0"
"B0167865","코스피200 C 202607   865.0 (야간)",,,,,,"0.00",,"0","0.0","0"
"B0167865","코스피200 C 202607   865.0 (주간)",,,,,,"0.00",,"0","0.0","0"
"B0167867","코스피200 C 202607   867.5 (야간)",,,,,,"0.00",,"0","0.0","0"
"B0167867","코스피200 C 202607   867.5 (주간)",,,,,,"0.00",,"0","0.0","0"
"B0167870","코스피200 C 202607   870.0 (야간)",,,,,,"0.00",,"0","0.0","0"
"B0167870","코스피200 C 202607   870.0 (주간)",,,,,,"0.00",,"0","0.0","0"
"B0167872","코스피200 C 202607   872.5 (야간)",,,,,,"0.00",,"0","0.0","0"
"B0167872","코스피200 C 202607   872.5 (주간)",,,,,,"0.00",,"0","0.0","0"
"B0167875","코스피200 C 202607   875.0 (야간)",,,,,,"0.00",,"0","0.0","1"
"B0167875","코스피200 C 202607   875.0 (주간)",,,,,,"0.00",,"0","0.0","1"
"B0167877","코스피200 C 202607   877.5 (야간)",,,,,,"0.00",,"0","0.0","0"
"B0167877","코스피200 C 202607   877.5 (주간)",,,,,,"0.00",,"0","0.0","0"
"B0167880","코스피200 C 202607   880.0 (야간)",,,,,,"0.00",,"0","0.0","0"
"B0167880","코스피200 C 202607   880.0 (주간)",,,,,,"0.00",,"0","0.0","0"
"B0167882","코스피200 C 202607   882.5 (야간)",,,,,,"0.00",,"0","0.0","0"
"B0167882","코스피200 C 202607   882.5 (주간)",,,,,,"0.00",,"0","0.0","0"
"B0167885","코스피200 C 202607   885.0 (야간)",,,,,,"0.00",,"0","0.0","1"
"B0167885","코스피200 C 202607   885.0 (주간)",,,,,,"0.00",,"0","0.0","1"
"B0167887","코스피200 C 202607   887.5 (야간)",,,,,,"0.00",,"0","0.0","0"
"B0167887","코스피200 C 202607   887.5 (주간)",,,,,,"0.00",,"0","0.0","0"
"B0167890","코스피200 C 202607   890.0 (야간)",,,,,,"0.00",,"0","0.0","1"
"B0167890","코스피200 C 202607   890.0 (주간)",,,,,,"0.00",,"0","0.0","1"
"B0167892","코스피200 C 202607   892.5 (야간)",,,,,,"0.00",,"0","0.0","0"
"B0167892","코스피200 C 202607   892.5 (주간)",,,,,,"0.00",,"0","0.0","0"
"B0167895","코스피200 C 202607   895.0 (야간)",,,,,,"0.00",,"0","0.0","0"
"B0167895","코스피200 C 202607   895.0 (주간)",,,,,,"0.00",,"0","0.0","0"
"B0167897","코스피200 C 202607   897.5 (야간)",,,,,,"0.00",,"0","0.0","0"
"B0167897","코스피200 C 202607   897.5 (주간)",,,,,,"0.00",,"0","0.0","0"
"B0167900","코스피200 C 202607   900.0 (야간)",,,,,,"0.00",,"0","0.0","546"
"B0167900","코스피200 C 202607   900.0 (주간)",,,,,,"0.00",,"0","0.0","546"
"B0167902","코스피200 C 202607   902.5 (야간)",,,,,,"0.00",,"0","0.0","0"
"B0167902","코스피200 C 202607   902.5 (주간)",,,,,,"0.00",,"0","0.0","0"
"B0167905","코스피200 C 202607   905.0 (야간)",,,,,,"0.00",,"0","0.0","0"
"B0167905","코스피200 C 202607   905.0 (주간)",,,,,,"0.00",,"0","0.0","0"
"B0167907","코스피200 C 202607   907.5 (야간)",,,,,,"0.00",,"0","0.0","0"
"B0167907","코스피200 C 202607   907.5 (주간)",,,,,,"0.00",,"0","0.0","0"
"B0167910","코스피200 C 202607   910.0 (야간)",,,,,,"0.00",,"0","0.0","4"
"B0167910","코스피200 C 202607   910.0 (주간)",,,,,,"0.00",,"0","0.0","4"
"B0167912","코스피200 C 202607   912.5 (야간)",,,,,,"0.00",,"0","0.0","0"
"B0167912","코스피200 C 202607   912.5 (주간)",,,,,,"0.00",,"0","0.0","0"
"B0167915","코스피200 C 202607   915.0 (야간)",,,,,,"0.00",,"0","0.0","0"
"B0167915","코스피200 C 202607   915.0 (주간)",,,,,,"0.00",,"0","0.0","0"
"B0167917","코스피200 C 202607   917.5 (야간)",,,,,,"0.00",,"0","0.0","0"
"B0167917","코스피200 C 202607   917.5 (주간)",,,,,,"0.00",,"0","0.0","0"
"B0167920","코스피200 C 202607   920.0 (야간)",,,,,,"0.00",,"0","0.0","0"
"B0167920","코스피200 C 202607   920.0 (주간)",,,,,,"0.00",,"0","0.0","0"
"B0167922","코스피200 C 202607   922.5 (야간)",,,,,,"0.00",,"0","0.0","0"
"B0167922","코스피200 C 202607   922.5 (주간)",,,,,,"0.00",,"0","0.0","0"
"B0167925","코스피200 C 202607   925.0 (야간)",,,,,,"0.00",,"0","0.0","0"
"B0167925","코스피200 C 202607   925.0 (주간)",,,,,,"0.00",,"0","0.0","0"
"B0167927","코스피200 C 202607   927.5 (야간)",,,,,,"0.00",,"0","0.0","0"
"B0167927","코스피200 C 202607   927.5 (주간)",,,,,,"0.00",,"0","0.0","0"
"B0167930","코스피200 C 202607   930.0 (야간)",,,,,,"0.00",,"0","0.0","16"
"B0167930","코스피200 C 202607   930.0 (주간)",,,,,,"0.00",,"0","0.0","16"
"B0167932","코스피200 C 202607   932.5 (야간)",,,,,,"0.00",,"0","0.0","0"
"B0167932","코스피200 C 202607   932.5 (주간)",,,,,,"0.00",,"0","0.0","0"
"B0167935","코스피200 C 202607   935.0 (야간)",,,,,,"0.00",,"0","0.0","2"
"B0167935","코스피200 C 202607   935.0 (주간)",,,,,,"0.00",,"0","0.0","2"
"B0167937","코스피200 C 202607   937.5 (야간)",,,,,,"0.00",,"0","0.0","0"
"B0167937","코스피200 C 202607   937.5 (주간)",,,,,,"0.00",,"0","0.0","0"
"B0167940","코스피200 C 202607   940.0 (야간)",,,,,,"0.00",,"0","0.0","8"
"B0167940","코스피200 C 202607   940.0 (주간)",,,,,,"0.00",,"0","0.0","8"
"B0167942","코스피200 C 202607   942.5 (야간)",,,,,,"0.00",,"0","0.0","0"
"B0167942","코스피200 C 202607   942.5 (주간)",,,,,,"0.00",,"0","0.0","0"
"B0167945","코스피200 C 202607   945.0 (야간)",,,,,,"0.00",,"0","0.0","0"
"B0167945","코스피200 C 202607   945.0 (주간)",,,,,,"0.00",,"0","0.0","0"
"B0167947","코스피200 C 202607   947.5 (야간)",,,,,,"0.00",,"0","0.0","0"
"B0167947","코스피200 C 202607   947.5 (주간)",,,,,,"0.00",,"0","0.0","0"
"B0167950","코스피200 C 202607   950.0 (야간)",,,,,,"0.00",,"0","0.0","0"
"B0167950","코스피200 C 202607   950.0 (주간)",,,,,,"0.00",,"0","0.0","0"
"B0167952","코스피200 C 202607   952.5 (야간)",,,,,,"0.00",,"0","0.0","0"
"B0167952","코스피200 C 202607   952.5 (주간)",,,,,,"0.00",,"0","0.0","0"
"B0167955","코스피200 C 202607   955.0 (야간)",,,,,,"0.00",,"0","0.0","0"
"B0167955","코스피200 C 202607   955.0 (주간)",,,,,,"0.00",,"0","0.0","0"
"B0167957","코스피200 C 202607   957.5 (야간)",,,,,,"0.00",,"0","0.0","0"
"B0167957","코스피200 C 202607   957.5 (주간)",,,,,,"0.00",,"0","0.0","0"
"B0167960","코스피200 C 202607   960.0 (야간)",,,,,,"0.00",,"0","0.0","0"
"B0167960","코스피200 C 202607   960.0 (주간)",,,,,,"0.00",,"0","0.0","0"
"B0167962","코스피200 C 202607   962.5 (야간)",,,,,,"0.00",,"0","0.0","0"
"B0167962","코스피200 C 202607   962.5 (주간)",,,,,,"0.00",,"0","0.0","0"
"B0167965","코스피200 C 202607   965.0 (야간)",,,,,,"0.00",,"0","0.0","0"
"B0167965","코스피200 C 202607   965.0 (주간)",,,,,,"0.00",,"0","0.0","0"
"B0167967","코스피200 C 202607   967.5 (야간)",,,,,,"0.00",,"0","0.0","0"
"B0167967","코스피200 C 202607   967.5 (주간)",,,,,,"0.00",,"0","0.0","0"
"B0167970","코스피200 C 202607   970.0 (야간)",,,,,,"0.00",,"0","0.0","7"
"B0167970","코스피200 C 202607   970.0 (주간)",,,,,,"0.00",,"0","0.0","7"
"B0167972","코스피200 C 202607   972.5 (야간)",,,,,,"0.00",,"0","0.0","0"
"B0167972","코스피200 C 202607   972.5 (주간)",,,,,,"0.00",,"0","0.0","0"
"B0167975","코스피200 C 202607   975.0 (야간)",,,,,,"0.00",,"0","0.0","4"
"B0167975","코스피200 C 202607   975.0 (주간)",,,,,,"0.00",,"0","0.0","4"
"B0167977","코스피200 C 202607   977.5 (야간)",,,,,,"0.00",,"0","0.0","0"
"B0167977","코스피200 C 202607   977.5 (주간)",,,,,,"0.00",,"0","0.0","0"
"B0167980","코스피200 C 202607   980.0 (야간)",,,,,,"0.00",,"0","0.0","58"
"B0167980","코스피200 C 202607   980.0 (주간)",,,,,,"0.00",,"0","0.0","58"
"B0167982","코스피200 C 202607   982.5 (야간)",,,,,,"0.00",,"0","0.0","0"
"B0167982","코스피200 C 202607   982.5 (주간)",,,,,,"0.00",,"0","0.0","0"
"B0167985","코스피200 C 202607   985.0 (야간)",,,,,,"0.00",,"0","0.0","0"
"B0167985","코스피200 C 202607   985.0 (주간)",,,,,,"0.00",,"0","0.0","0"
"B0167987","코스피200 C 202607   987.5 (야간)",,,,,,"0.00",,"0","0.0","0"
"B0167987","코스피200 C 202607   987.5 (주간)",,,,,,"0.00",,"0","0.0","0"
"B0167990","코스피200 C 202607   990.0 (야간)",,,,,,"0.00",,"0","0.0","0"
"B0167990","코스피200 C 202607   990.0 (주간)",,,,,,"0.00",,"0","0.0","0"
"B0167992","코스피200 C 202607   992.5 (야간)",,,,,,"0.00",,"0","0.0","0"
"B0167992","코스피200 C 202607   992.5 (주간)",,,,,,"0.00",,"0","0.0","0"
"B0167995","코스피200 C 202607   995.0 (야간)",,,,,,"0.00",,"0","0.0","2"
"B0167995","코스피200 C 202607   995.0 (주간)",,,,,,"0.00",,"0","0.0","2"
"B0167997","코스피200 C 202607   997.5 (야간)",,,,,,"0.00",,"0","0.0","0"
"B0167997","코스피200 C 202607   997.5 (주간)",,,,,,"0.00",,"0","0.0","0"
"B0167A01","코스피200 C 202607 1,000.0 (야간)",,,,,,"0.00",,"0","0.0","70"
"B0167A01","코스피200 C 202607 1,000.0 (주간)",,,,,,"0.00",,"0","0.0","70"
"B0167A07","코스피200 C 202607 1,002.5 (야간)",,,,,,"0.00",,"0","0.0","0"
"B0167A07","코스피200 C 202607 1,002.5 (주간)",,,,,,"0.00",,"0","0.0","0"
"B0167A02","코스피200 C 202607 1,005.0 (야간)",,,,,,"0.00",,"0","0.0","0"
"B0167A02","코스피200 C 202607 1,005.0 (주간)",,,,,,"0.00",,"0","0.0","0"
"B0167A08","코스피200 C 202607 1,007.5 (야간)",,,,,,"0.00",,"0","0.0","0"
"B0167A08","코스피200 C 202607 1,007.5 (주간)",,,,,,"0.00",,"0","0.0","0"
"B0167A03","코스피200 C 202607 1,010.0 (야간)",,,,,,"0.00",,"0","0.0","1"
"B0167A03","코스피200 C 202607 1,010.0 (주간)",,,,,,"0.00",,"0","0.0","1"
"B0167A09","코스피200 C 202607 1,012.5 (야간)",,,,,,"0.00",,"0","0.0","0"
"B0167A09","코스피200 C 202607 1,012.5 (주간)",,,,,,"0.00",,"0","0.0","0"
"B0167A04","코스피200 C 202607 1,015.0 (야간)",,,,,,"0.00",,"0","0.0","0"
"B0167A04","코스피200 C 202607 1,015.0 (주간)",,,,,,"0.00",,"0","0.0","0"
"B0167A10","코스피200 C 202607 1,017.5 (야간)",,,,,,"0.00",,"0","0.0","0"
"B0167A10","코스피200 C 202607 1,017.5 (주간)",,,,,,"0.00",,"0","0.0","0"
"B0167A05","코스피200 C 202607 1,020.0 (야간)",,,,,,"0.00",,"0","0.0","0"
"B0167A05","코스피200 C 202607 1,020.0 (주간)",,,,,,"0.00",,"0","0.0","0"
"B0167A11","코스피200 C 202607 1,022.5 (야간)",,,,,,"0.00",,"0","0.0","0"
"B0167A11","코스피200 C 202607 1,022.5 (주간)",,,,,,"0.00",,"0","0.0","0"
"B0167A06","코스피200 C 202607 1,025.0 (야간)",,,,,,"0.00",,"0","0.0","1"
"B0167A06","코스피200 C 202607 1,025.0 (주간)",,,,,,"0.00",,"0","0.0","1"
"B0167A20","코스피200 C 202607 1,027.5 (야간)",,,,,,"0.00",,"0","0.0","0"
"B0167A20","코스피200 C 202607 1,027.5 (주간)",,,,,,"0.00",,"0","0.0","0"
"B0167A12","코스피200 C 202607 1,030.0 (야간)",,,,,,"0.00",,"0","0.0","1"
"B0167A12","코스피200 C 202607 1,030.0 (주간)",,,,,,"0.00",,"0","0.0","1"
"B0167A21","코스피200 C 202607 1,032.5 (야간)",,,,,,"0.00",,"0","0.0","0"
"B0167A21","코스피200 C 202607 1,032.5 (주간)",,,,,,"0.00",,"0","0.0","0"
"B0167A13","코스피200 C 202607 1,035.0 (야간)",,,,,,"0.00",,"0","0.0","0"
"B0167A13","코스피200 C 202607 1,035.0 (주간)",,,,,,"0.00",,"0","0.0","0"
"B0167A22","코스피200 C 202607 1,037.5 (야간)",,,,,,"0.00",,"0","0.0","0"
"B0167A22","코스피200 C 202607 1,037.5 (주간)",,,,,,"0.00",,"0","0.0","0"
"B0167A14","코스피200 C 202607 1,040.0 (야간)",,,,,,"0.00",,"0","0.0","9"
"B0167A14","코스피200 C 202607 1,040.0 (주간)",,,,,,"0.00",,"0","0.0","9"
"B0167A23","코스피200 C 202607 1,042.5 (야간)",,,,,,"0.00",,"0","0.0","0"
"B0167A23","코스피200 C 202607 1,042.5 (주간)",,,,,,"0.00",,"0","0.0","0"
"B0167A15","코스피200 C 202607 1,045.0 (야간)",,,,,,"0.00",,"0","0.0","0"
"B0167A15","코스피200 C 202607 1,045.0 (주간)",,,,,,"0.00",,"0","0.0","0"
"B0167A24","코스피200 C 202607 1,047.5 (야간)",,,,,,"0.00",,"0","0.0","0"
"B0167A24","코스피200 C 202607 1,047.5 (주간)",,,,,,"0.00",,"0","0.0","0"
"B0167A16","코스피200 C 202607 1,050.0 (야간)",,,,,,"0.00",,"0","0.0","0"
"B0167A16","코스피200 C 202607 1,050.0 (주간)",,,,,,"0.00",,"0","0.0","0"
"B0167A25","코스피200 C 202607 1,052.5 (야간)",,,,,,"0.00",,"0","0.0","0"
"B0167A25","코스피200 C 202607 1,052.5 (주간)",,,,,,"0.00",,"0","0.0","0"
"B0167A17","코스피200 C 202607 1,055.0 (야간)",,,,,,"0.00",,"0","0.0","12"
"B0167A17","코스피200 C 202607 1,055.0 (주간)",,,,,,"0.00",,"0","0.0","12"
"B0167A26","코스피200 C 202607 1,057.5 (야간)",,,,,,"0.00",,"0","0.0","0"
"B0167A26","코스피200 C 202607 1,057.5 (주간)",,,,,,"0.00",,"0","0.0","0"
"B0167A18","코스피200 C 202607 1,060.0 (야간)",,,,,,"0.00",,"0","0.0","7"
"B0167A18","코스피200 C 202607 1,060.0 (주간)",,,,,,"0.00",,"0","0.0","7"
"B0167A27","코스피200 C 202607 1,062.5 (야간)",,,,,,"0.00",,"0","0.0","18"
"B0167A27","코스피200 C 202607 1,062.5 (주간)",,,,,,"0.00",,"0","0.0","18"
"B0167A19","코스피200 C 202607 1,065.0 (야간)",,,,,,"0.00",,"0","0.0","68"
"B0167A19","코스피200 C 202607 1,065.0 (주간)",,,,,,"0.00",,"0","0.0","68"
"B0168625","코스피200 C 202608   625.0 (야간)",,,,,,"0.00",,"0","0.0","0"
"B0168625","코스피200 C 202608   625.0 (주간)",,,,,,"0.00",,"0","0.0","0"
"B0168630","코스피200 C 202608   630.0 (야간)",,,,,,"0.00",,"0","0.0","0"
"B0168630","코스피200 C 202608   630.0 (주간)",,,,,,"0.00",,"0","0.0","0"
"B0168635","코스피200 C 202608   635.0 (야간)",,,,,,"0.00",,"0","0.0","0"
"B0168635","코스피200 C 202608   635.0 (주간)",,,,,,"0.00",,"0","0.0","0"
"B0168640","코스피200 C 202608   640.0 (야간)",,,,,,"0.00",,"0","0.0","0"
"B0168640","코스피200 C 202608   640.0 (주간)",,,,,,"0.00",,"0","0.0","0"
"B0168645","코스피200 C 202608   645.0 (야간)",,,,,,"0.00",,"0","0.0","0"
"B0168645","코스피200 C 202608   645.0 (주간)",,,,,,"0.00",,"0","0.0","0"
"B0168650","코스피200 C 202608   650.0 (야간)",,,,,,"0.00",,"0","0.0","0"
"B0168650","코스피200 C 202608   650.0 (주간)",,,,,,"0.00",,"0","0.0","0"
"B0168655","코스피200 C 202608   655.0 (야간)",,,,,,"0.00",,"0","0.0","0"
"B0168655","코스피200 C 202608   655.0 (주간)",,,,,,"0.00",,"0","0.0","0"
"B0168660","코스피200 C 202608   660.0 (야간)",,,,,,"0.00",,"0","0.0","0"
"B0168660","코스피200 C 202608   660.0 (주간)",,,,,,"0.00",,"0","0.0","0"
"B0168665","코스피200 C 202608   665.0 (야간)",,,,,,"0.00",,"0","0.0","0"
"B0168665","코스피200 C 202608   665.0 (주간)",,,,,,"0.00",,"0","0.0","0"
"B0168670","코스피200 C 202608   670.0 (야간)",,,,,,"0.00",,"0","0.0","0"
"B0168670","코스피200 C 202608   670.0 (주간)",,,,,,"0.00",,"0","0.0","0"
"B0168675","코스피200 C 202608   675.0 (야간)",,,,,,"0.00",,"0","0.0","0"
"B0168675","코스피200 C 202608   675.0 (주간)",,,,,,"0.00",,"0","0.0","0"
"B0168680","코스피200 C 202608   680.0 (야간)",,,,,,"0.00",,"0","0.0","1"
"B0168680","코스피200 C 202608   680.0 (주간)",,,,,,"0.00",,"0","0.0","1"
"B0168685","코스피200 C 202608   685.0 (야간)",,,,,,"0.00",,"0","0.0","0"
"B0168685","코스피200 C 202608   685.0 (주간)",,,,,,"0.00",,"0","0.0","0"
"B0168690","코스피200 C 202608   690.0 (야간)",,,,,,"0.00",,"0","0.0","0"
"B0168690","코스피200 C 202608   690.0 (주간)",,,,,,"0.00",,"0","0.0","0"
"B0168695","코스피200 C 202608   695.0 (야간)",,,,,,"0.00",,"0","0.0","0"
"B0168695","코스피200 C 202608   695.0 (주간)",,,,,,"0.00",,"0","0.0","0"
"B0168700","코스피200 C 202608   700.0 (야간)",,,,,,"0.00",,"0","0.0","1"
"B0168700","코스피200 C 202608   700.0 (주간)",,,,,,"0.00",,"0","0.0","1"
"B0168705","코스피200 C 202608   705.0 (야간)",,,,,,"0.00",,"0","0.0","0"
"B0168705","코스피200 C 202608   705.0 (주간)",,,,,,"0.00",,"0","0.0","0"
"B0168710","코스피200 C 202608   710.0 (야간)",,,,,,"0.00",,"0","0.0","0"
"B0168710","코스피200 C 202608   710.0 (주간)",,,,,,"0.00",,"0","0.0","0"
"B0168715","코스피200 C 202608   715.0 (야간)",,,,,,"0.00",,"0","0.0","0"
"B0168715","코스피200 C 202608   715.0 (주간)",,,,,,"0.00",,"0","0.0","0"
"B0168720","코스피200 C 202608   720.0 (야간)",,,,,,"0.00",,"0","0.0","0"
"B0168720","코스피200 C 202608   720.0 (주간)",,,,,,"0.00",,"0","0.0","0"
"B0168725","코스피200 C 202608   725.0 (야간)",,,,,,"0.00",,"0","0.0","0"
"B0168725","코스피200 C 202608   725.0 (주간)",,,,,,"0.00",,"0","0.0","0"
"B0168730","코스피200 C 202608   730.0 (야간)",,,,,,"0.00",,"0","0.0","0"
"B0168730","코스피200 C 202608   730.0 (주간)",,,,,,"0.00",,"0","0.0","0"
"B0168735","코스피200 C 202608   735.0 (야간)",,,,,,"0.00",,"0","0.0","0"
"B0168735","코스피200 C 202608   735.0 (주간)",,,,,,"0.00",,"0","0.0","0"
"B0168740","코스피200 C 202608   740.0 (야간)",,,,,,"0.00",,"0","0.0","0"
"B0168740","코스피200 C 202608   740.0 (주간)",,,,,,"0.00",,"0","0.0","0"
"B0168745","코스피200 C 202608   745.0 (야간)",,,,,,"0.00",,"0","0.0","0"
"B0168745","코스피200 C 202608   745.0 (주간)",,,,,,"0.00",,"0","0.0","0"
"B0168750","코스피200 C 202608   750.0 (야간)",,,,,,"0.00",,"0","0.0","0"
"B0168750","코스피200 C 202608   750.0 (주간)",,,,,,"0.00",,"0","0.0","0"
"B0168755","코스피200 C 202608   755.0 (야간)",,,,,,"0.00",,"0","0.0","0"
"B0168755","코스피200 C 202608   755.0 (주간)",,,,,,"0.00",,"0","0.0","0"
"B0168760","코스피200 C 202608   760.0 (야간)",,,,,,"0.00",,"0","0.0","0"
"B0168760","코스피200 C 202608   760.0 (주간)",,,,,,"0.00",,"0","0.0","0"
"B0168765","코스피200 C 202608   765.0 (야간)",,,,,,"0.00",,"0","0.0","0"
"B0168765","코스피200 C 202608   765.0 (주간)",,,,,,"0.00",,"0","0.0","0"
"B0168770","코스피200 C 202608   770.0 (야간)",,,,,,"0.00",,"0","0.0","0"
"B0168770","코스피200 C 202608   770.0 (주간)",,,,,,"0.00",,"0","0.0","0"
"B0168775","코스피200 C 202608   775.0 (야간)",,,,,,"0.00",,"0","0.0","0"
"B0168775","코스피200 C 202608   775.0 (주간)",,,,,,"0.00",,"0","0.0","0"
"B0168780","코스피200 C 202608   780.0 (야간)",,,,,,"0.00",,"0","0.0","0"
"B0168780","코스피200 C 202608   780.0 (주간)",,,,,,"0.00",,"0","0.0","0"
"B0168785","코스피200 C 202608   785.0 (야간)",,,,,,"0.00",,"0","0.0","0"
"B0168785","코스피200 C 202608   785.0 (주간)",,,,,,"0.00",,"0","0.0","0"
"B0168790","코스피200 C 202608   790.0 (야간)",,,,,,"0.00",,"0","0.0","0"
"B0168790","코스피200 C 202608   790.0 (주간)",,,,,,"0.00",,"0","0.0","0"
"B0168795","코스피200 C 202608   795.0 (야간)",,,,,,"0.00",,"0","0.0","0"
"B0168795","코스피200 C 202608   795.0 (주간)",,,,,,"0.00",,"0","0.0","0"
"B0168800","코스피200 C 202608   800.0 (야간)",,,,,,"0.00",,"0","0.0","0"
"B0168800","코스피200 C 202608   800.0 (주간)",,,,,,"0.00",,"0","0.0","0"
"B0168805","코스피200 C 202608   805.0 (야간)",,,,,,"0.00",,"0","0.0","0"
"B0168805","코스피200 C 202608   805.0 (주간)",,,,,,"0.00",,"0","0.0","0"
"B0168810","코스피200 C 202608   810.0 (야간)",,,,,,"0.00",,"0","0.0","0"
"B0168810","코스피200 C 202608   810.0 (주간)",,,,,,"0.00",,"0","0.0","0"
"B0168815","코스피200 C 202608   815.0 (야간)",,,,,,"0.00",,"0","0.0","0"
"B0168815","코스피200 C 202608   815.0 (주간)",,,,,,"0.00",,"0","0.0","0"
"B0168820","코스피200 C 202608   820.0 (야간)",,,,,,"0.00",,"0","0.0","0"
"B0168820","코스피200 C 202608   820.0 (주간)",,,,,,"0.00",,"0","0.0","0"
"B0168825","코스피200 C 202608   825.0 (야간)",,,,,,"0.00",,"0","0.0","0"
"B0168825","코스피200 C 202608   825.0 (주간)",,,,,,"0.00",,"0","0.0","0"
"B0168830","코스피200 C 202608   830.0 (야간)",,,,,,"0.00",,"0","0.0","0"
"B0168830","코스피200 C 202608   830.0 (주간)",,,,,,"0.00",,"0","0.0","0"
"B0168835","코스피200 C 202608   835.0 (야간)",,,,,,"0.00",,"0","0.0","0"
"B0168835","코스피200 C 202608   835.0 (주간)",,,,,,"0.00",,"0","0.0","0"
"B0168840","코스피200 C 202608   840.0 (야간)",,,,,,"0.00",,"0","0.0","1"
"B0168840","코스피200 C 202608   840.0 (주간)",,,,,,"0.00",,"0","0.0","1"
"B0168845","코스피200 C 202608   845.0 (야간)",,,,,,"0.00",,"0","0.0","0"
"B0168845","코스피200 C 202608   845.0 (주간)",,,,,,"0.00",,"0","0.0","0"
"B0168850","코스피200 C 202608   850.0 (야간)",,,,,,"0.00",,"0","0.0","0"
"B0168850","코스피200 C 202608   850.0 (주간)",,,,,,"0.00",,"0","0.0","0"
"B0168855","코스피200 C 202608   855.0 (야간)",,,,,,"0.00",,"0","0.0","0"
"B0168855","코스피200 C 202608   855.0 (주간)",,,,,,"0.00",,"0","0.0","0"
"B0168860","코스피200 C 202608   860.0 (야간)",,,,,,"0.00",,"0","0.0","0"
"B0168860","코스피200 C 202608   860.0 (주간)",,,,,,"0.00",,"0","0.0","0"
"B0168865","코스피200 C 202608   865.0 (야간)",,,,,,"0.00",,"0","0.0","0"
"B0168865","코스피200 C 202608   865.0 (주간)",,,,,,"0.00",,"0","0.0","0"
"B0168870","코스피200 C 202608   870.0 (야간)",,,,,,"0.00",,"0","0.0","0"
"B0168870","코스피200 C 202608   870.0 (주간)",,,,,,"0.00",,"0","0.0","0"
"B0168875","코스피200 C 202608   875.0 (야간)",,,,,,"0.00",,"0","0.0","0"
"B0168875","코스피200 C 202608   875.0 (주간)",,,,,,"0.00",,"0","0.0","0"
"B0168880","코스피200 C 202608   880.0 (야간)",,,,,,"0.00",,"0","0.0","0"
"B0168880","코스피200 C 202608   880.0 (주간)",,,,,,"0.00",,"0","0.0","0"
"B0168885","코스피200 C 202608   885.0 (야간)",,,,,,"0.00",,"0","0.0","0"
"B0168885","코스피200 C 202608   885.0 (주간)",,,,,,"0.00",,"0","0.0","0"
"B0168890","코스피200 C 202608   890.0 (야간)",,,,,,"0.00",,"0","0.0","0"
"B0168890","코스피200 C 202608   890.0 (주간)",,,,,,"0.00",,"0","0.0","0"
"B0168895","코스피200 C 202608   895.0 (야간)",,,,,,"0.00",,"0","0.0","0"
"B0168895","코스피200 C 202608   895.0 (주간)",,,,,,"0.00",,"0","0.0","0"
"B0168900","코스피200 C 202608   900.0 (야간)",,,,,,"0.00",,"0","0.0","0"
"B0168900","코스피200 C 202608   900.0 (주간)",,,,,,"0.00",,"0","0.0","0"
"B0168905","코스피200 C 202608   905.0 (야간)",,,,,,"0.00",,"0","0.0","0"
"B0168905","코스피200 C 202608   905.0 (주간)",,,,,,"0.00",,"0","0.0","0"
"B0168910","코스피200 C 202608   910.0 (야간)",,,,,,"0.00",,"0","0.0","0"
"B0168910","코스피200 C 202608   910.0 (주간)",,,,,,"0.00",,"0","0.0","0"
"B0168915","코스피200 C 202608   915.0 (야간)",,,,,,"0.00",,"0","0.0","0"
"B0168915","코스피200 C 202608   915.0 (주간)",,,,,,"0.00",,"0","0.0","0"
"B0168920","코스피200 C 202608   920.0 (야간)",,,,,,"0.00",,"0","0.0","0"
"B0168920","코스피200 C 202608   920.0 (주간)",,,,,,"0.00",,"0","0.0","0"
"B0168925","코스피200 C 202608   925.0 (야간)",,,,,,"0.00",,"0","0.0","0"
"B0168925","코스피200 C 202608   925.0 (주간)",,,,,,"0.00",,"0","0.0","0"
"B0168930","코스피200 C 202608   930.0 (야간)",,,,,,"0.00",,"0","0.0","0"
"B0168930","코스피200 C 202608   930.0 (주간)",,,,,,"0.00",,"0","0.0","0"
"B0168935","코스피200 C 202608   935.0 (야간)",,,,,,"0.00",,"0","0.0","0"
"B0168935","코스피200 C 202608   935.0 (주간)",,,,,,"0.00",,"0","0.0","0"
"B0168940","코스피200 C 202608   940.0 (야간)",,,,,,"0.00",,"0","0.0","0"
"B0168940","코스피200 C 202608   940.0 (주간)",,,,,,"0.00",,"0","0.0","0"
"B0168945","코스피200 C 202608   945.0 (야간)",,,,,,"0.00",,"0","0.0","0"
"B0168945","코스피200 C 202608   945.0 (주간)",,,,,,"0.00",,"0","0.0","0"
"B0168950","코스피200 C 202608   950.0 (야간)",,,,,,"0.00",,"0","0.0","50"
"B0168950","코스피200 C 202608   950.0 (주간)",,,,,,"0.00",,"0","0.0","50"
"B0168955","코스피200 C 202608   955.0 (야간)",,,,,,"0.00",,"0","0.0","0"
"B0168955","코스피200 C 202608   955.0 (주간)",,,,,,"0.00",,"0","0.0","0"
"B0168960","코스피200 C 202608   960.0 (야간)",,,,,,"0.00",,"0","0.0","218"
"B0168960","코스피200 C 202608   960.0 (주간)",,,,,,"0.00",,"0","0.0","218"
"B0168965","코스피200 C 202608   965.0 (야간)",,,,,,"0.00",,"0","0.0","0"
"B0168965","코스피200 C 202608   965.0 (주간)",,,,,,"0.00",,"0","0.0","0"
"B0168970","코스피200 C 202608   970.0 (야간)",,,,,,"0.00",,"0","0.0","0"
"B0168970","코스피200 C 202608   970.0 (주간)",,,,,,"0.00",,"0","0.0","0"
"B0168975","코스피200 C 202608   975.0 (야간)",,,,,,"0.00",,"0","0.0","50"
"B0168975","코스피200 C 202608   975.0 (주간)",,,,,,"0.00",,"0","0.0","50"
"B0168980","코스피200 C 202608   980.0 (야간)",,,,,,"0.00",,"0","0.0","47"
"B0168980","코스피200 C 202608   980.0 (주간)",,,,,,"0.00",,"0","0.0","47"
"B0168985","코스피200 C 202608   985.0 (야간)",,,,,,"0.00",,"0","0.0","0"
"B0168985","코스피200 C 202608   985.0 (주간)",,,,,,"0.00",,"0","0.0","0"
"B0168990","코스피200 C 202608   990.0 (야간)",,,,,,"0.00",,"0","0.0","0"
"B0168990","코스피200 C 202608   990.0 (주간)",,,,,,"0.00",,"0","0.0","0"
"B0168995","코스피200 C 202608   995.0 (야간)",,,,,,"0.00",,"0","0.0","0"
"B0168995","코스피200 C 202608   995.0 (주간)",,,,,,"0.00",,"0","0.0","0"
"B0168A01","코스피200 C 202608 1,000.0 (야간)",,,,,,"0.00",,"0","0.0","151"
"B0168A01","코스피200 C 202608 1,000.0 (주간)",,,,,,"0.00",,"0","0.0","151"
"B0168A02","코스피200 C 202608 1,005.0 (야간)",,,,,,"0.00",,"0","0.0","0"
"B0168A02","코스피200 C 202608 1,005.0 (주간)",,,,,,"0.00",,"0","0.0","0"
"B0168A03","코스피200 C 202608 1,010.0 (야간)",,,,,,"0.00",,"0","0.0","0"
"B0168A03","코스피200 C 202608 1,010.0 (주간)",,,,,,"0.00",,"0","0.0","0"
"B0168A04","코스피200 C 202608 1,015.0 (야간)",,,,,,"0.00",,"0","0.0","0"
"B0168A04","코스피200 C 202608 1,015.0 (주간)",,,,,,"0.00",,"0","0.0","0"
"B0168A05","코스피200 C 202608 1,020.0 (야간)",,,,,,"0.00",,"0","0.0","0"
"B0168A05","코스피200 C 202608 1,020.0 (주간)",,,,,,"0.00",,"0","0.0","0"
"B0168A06","코스피200 C 202608 1,025.0 (야간)",,,,,,"0.00",,"0","0.0","200"
"B0168A06","코스피200 C 202608 1,025.0 (주간)",,,,,,"0.00",,"0","0.0","200"
"B0168A12","코스피200 C 202608 1,030.0 (야간)",,,,,,"0.00",,"0","0.0","0"
"B0168A12","코스피200 C 202608 1,030.0 (주간)",,,,,,"0.00",,"0","0.0","0"
"B0168A13","코스피200 C 202608 1,035.0 (야간)",,,,,,"0.00",,"0","0.0","0"
"B0168A13","코스피200 C 202608 1,035.0 (주간)",,,,,,"0.00",,"0","0.0","0"
"B0168A14","코스피200 C 202608 1,040.0 (야간)",,,,,,"0.00",,"0","0.0","0"
"B0168A14","코스피200 C 202608 1,040.0 (주간)",,,,,,"0.00",,"0","0.0","0"
"B0168A15","코스피200 C 202608 1,045.0 (야간)",,,,,,"0.00",,"0","0.0","0"
"B0168A15","코스피200 C 202608 1,045.0 (주간)",,,,,,"0.00",,"0","0.0","0"
"B0168A16","코스피200 C 202608 1,050.0 (야간)",,,,,,"0.00",,"0","0.0","152"
"B0168A16","코스피200 C 202608 1,050.0 (주간)",,,,,,"0.00",,"0","0.0","152"
"B0168A17","코스피200 C 202608 1,055.0 (야간)",,,,,,"0.00",,"0","0.0","0"
"B0168A17","코스피200 C 202608 1,055.0 (주간)",,,,,,"0.00",,"0","0.0","0"
"B0168A18","코스피200 C 202608 1,060.0 (야간)",,,,,,"0.00",,"0","0.0","2"
"B0168A18","코스피200 C 202608 1,060.0 (주간)",,,,,,"0.00",,"0","0.0","2"
"B0168A19","코스피200 C 202608 1,065.0 (야간)",,,,,,"0.00",,"0","0.0","152"
"B0168A19","코스피200 C 202608 1,065.0 (주간)",,,,,,"0.00",,"0","0.0","152"
"B0169335","코스피200 C 202609   335.0 (야간)",,,,,,"0.00",,"0","0.0","0"
"B0169335","코스피200 C 202609   335.0 (주간)",,,,,,"0.00",,"0","0.0","0"
"B0169340","코스피200 C 202609   340.0 (야간)",,,,,,"0.00",,"0","0.0","0"
"B0169340","코스피200 C 202609   340.0 (주간)",,,,,,"0.00",,"0","0.0","0"
"B0169345","코스피200 C 202609   345.0 (야간)",,,,,,"0.00",,"0","0.0","0"
"B0169345","코스피200 C 202609   345.0 (주간)",,,,,,"0.00",,"0","0.0","0"
"B0169350","코스피200 C 202609   350.0 (야간)",,,,,,"0.00",,"0","0.0","6"
"B0169350","코스피200 C 202609   350.0 (주간)",,,,,,"0.00",,"0","0.0","6"
"B0169355","코스피200 C 202609   355.0 (야간)",,,,,,"0.00",,"0","0.0","0"
"B0169355","코스피200 C 202609   355.0 (주간)",,,,,,"0.00",,"0","0.0","0"
"B0169360","코스피200 C 202609   360.0 (야간)",,,,,,"0.00",,"0","0.0","0"
"B0169360","코스피200 C 202609   360.0 (주간)",,,,,,"0.00",,"0","0.0","0"
"B0169365","코스피200 C 202609   365.0 (야간)",,,,,,"0.00",,"0","0.0","0"
"B0169365","코스피200 C 202609   365.0 (주간)",,,,,,"0.00",,"0","0.0","0"
"B0169370","코스피200 C 202609   370.0 (야간)",,,,,,"0.00",,"0","0.0","0"
"B0169370","코스피200 C 202609   370.0 (주간)",,,,,,"0.00",,"0","0.0","0"
"B0169375","코스피200 C 202609   375.0 (야간)",,,,,,"0.00",,"0","0.0","0"
"B0169375","코스피200 C 202609   375.0 (주간)",,,,,,"0.00",,"0","0.0","0"
"B0169380","코스피200 C 202609   380.0 (야간)",,,,,,"0.00",,"0","0.0","0"
"B0169380","코스피200 C 202609   380.0 (주간)",,,,,,"0.00",,"0","0.0","0"
"B0169385","코스피200 C 202609   385.0 (야간)",,,,,,"0.00",,"0","0.0","0"
"B0169385","코스피200 C 202609   385.0 (주간)",,,,,,"0.00",,"0","0.0","0"
"B0169390","코스피200 C 202609   390.0 (야간)",,,,,,"0.00",,"0","0.0","0"
"B0169390","코스피200 C 202609   390.0 (주간)",,,,,,"0.00",,"0","0.0","0"
"B0169395","코스피200 C 202609   395.0 (야간)",,,,,,"0.00",,"0","0.0","0"
"B0169395","코스피200 C 202609   395.0 (주간)",,,,,,"0.00",,"0","0.0","0"
"B0169400","코스피200 C 202609   400.0 (야간)",,,,,,"0.00",,"0","0.0","0"
"B0169400","코스피200 C 202609   400.0 (주간)",,,,,,"0.00",,"0","0.0","0"
"B0169405","코스피200 C 202609   405.0 (야간)",,,,,,"0.00",,"0","0.0","0"
"B0169405","코스피200 C 202609   405.0 (주간)",,,,,,"0.00",,"0","0.0","0"
"B0169410","코스피200 C 202609   410.0 (야간)",,,,,,"0.00",,"0","0.0","0"
"B0169410","코스피200 C 202609   410.0 (주간)",,,,,,"0.00",,"0","0.0","0"
"B0169415","코스피200 C 202609   415.0 (야간)",,,,,,"0.00",,"0","0.0","0"
"B0169415","코스피200 C 202609   415.0 (주간)",,,,,,"0.00",,"0","0.0","0"
"B0169420","코스피200 C 202609   420.0 (야간)",,,,,,"0.00",,"0","0.0","0"
"B0169420","코스피200 C 202609   420.0 (주간)",,,,,,"0.00",,"0","0.0","0"
"B0169425","코스피200 C 202609   425.0 (야간)",,,,,,"0.00",,"0","0.0","0"
"B0169425","코스피200 C 202609   425.0 (주간)",,,,,,"0.00",,"0","0.0","0"
"B0169430","코스피200 C 202609   430.0 (야간)",,,,,,"0.00",,"0","0.0","0"
"B0169430","코스피200 C 202609   430.0 (주간)",,,,,,"0.00",,"0","0.0","0"
"B0169435","코스피200 C 202609   435.0 (야간)",,,,,,"0.00",,"0","0.0","0"
"B0169435","코스피200 C 202609   435.0 (주간)",,,,,,"0.00",,"0","0.0","0"
"B0169440","코스피200 C 202609   440.0 (야간)",,,,,,"0.00",,"0","0.0","0"
"B0169440","코스피200 C 202609   440.0 (주간)",,,,,,"0.00",,"0","0.0","0"
"B0169445","코스피200 C 202609   445.0 (야간)",,,,,,"0.00",,"0","0.0","0"
"B0169445","코스피200 C 202609   445.0 (주간)",,,,,,"0.00",,"0","0.0","0"
"B0169450","코스피200 C 202609   450.0 (야간)",,,,,,"0.00",,"0","0.0","1"
"B0169450","코스피200 C 202609   450.0 (주간)",,,,,,"0.00",,"0","0.0","1"
"B0169455","코스피200 C 202609   455.0 (야간)",,,,,,"0.00",,"0","0.0","0"
"B0169455","코스피200 C 202609   455.0 (주간)",,,,,,"0.00",,"0","0.0","0"
"B0169460","코스피200 C 202609   460.0 (야간)",,,,,,"0.00",,"0","0.0","0"
"B0169460","코스피200 C 202609   460.0 (주간)",,,,,,"0.00",,"0","0.0","0"
"B0169465","코스피200 C 202609   465.0 (야간)",,,,,,"0.00",,"0","0.0","0"
"B0169465","코스피200 C 202609   465.0 (주간)",,,,,,"0.00",,"0","0.0","0"
"B0169470","코스피200 C 202609   470.0 (야간)",,,,,,"0.00",,"0","0.0","0"
"B0169470","코스피200 C 202609   470.0 (주간)",,,,,,"0.00",,"0","0.0","0"
"B0169475","코스피200 C 202609   475.0 (야간)",,,,,,"0.00",,"0","0.0","0"
"B0169475","코스피200 C 202609   475.0 (주간)",,,,,,"0.00",,"0","0.0","0"
"B0169480","코스피200 C 202609   480.0 (야간)",,,,,,"0.00",,"0","0.0","0"
"B0169480","코스피200 C 202609   480.0 (주간)",,,,,,"0.00",,"0","0.0","0"
"B0169485","코스피200 C 202609   485.0 (야간)",,,,,,"0.00",,"0","0.0","1"
"B0169485","코스피200 C 202609   485.0 (주간)",,,,,,"0.00",,"0","0.0","1"
"B0169490","코스피200 C 202609   490.0 (야간)",,,,,,"0.00",,"0","0.0","0"
"B0169490","코스피200 C 202609   490.0 (주간)",,,,,,"0.00",,"0","0.0","0"
"B0169495","코스피200 C 202609   495.0 (야간)",,,,,,"0.00",,"0","0.0","0"
"B0169495","코스피200 C 202609   495.0 (주간)",,,,,,"0.00",,"0","0.0","0"
"B0169500","코스피200 C 202609   500.0 (야간)",,,,,,"0.00",,"0","0.0","0"
"B0169500","코스피200 C 202609   500.0 (주간)",,,,,,"0.00",,"0","0.0","0"
"B0169505","코스피200 C 202609   505.0 (야간)",,,,,,"0.00",,"0","0.0","0"
"B0169505","코스피200 C 202609   505.0 (주간)",,,,,,"0.00",,"0","0.0","0"
"B0169510","코스피200 C 202609   510.0 (야간)",,,,,,"0.00",,"0","0.0","0"
"B0169510","코스피200 C 202609   510.0 (주간)",,,,,,"0.00",,"0","0.0","0"
"B0169515","코스피200 C 202609   515.0 (야간)",,,,,,"0.00",,"0","0.0","0"
"B0169515","코스피200 C 202609   515.0 (주간)",,,,,,"0.00",,"0","0.0","0"
"B0169520","코스피200 C 202609   520.0 (야간)",,,,,,"0.00",,"0","0.0","1"
"B0169520","코스피200 C 202609   520.0 (주간)",,,,,,"0.00",,"0","0.0","1"
"B0169525","코스피200 C 202609   525.0 (야간)",,,,,,"0.00",,"0","0.0","0"
"B0169525","코스피200 C 202609   525.0 (주간)",,,,,,"0.00",,"0","0.0","0"
"B0169530","코스피200 C 202609   530.0 (야간)",,,,,,"0.00",,"0","0.0","0"
"B0169530","코스피200 C 202609   530.0 (주간)",,,,,,"0.00",,"0","0.0","0"
"B0169535","코스피200 C 202609   535.0 (야간)",,,,,,"0.00",,"0","0.0","0"
"B0169535","코스피200 C 202609   535.0 (주간)",,,,,,"0.00",,"0","0.0","0"
"B0169540","코스피200 C 202609   540.0 (야간)",,,,,,"0.00",,"0","0.0","0"
"B0169540","코스피200 C 202609   540.0 (주간)",,,,,,"0.00",,"0","0.0","0"
"B0169545","코스피200 C 202609   545.0 (야간)",,,,,,"0.00",,"0","0.0","0"
"B0169545","코스피200 C 202609   545.0 (주간)",,,,,,"0.00",,"0","0.0","0"
"B0169550","코스피200 C 202609   550.0 (야간)",,,,,,"0.00",,"0","0.0","100"
"B0169550","코스피200 C 202609   550.0 (주간)",,,,,,"0.00",,"0","0.0","100"
"B0169555","코스피200 C 202609   555.0 (야간)",,,,,,"0.00",,"0","0.0","0"
"B0169555","코스피200 C 202609   555.0 (주간)",,,,,,"0.00",,"0","0.0","0"
"B0169560","코스피200 C 202609   560.0 (야간)",,,,,,"0.00",,"0","0.0","0"
"B0169560","코스피200 C 202609   560.0 (주간)",,,,,,"0.00",,"0","0.0","0"
"B0169565","코스피200 C 202609   565.0 (야간)",,,,,,"0.00",,"0","0.0","0"
"B0169565","코스피200 C 202609   565.0 (주간)",,,,,,"0.00",,"0","0.0","0"
"B0169570","코스피200 C 202609   570.0 (야간)",,,,,,"0.00",,"0","0.0","101"
"B0169570","코스피200 C 202609   570.0 (주간)",,,,,,"0.00",,"0","0.0","101"
"B0169575","코스피200 C 202609   575.0 (야간)",,,,,,"0.00",,"0","0.0","0"
"B0169575","코스피200 C 202609   575.0 (주간)",,,,,,"0.00",,"0","0.0","0"
"B0169580","코스피200 C 202609   580.0 (야간)",,,,,,"0.00",,"0","0.0","0"
"B0169580","코스피200 C 202609   580.0 (주간)",,,,,,"0.00",,"0","0.0","0"
"B0169585","코스피200 C 202609   585.0 (야간)",,,,,,"0.00",,"0","0.0","2"
"B0169585","코스피200 C 202609   585.0 (주간)",,,,,,"0.00",,"0","0.0","2"
"B0169590","코스피200 C 202609   590.0 (야간)",,,,,,"0.00",,"0","0.0","155"
"B0169590","코스피200 C 202609   590.0 (주간)",,,,,,"0.00",,"0","0.0","155"
"B0169595","코스피200 C 202609   595.0 (야간)",,,,,,"0.00",,"0","0.0","0"
"B0169595","코스피200 C 202609   595.0 (주간)",,,,,,"0.00",,"0","0.0","0"
"B0169600","코스피200 C 202609   600.0 (야간)",,,,,,"0.00",,"0","0.0","532"
"B0169600","코스피200 C 202609   600.0 (주간)",,,,,,"0.00",,"0","0.0","532"
"B0169605","코스피200 C 202609   605.0 (야간)",,,,,,"0.00",,"0","0.0","0"
"B0169605","코스피200 C 202609   605.0 (주간)",,,,,,"0.00",,"0","0.0","0"
"B0169610","코스피200 C 202609   610.0 (야간)",,,,,,"0.00",,"0","0.0","0"
"B0169610","코스피200 C 202609   610.0 (주간)",,,,,,"0.00",,"0","0.0","0"
"B0169615","코스피200 C 202609   615.0 (야간)",,,,,,"0.00",,"0","0.0","0"
"B0169615","코스피200 C 202609   615.0 (주간)",,,,,,"0.00",,"0","0.0","0"
"B0169620","코스피200 C 202609   620.0 (야간)",,,,,,"0.00",,"0","0.0","0"
"B0169620","코스피200 C 202609   620.0 (주간)",,,,,,"0.00",,"0","0.0","0"
"B0169625","코스피200 C 202609   625.0 (야간)",,,,,,"0.00",,"0","0.0","0"
"B0169625","코스피200 C 202609   625.0 (주간)",,,,,,"0.00",,"0","0.0","0"
"B0169630","코스피200 C 202609   630.0 (야간)",,,,,,"0.00",,"0","0.0","3"
"B0169630","코스피200 C 202609   630.0 (주간)",,,,,,"0.00",,"0","0.0","3"
"B0169635","코스피200 C 202609   635.0 (야간)",,,,,,"0.00",,"0","0.0","0"
"B0169635","코스피200 C 202609   635.0 (주간)",,,,,,"0.00",,"0","0.0","0"
"B0169640","코스피200 C 202609   640.0 (야간)",,,,,,"0.00",,"0","0.0","1"
"B0169640","코스피200 C 202609   640.0 (주간)",,,,,,"0.00",,"0","0.0","1"
"B0169645","코스피200 C 202609   645.0 (야간)",,,,,,"0.00",,"0","0.0","0"
"B0169645","코스피200 C 202609   645.0 (주간)",,,,,,"0.00",,"0","0.0","0"
"B0169650","코스피200 C 202609   650.0 (야간)",,,,,,"0.00",,"0","0.0","0"
"B0169650","코스피200 C 202609   650.0 (주간)",,,,,,"0.00",,"0","0.0","0"
"B0169655","코스피200 C 202609   655.0 (야간)",,,,,,"0.00",,"0","0.0","1"
"B0169655","코스피200 C 202609   655.0 (주간)",,,,,,"0.00",,"0","0.0","1"
"B0169660","코스피200 C 202609   660.0 (야간)",,,,,,"0.00",,"0","0.0","0"
"B0169660","코스피200 C 202609   660.0 (주간)",,,,,,"0.00",,"0","0.0","0"
"B0169665","코스피200 C 202609   665.0 (야간)",,,,,,"0.00",,"0","0.0","225"
"B0169665","코스피200 C 202609   665.0 (주간)",,,,,,"0.00",,"0","0.0","225"
"B0169670","코스피200 C 202609   670.0 (야간)",,,,,,"0.00",,"0","0.0","0"
"B0169670","코스피200 C 202609   670.0 (주간)",,,,,,"0.00",,"0","0.0","0"
"B0169675","코스피200 C 202609   675.0 (야간)",,,,,,"0.00",,"0","0.0","250"
"B0169675","코스피200 C 202609   675.0 (주간)",,,,,,"0.00",,"0","0.0","250"
"B0169680","코스피200 C 202609   680.0 (야간)",,,,,,"0.00",,"0","0.0","2"
"B0169680","코스피200 C 202609   680.0 (주간)",,,,,,"0.00",,"0","0.0","2"
"B0169685","코스피200 C 202609   685.0 (야간)",,,,,,"0.00",,"0","0.0","0"
"B0169685","코스피200 C 202609   685.0 (주간)",,,,,,"0.00",,"0","0.0","0"
"B0169690","코스피200 C 202609   690.0 (야간)",,,,,,"0.00",,"0","0.0","580"
"B0169690","코스피200 C 202609   690.0 (주간)",,,,,,"0.00",,"0","0.0","580"
"B0169695","코스피200 C 202609   695.0 (야간)",,,,,,"0.00",,"0","0.0","0"
"B0169695","코스피200 C 202609   695.0 (주간)",,,,,,"0.00",,"0","0.0","0"
"B0169700","코스피200 C 202609   700.0 (야간)",,,,,,"0.00",,"0","0.0","604"
"B0169700","코스피200 C 202609   700.0 (주간)",,,,,,"0.00",,"0","0.0","604"
"B0169705","코스피200 C 202609   705.0 (야간)",,,,,,"0.00",,"0","0.0","1"
"B0169705","코스피200 C 202609   705.0 (주간)",,,,,,"0.00",,"0","0.0","1"
"B0169710","코스피200 C 202609   710.0 (야간)",,,,,,"0.00",,"0","0.0","0"
"B0169710","코스피200 C 202609   710.0 (주간)",,,,,,"0.00",,"0","0.0","0"
"B0169715","코스피200 C 202609   715.0 (야간)",,,,,,"0.00",,"0","0.0","0"
"B0169715","코스피200 C 202609   715.0 (주간)",,,,,,"0.00",,"0","0.0","0"
"B0169720","코스피200 C 202609   720.0 (야간)",,,,,,"0.00",,"0","0.0","1"
"B0169720","코스피200 C 202609   720.0 (주간)",,,,,,"0.00",,"0","0.0","1"
"B0169725","코스피200 C 202609   725.0 (야간)",,,,,,"0.00",,"0","0.0","0"
"B0169725","코스피200 C 202609   725.0 (주간)",,,,,,"0.00",,"0","0.0","0"
"B0169730","코스피200 C 202609   730.0 (야간)",,,,,,"0.00",,"0","0.0","1"
"B0169730","코스피200 C 202609   730.0 (주간)",,,,,,"0.00",,"0","0.0","1"
"B0169735","코스피200 C 202609   735.0 (야간)",,,,,,"0.00",,"0","0.0","0"
"B0169735","코스피200 C 202609   735.0 (주간)",,,,,,"0.00",,"0","0.0","0"
"B0169740","코스피200 C 202609   740.0 (야간)",,,,,,"0.00",,"0","0.0","200"
"B0169740","코스피200 C 202609   740.0 (주간)",,,,,,"0.00",,"0","0.0","200"
"B0169745","코스피200 C 202609   745.0 (야간)",,,,,,"0.00",,"0","0.0","0"
"B0169745","코스피200 C 202609   745.0 (주간)",,,,,,"0.00",,"0","0.0","0"
"B0169750","코스피200 C 202609   750.0 (야간)",,,,,,"0.00",,"0","0.0","0"
"B0169750","코스피200 C 202609   750.0 (주간)",,,,,,"0.00",,"0","0.0","0"
"B0169755","코스피200 C 202609   755.0 (야간)",,,,,,"0.00",,"0","0.0","0"
"B0169755","코스피200 C 202609   755.0 (주간)",,,,,,"0.00",,"0","0.0","0"
"B0169760","코스피200 C 202609   760.0 (야간)",,,,,,"0.00",,"0","0.0","800"
"B0169760","코스피200 C 202609   760.0 (주간)",,,,,,"0.00",,"0","0.0","800"
"B0169765","코스피200 C 202609   765.0 (야간)",,,,,,"0.00",,"0","0.0","0"
"B0169765","코스피200 C 202609   765.0 (주간)",,,,,,"0.00",,"0","0.0","0"
"B0169770","코스피200 C 202609   770.0 (야간)",,,,,,"0.00",,"0","0.0","0"
"B0169770","코스피200 C 202609   770.0 (주간)",,,,,,"0.00",,"0","0.0","0"
"B0169775","코스피200 C 202609   775.0 (야간)",,,,,,"0.00",,"0","0.0","0"
"B0169775","코스피200 C 202609   775.0 (주간)",,,,,,"0.00",,"0","0.0","0"
"B0169780","코스피200 C 202609   780.0 (야간)",,,,,,"0.00",,"0","0.0","225"
"B0169780","코스피200 C 202609   780.0 (주간)",,,,,,"0.00",,"0","0.0","225"
"B0169785","코스피200 C 202609   785.0 (야간)",,,,,,"0.00",,"0","0.0","0"
"B0169785","코스피200 C 202609   785.0 (주간)",,,,,,"0.00",,"0","0.0","0"
"B0169790","코스피200 C 202609   790.0 (야간)",,,,,,"0.00",,"0","0.0","1"
"B0169790","코스피200 C 202609   790.0 (주간)",,,,,,"0.00",,"0","0.0","1"
"B0169795","코스피200 C 202609   795.0 (야간)",,,,,,"0.00",,"0","0.0","0"
"B0169795","코스피200 C 202609   795.0 (주간)",,,,,,"0.00",,"0","0.0","0"
"B0169800","코스피200 C 202609   800.0 (야간)",,,,,,"0.00",,"0","0.0","2"
"B0169800","코스피200 C 202609   800.0 (주간)",,,,,,"0.00",,"0","0.0","2"
"B0169805","코스피200 C 202609   805.0 (야간)",,,,,,"0.00",,"0","0.0","6"
"B0169805","코스피200 C 202609   805.0 (주간)",,,,,,"0.00",,"0","0.0","6"
"B0169810","코스피200 C 202609   810.0 (야간)",,,,,,"0.00",,"0","0.0","0"
"B0169810","코스피200 C 202609   810.0 (주간)",,,,,,"0.00",,"0","0.0","0"
"B0169815","코스피200 C 202609   815.0 (야간)",,,,,,"0.00",,"0","0.0","136"
"B0169815","코스피200 C 202609   815.0 (주간)",,,,,,"0.00",,"0","0.0","136"
"B0169820","코스피200 C 202609   820.0 (야간)",,,,,,"0.00",,"0","0.0","300"
"B0169820","코스피200 C 202609   820.0 (주간)",,,,,,"0.00",,"0","0.0","300"
"B0169825","코스피200 C 202609   825.0 (야간)",,,,,,"0.00",,"0","0.0","350"
"B0169825","코스피200 C 202609   825.0 (주간)",,,,,,"0.00",,"0","0.0","350"
"B0169830","코스피200 C 202609   830.0 (야간)",,,,,,"0.00",,"0","0.0","0"
"B0169830","코스피200 C 202609   830.0 (주간)",,,,,,"0.00",,"0","0.0","0"
"B0169835","코스피200 C 202609   835.0 (야간)",,,,,,"0.00",,"0","0.0","1"
"B0169835","코스피200 C 202609   835.0 (주간)",,,,,,"0.00",,"0","0.0","1"
"B0169840","코스피200 C 202609   840.0 (야간)",,,,,,"0.00",,"0","0.0","0"
"B0169840","코스피200 C 202609   840.0 (주간)",,,,,,"0.00",,"0","0.0","0"
"B0169845","코스피200 C 202609   845.0 (야간)",,,,,,"0.00",,"0","0.0","0"
"B0169845","코스피200 C 202609   845.0 (주간)",,,,,,"0.00",,"0","0.0","0"
"B0169850","코스피200 C 202609   850.0 (야간)",,,,,,"0.00",,"0","0.0","1336"
"B0169850","코스피200 C 202609   850.0 (주간)",,,,,,"0.00",,"0","0.0","1336"
"B0169855","코스피200 C 202609   855.0 (야간)",,,,,,"0.00",,"0","0.0","0"
"B0169855","코스피200 C 202609   855.0 (주간)",,,,,,"0.00",,"0","0.0","0"
"B0169860","코스피200 C 202609   860.0 (야간)",,,,,,"0.00",,"0","0.0","150"
"B0169860","코스피200 C 202609   860.0 (주간)",,,,,,"0.00",,"0","0.0","150"
"B0169865","코스피200 C 202609   865.0 (야간)",,,,,,"0.00",,"0","0.0","31"
"B0169865","코스피200 C 202609   865.0 (주간)",,,,,,"0.00",,"0","0.0","31"
"B0169870","코스피200 C 202609   870.0 (야간)",,,,,,"0.00",,"0","0.0","401"
"B0169870","코스피200 C 202609   870.0 (주간)",,,,,,"0.00",,"0","0.0","401"
"B0169875","코스피200 C 202609   875.0 (야간)",,,,,,"0.00",,"0","0.0","0"
"B0169875","코스피200 C 202609   875.0 (주간)",,,,,,"0.00",,"0","0.0","0"
"B0169880","코스피200 C 202609   880.0 (야간)",,,,,,"0.00",,"0","0.0","130"
"B0169880","코스피200 C 202609   880.0 (주간)",,,,,,"0.00",,"0","0.0","130"
"B0169885","코스피200 C 202609   885.0 (야간)",,,,,,"0.00",,"0","0.0","0"
"B0169885","코스피200 C 202609   885.0 (주간)",,,,,,"0.00",,"0","0.0","0"
"B0169890","코스피200 C 202609   890.0 (야간)",,,,,,"0.00",,"0","0.0","1"
"B0169890","코스피200 C 202609   890.0 (주간)",,,,,,"0.00",,"0","0.0","1"
"B0169895","코스피200 C 202609   895.0 (야간)",,,,,,"0.00",,"0","0.0","0"
"B0169895","코스피200 C 202609   895.0 (주간)",,,,,,"0.00",,"0","0.0","0"
"B0169900","코스피200 C 202609   900.0 (야간)",,,,,,"0.00",,"0","0.0","550"
"B0169900","코스피200 C 202609   900.0 (주간)",,,,,,"0.00",,"0","0.0","550"
"B0169905","코스피200 C 202609   905.0 (야간)",,,,,,"0.00",,"0","0.0","0"
"B0169905","코스피200 C 202609   905.0 (주간)",,,,,,"0.00",,"0","0.0","0"
"B0169910","코스피200 C 202609   910.0 (야간)",,,,,,"0.00",,"0","0.0","781"
"B0169910","코스피200 C 202609   910.0 (주간)",,,,,,"0.00",,"0","0.0","781"
"B0169915","코스피200 C 202609   915.0 (야간)",,,,,,"0.00",,"0","0.0","0"
"B0169915","코스피200 C 202609   915.0 (주간)",,,,,,"0.00",,"0","0.0","0"
"B0169920","코스피200 C 202609   920.0 (야간)",,,,,,"0.00",,"0","0.0","50"
"B0169920","코스피200 C 202609   920.0 (주간)",,,,,,"0.00",,"0","0.0","50"
"B0169925","코스피200 C 202609   925.0 (야간)",,,,,,"0.00",,"0","0.0","796"
"B0169925","코스피200 C 202609   925.0 (주간)",,,,,,"0.00",,"0","0.0","796"
"B0169930","코스피200 C 202609   930.0 (야간)",,,,,,"0.00",,"0","0.0","2"
"B0169930","코스피200 C 202609   930.0 (주간)",,,,,,"0.00",,"0","0.0","2"
"B0169935","코스피200 C 202609   935.0 (야간)",,,,,,"0.00",,"0","0.0","2"
"B0169935","코스피200 C 202609   935.0 (주간)",,,,,,"0.00",,"0","0.0","2"
"B0169940","코스피200 C 202609   940.0 (야간)",,,,,,"0.00",,"0","0.0","0"
"B0169940","코스피200 C 202609   940.0 (주간)",,,,,,"0.00",,"0","0.0","0"
"B0169945","코스피200 C 202609   945.0 (야간)",,,,,,"0.00",,"0","0.0","0"
"B0169945","코스피200 C 202609   945.0 (주간)",,,,,,"0.00",,"0","0.0","0"
"B0169950","코스피200 C 202609   950.0 (야간)",,,,,,"0.00",,"0","0.0","193"
"B0169950","코스피200 C 202609   950.0 (주간)",,,,,,"0.00",,"0","0.0","193"
"B0169955","코스피200 C 202609   955.0 (야간)",,,,,,"0.00",,"0","0.0","0"
"B0169955","코스피200 C 202609   955.0 (주간)",,,,,,"0.00",,"0","0.0","0"
"B0169960","코스피200 C 202609   960.0 (야간)",,,,,,"0.00",,"0","0.0","1"
"B0169960","코스피200 C 202609   960.0 (주간)",,,,,,"0.00",,"0","0.0","1"
"B0169965","코스피200 C 202609   965.0 (야간)",,,,,,"0.00",,"0","0.0","0"
"B0169965","코스피200 C 202609   965.0 (주간)",,,,,,"0.00",,"0","0.0","0"
"B0169970","코스피200 C 202609   970.0 (야간)",,,,,,"0.00",,"0","0.0","0"
"B0169970","코스피200 C 202609   970.0 (주간)",,,,,,"0.00",,"0","0.0","0"
"B0169975","코스피200 C 202609   975.0 (야간)",,,,,,"0.00",,"0","0.0","0"
"B0169975","코스피200 C 202609   975.0 (주간)",,,,,,"0.00",,"0","0.0","0"
"B0169980","코스피200 C 202609   980.0 (야간)",,,,,,"0.00",,"0","0.0","2"
"B0169980","코스피200 C 202609   980.0 (주간)",,,,,,"0.00",,"0","0.0","2"
"B0169985","코스피200 C 202609   985.0 (야간)",,,,,,"0.00",,"0","0.0","0"
"B0169985","코스피200 C 202609   985.0 (주간)",,,,,,"0.00",,"0","0.0","0"
"B0169990","코스피200 C 202609   990.0 (야간)",,,,,,"0.00",,"0","0.0","0"
"B0169990","코스피200 C 202609   990.0 (주간)",,,,,,"0.00",,"0","0.0","0"
"B0169995","코스피200 C 202609   995.0 (야간)",,,,,,"0.00",,"0","0.0","0"
"B0169995","코스피200 C 202609   995.0 (주간)",,,,,,"0.00",,"0","0.0","0"
"B0169A01","코스피200 C 202609 1,000.0 (야간)",,,,,,"0.00",,"0","0.0","758"
"B0169A01","코스피200 C 202609 1,000.0 (주간)",,,,,,"0.00",,"0","0.0","758"
"B0169A02","코스피200 C 202609 1,005.0 (야간)",,,,,,"0.00",,"0","0.0","11"
"B0169A02","코스피200 C 202609 1,005.0 (주간)",,,,,,"0.00",,"0","0.0","11"
"B0169A03","코스피200 C 202609 1,010.0 (야간)",,,,,,"0.00",,"0","0.0","0"
"B0169A03","코스피200 C 202609 1,010.0 (주간)",,,,,,"0.00",,"0","0.0","0"
"B0169A04","코스피200 C 202609 1,015.0 (야간)",,,,,,"0.00",,"0","0.0","0"
"B0169A04","코스피200 C 202609 1,015.0 (주간)",,,,,,"0.00",,"0","0.0","0"
"B0169A05","코스피200 C 202609 1,020.0 (야간)",,,,,,"0.00",,"0","0.0","0"
"B0169A05","코스피200 C 202609 1,020.0 (주간)",,,,,,"0.00",,"0","0.0","0"
"B0169A06","코스피200 C 202609 1,025.0 (야간)",,,,,,"0.00",,"0","0.0","1"
"B0169A06","코스피200 C 202609 1,025.0 (주간)",,,,,,"0.00",,"0","0.0","1"
"B0169A12","코스피200 C 202609 1,030.0 (야간)",,,,,,"0.00",,"0","0.0","0"
"B0169A12","코스피200 C 202609 1,030.0 (주간)",,,,,,"0.00",,"0","0.0","0"
"B0169A13","코스피200 C 202609 1,035.0 (야간)",,,,,,"0.00",,"0","0.0","0"
"B0169A13","코스피200 C 202609 1,035.0 (주간)",,,,,,"0.00",,"0","0.0","0"
"B0169A14","코스피200 C 202609 1,040.0 (야간)",,,,,,"0.00",,"0","0.0","0"
"B0169A14","코스피200 C 202609 1,040.0 (주간)",,,,,,"0.00",,"0","0.0","0"
"B0169A15","코스피200 C 202609 1,045.0 (야간)",,,,,,"0.00",,"0","0.0","400"
"B0169A15","코스피200 C 202609 1,045.0 (주간)",,,,,,"0.00",,"0","0.0","400"
"B0169A16","코스피200 C 202609 1,050.0 (야간)",,,,,,"0.00",,"0","0.0","600"
"B0169A16","코스피200 C 202609 1,050.0 (주간)",,,,,,"0.00",,"0","0.0","600"
"B0169A17","코스피200 C 202609 1,055.0 (야간)",,,,,,"0.00",,"0","0.0","0"
"B0169A17","코스피200 C 202609 1,055.0 (주간)",,,,,,"0.00",,"0","0.0","0"
"B0169A18","코스피200 C 202609 1,060.0 (야간)",,,,,,"0.00",,"0","0.0","0"
"B0169A18","코스피200 C 202609 1,060.0 (주간)",,,,,,"0.00",,"0","0.0","0"
"B0169A19","코스피200 C 202609 1,065.0 (야간)",,,,,,"0.00",,"0","0.0","334"
"B0169A19","코스피200 C 202609 1,065.0 (주간)",,,,,,"0.00",,"0","0.0","334"
"B016A745","코스피200 C 202610   745.0 (야간)",,,,,,"0.00",,"0","0.0","0"
"B016A745","코스피200 C 202610   745.0 (주간)",,,,,,"0.00",,"0","0.0","0"
"B016A750","코스피200 C 202610   750.0 (야간)",,,,,,"0.00",,"0","0.0","0"
"B016A750","코스피200 C 202610   750.0 (주간)",,,,,,"0.00",,"0","0.0","0"
"B016A755","코스피200 C 202610   755.0 (야간)",,,,,,"0.00",,"0","0.0","0"
"B016A755","코스피200 C 202610   755.0 (주간)",,,,,,"0.00",,"0","0.0","0"
"B016A760","코스피200 C 202610   760.0 (야간)",,,,,,"0.00",,"0","0.0","0"
"B016A760","코스피200 C 202610   760.0 (주간)",,,,,,"0.00",,"0","0.0","0"
"B016A765","코스피200 C 202610   765.0 (야간)",,,,,,"0.00",,"0","0.0","0"
"B016A765","코스피200 C 202610   765.0 (주간)",,,,,,"0.00",,"0","0.0","0"
"B016A770","코스피200 C 202610   770.0 (야간)",,,,,,"0.00",,"0","0.0","0"
"B016A770","코스피200 C 202610   770.0 (주간)",,,,,,"0.00",,"0","0.0","0"
"B016A775","코스피200 C 202610   775.0 (야간)",,,,,,"0.00",,"0","0.0","0"
"B016A775","코스피200 C 202610   775.0 (주간)",,,,,,"0.00",,"0","0.0","0"
"B016A780","코스피200 C 202610   780.0 (야간)",,,,,,"0.00",,"0","0.0","0"
"B016A780","코스피200 C 202610   780.0 (주간)",,,,,,"0.00",,"0","0.0","0"
"B016A785","코스피200 C 202610   785.0 (야간)",,,,,,"0.00",,"0","0.0","0"
"B016A785","코스피200 C 202610   785.0 (주간)",,,,,,"0.00",,"0","0.0","0"
"B016A790","코스피200 C 202610   790.0 (야간)",,,,,,"0.00",,"0","0.0","0"
"B016A790","코스피200 C 202610   790.0 (주간)",,,,,,"0.00",,"0","0.0","0"
"B016A795","코스피200 C 202610   795.0 (야간)",,,,,,"0.00",,"0","0.0","0"
"B016A795","코스피200 C 202610   795.0 (주간)",,,,,,"0.00",,"0","0.0","0"
"B016A800","코스피200 C 202610   800.0 (야간)",,,,,,"0.00",,"0","0.0","0"
"B016A800","코스피200 C 202610   800.0 (주간)",,,,,,"0.00",,"0","0.0","0"
"B016A805","코스피200 C 202610   805.0 (야간)",,,,,,"0.00",,"0","0.0","0"
"B016A805","코스피200 C 202610   805.0 (주간)",,,,,,"0.00",,"0","0.0","0"
"B016A810","코스피200 C 202610   810.0 (야간)",,,,,,"0.00",,"0","0.0","0"
"B016A810","코스피200 C 202610   810.0 (주간)",,,,,,"0.00",,"0","0.0","0"
"B016A815","코스피200 C 202610   815.0 (야간)",,,,,,"0.00",,"0","0.0","0"
"B016A815","코스피200 C 202610   815.0 (주간)",,,,,,"0.00",,"0","0.0","0"
"B016A820","코스피200 C 202610   820.0 (야간)",,,,,,"0.00",,"0","0.0","0"
"B016A820","코스피200 C 202610   820.0 (주간)",,,,,,"0.00",,"0","0.0","0"
"B016A825","코스피200 C 202610   825.0 (야간)",,,,,,"0.00",,"0","0.0","0"
"B016A825","코스피200 C 202610   825.0 (주간)",,,,,,"0.00",,"0","0.0","0"
"B016A830","코스피200 C 202610   830.0 (야간)",,,,,,"0.00",,"0","0.0","0"
"B016A830","코스피200 C 202610   830.0 (주간)",,,,,,"0.00",,"0","0.0","0"
"B016A835","코스피200 C 202610   835.0 (야간)",,,,,,"0.00",,"0","0.0","0"
"B016A835","코스피200 C 202610   835.0 (주간)",,,,,,"0.00",,"0","0.0","0"
"B016A840","코스피200 C 202610   840.0 (야간)",,,,,,"0.00",,"0","0.0","0"
"B016A840","코스피200 C 202610   840.0 (주간)",,,,,,"0.00",,"0","0.0","0"
"B016A845","코스피200 C 202610   845.0 (야간)",,,,,,"0.00",,"0","0.0","0"
"B016A845","코스피200 C 202610   845.0 (주간)",,,,,,"0.00",,"0","0.0","0"
"B016A850","코스피200 C 202610   850.0 (야간)",,,,,,"0.00",,"0","0.0","0"
"B016A850","코스피200 C 202610   850.0 (주간)",,,,,,"0.00",,"0","0.0","0"
"B016A855","코스피200 C 202610   855.0 (야간)",,,,,,"0.00",,"0","0.0","0"
"B016A855","코스피200 C 202610   855.0 (주간)",,,,,,"0.00",,"0","0.0","0"
"B016A860","코스피200 C 202610   860.0 (야간)",,,,,,"0.00",,"0","0.0","0"
"B016A860","코스피200 C 202610   860.0 (주간)",,,,,,"0.00",,"0","0.0","0"
"B016A865","코스피200 C 202610   865.0 (야간)",,,,,,"0.00",,"0","0.0","0"
"B016A865","코스피200 C 202610   865.0 (주간)",,,,,,"0.00",,"0","0.0","0"
"B016A870","코스피200 C 202610   870.0 (야간)",,,,,,"0.00",,"0","0.0","0"
"B016A870","코스피200 C 202610   870.0 (주간)",,,,,,"0.00",,"0","0.0","0"
"B016A875","코스피200 C 202610   875.0 (야간)",,,,,,"0.00",,"0","0.0","0"
"B016A875","코스피200 C 202610   875.0 (주간)",,,,,,"0.00",,"0","0.0","0"
"B016A880","코스피200 C 202610   880.0 (야간)",,,,,,"0.00",,"0","0.0","0"
"B016A880","코스피200 C 202610   880.0 (주간)",,,,,,"0.00",,"0","0.0","0"
"B016A885","코스피200 C 202610   885.0 (야간)",,,,,,"0.00",,"0","0.0","0"
"B016A885","코스피200 C 202610   885.0 (주간)",,,,,,"0.00",,"0","0.0","0"
"B016A890","코스피200 C 202610   890.0 (야간)",,,,,,"0.00",,"0","0.0","0"
"B016A890","코스피200 C 202610   890.0 (주간)",,,,,,"0.00",,"0","0.0","0"
"B016A895","코스피200 C 202610   895.0 (야간)",,,,,,"0.00",,"0","0.0","0"
"B016A895","코스피200 C 202610   895.0 (주간)",,,,,,"0.00",,"0","0.0","0"
"B016A900","코스피200 C 202610   900.0 (야간)",,,,,,"0.00",,"0","0.0","0"
"B016A900","코스피200 C 202610   900.0 (주간)",,,,,,"0.00",,"0","0.0","0"
"B016A905","코스피200 C 202610   905.0 (야간)",,,,,,"0.00",,"0","0.0","0"
"B016A905","코스피200 C 202610   905.0 (주간)",,,,,,"0.00",,"0","0.0","0"
"B016A910","코스피200 C 202610   910.0 (야간)",,,,,,"0.00",,"0","0.0","0"
"B016A910","코스피200 C 202610   910.0 (주간)",,,,,,"0.00",,"0","0.0","0"
"B016A915","코스피200 C 202610   915.0 (야간)",,,,,,"0.00",,"0","0.0","0"
"B016A915","코스피200 C 202610   915.0 (주간)",,,,,,"0.00",,"0","0.0","0"
"B016A920","코스피200 C 202610   920.0 (야간)",,,,,,"0.00",,"0","0.0","0"
"B016A920","코스피200 C 202610   920.0 (주간)",,,,,,"0.00",,"0","0.0","0"
"B016A925","코스피200 C 202610   925.0 (야간)",,,,,,"0.00",,"0","0.0","0"
"B016A925","코스피200 C 202610   925.0 (주간)",,,,,,"0.00",,"0","0.0","0"
"B016A930","코스피200 C 202610   930.0 (야간)",,,,,,"0.00",,"0","0.0","0"
"B016A930","코스피200 C 202610   930.0 (주간)",,,,,,"0.00",,"0","0.0","0"
"B016A935","코스피200 C 202610   935.0 (야간)",,,,,,"0.00",,"0","0.0","0"
"B016A935","코스피200 C 202610   935.0 (주간)",,,,,,"0.00",,"0","0.0","0"
"B016A940","코스피200 C 202610   940.0 (야간)",,,,,,"0.00",,"0","0.0","0"
"B016A940","코스피200 C 202610   940.0 (주간)",,,,,,"0.00",,"0","0.0","0"
"B016A945","코스피200 C 202610   945.0 (야간)",,,,,,"0.00",,"0","0.0","0"
"B016A945","코스피200 C 202610   945.0 (주간)",,,,,,"0.00",,"0","0.0","0"
"B016A950","코스피200 C 202610   950.0 (야간)",,,,,,"0.00",,"0","0.0","0"
"B016A950","코스피200 C 202610   950.0 (주간)",,,,,,"0.00",,"0","0.0","0"
"B016A955","코스피200 C 202610   955.0 (야간)",,,,,,"0.00",,"0","0.0","0"
"B016A955","코스피200 C 202610   955.0 (주간)",,,,,,"0.00",,"0","0.0","0"
"B016A960","코스피200 C 202610   960.0 (야간)",,,,,,"0.00",,"0","0.0","0"
"B016A960","코스피200 C 202610   960.0 (주간)",,,,,,"0.00",,"0","0.0","0"
"B016A965","코스피200 C 202610   965.0 (야간)",,,,,,"0.00",,"0","0.0","0"
"B016A965","코스피200 C 202610   965.0 (주간)",,,,,,"0.00",,"0","0.0","0"
"B016A970","코스피200 C 202610   970.0 (야간)",,,,,,"0.00",,"0","0.0","0"
"B016A970","코스피200 C 202610   970.0 (주간)",,,,,,"0.00",,"0","0.0","0"
"B016A975","코스피200 C 202610   975.0 (야간)",,,,,,"0.00",,"0","0.0","0"
"B016A975","코스피200 C 202610   975.0 (주간)",,,,,,"0.00",,"0","0.0","0"
"B016A980","코스피200 C 202610   980.0 (야간)",,,,,,"0.00",,"0","0.0","0"
"B016A980","코스피200 C 202610   980.0 (주간)",,,,,,"0.00",,"0","0.0","0"
"B016A985","코스피200 C 202610   985.0 (야간)",,,,,,"0.00",,"0","0.0","0"
"B016A985","코스피200 C 202610   985.0 (주간)",,,,,,"0.00",,"0","0.0","0"
"B016A990","코스피200 C 202610   990.0 (야간)",,,,,,"0.00",,"0","0.0","0"
"B016A990","코스피200 C 202610   990.0 (주간)",,,,,,"0.00",,"0","0.0","0"
"B016A995","코스피200 C 202610   995.0 (야간)",,,,,,"0.00",,"0","0.0","0"
"B016A995","코스피200 C 202610   995.0 (주간)",,,,,,"0.00",,"0","0.0","0"
"B016AA01","코스피200 C 202610 1,000.0 (야간)",,,,,,"0.00",,"0","0.0","0"
"B016AA01","코스피200 C 202610 1,000.0 (주간)",,,,,,"0.00",,"0","0.0","0"
"B016AA02","코스피200 C 202610 1,005.0 (야간)",,,,,,"0.00",,"0","0.0","0"
"B016AA02","코스피200 C 202610 1,005.0 (주간)",,,,,,"0.00",,"0","0.0","0"
"B016AA03","코스피200 C 202610 1,010.0 (야간)",,,,,,"0.00",,"0","0.0","0"
"B016AA03","코스피200 C 202610 1,010.0 (주간)",,,,,,"0.00",,"0","0.0","0"
"B016AA04","코스피200 C 202610 1,015.0 (야간)",,,,,,"0.00",,"0","0.0","0"
"B016AA04","코스피200 C 202610 1,015.0 (주간)",,,,,,"0.00",,"0","0.0","0"
"B016C180","코스피200 C 202612   180.0 (야간)",,,,,,"0.00",,"0","0.0","8"
"B016C180","코스피200 C 202612   180.0 (주간)",,,,,,"0.00",,"0","0.0","8"
"B016C185","코스피200 C 202612   185.0 (야간)",,,,,,"0.00",,"0","0.0","0"
"B016C185","코스피200 C 202612   185.0 (주간)",,,,,,"0.00",,"0","0.0","0"
"B016C190","코스피200 C 202612   190.0 (야간)",,,,,,"0.00",,"0","0.0","6"
"B016C190","코스피200 C 202612   190.0 (주간)",,,,,,"0.00",,"0","0.0","6"
"B016C195","코스피200 C 202612   195.0 (야간)",,,,,,"0.00",,"0","0.0","0"
"B016C195","코스피200 C 202612   195.0 (주간)",,,,,,"0.00",,"0","0.0","0"
"B016C200","코스피200 C 202612   200.0 (야간)",,,,,,"0.00",,"0","0.0","0"
"B016C200","코스피200 C 202612   200.0 (주간)",,,,,,"0.00",,"0","0.0","0"
"B016C205","코스피200 C 202612   205.0 (야간)",,,,,,"0.00",,"0","0.0","0"
"B016C205","코스피200 C 202612   205.0 (주간)",,,,,,"0.00",,"0","0.0","0"
"B016C210","코스피200 C 202612   210.0 (야간)",,,,,,"0.00",,"0","0.0","27"
"B016C210","코스피200 C 202612   210.0 (주간)",,,,,,"0.00",,"0","0.0","27"
"B016C215","코스피200 C 202612   215.0 (야간)",,,,,,"0.00",,"0","0.0","0"
"B016C215","코스피200 C 202612   215.0 (주간)",,,,,,"0.00",,"0","0.0","0"
"B016C220","코스피200 C 202612   220.0 (야간)",,,,,,"0.00",,"0","0.0","45"
"B016C220","코스피200 C 202612   220.0 (주간)",,,,,,"0.00",,"0","0.0","45"
"B016C225","코스피200 C 202612   225.0 (야간)",,,,,,"0.00",,"0","0.0","0"
"B016C225","코스피200 C 202612   225.0 (주간)",,,,,,"0.00",,"0","0.0","0"
"B016C230","코스피200 C 202612   230.0 (야간)",,,,,,"0.00",,"0","0.0","4"
"B016C230","코스피200 C 202612   230.0 (주간)",,,,,,"0.00",,"0","0.0","4"
"B016C235","코스피200 C 202612   235.0 (야간)",,,,,,"0.00",,"0","0.0","0"
"B016C235","코스피200 C 202612   235.0 (주간)",,,,,,"0.00",,"0","0.0","0"
"B016C240","코스피200 C 202612   240.0 (야간)",,,,,,"0.00",,"0","0.0","0"
"B016C240","코스피200 C 202612   240.0 (주간)",,,,,,"0.00",,"0","0.0","0"
"B016C245","코스피200 C 202612   245.0 (야간)",,,,,,"0.00",,"0","0.0","0"
"B016C245","코스피200 C 202612   245.0 (주간)",,,,,,"0.00",,"0","0.0","0"
"B016C250","코스피200 C 202612   250.0 (야간)",,,,,,"0.00",,"0","0.0","0"
"B016C250","코스피200 C 202612   250.0 (주간)",,,,,,"0.00",,"0","0.0","0"
"B016C255","코스피200 C 202612   255.0 (야간)",,,,,,"0.00",,"0","0.0","0"
"B016C255","코스피200 C 202612   255.0 (주간)",,,,,,"0.00",,"0","0.0","0"
"B016C260","코스피200 C 202612   260.0 (야간)",,,,,,"0.00",,"0","0.0","0"
"B016C260","코스피200 C 202612   260.0 (주간)",,,,,,"0.00",,"0","0.0","0"
"B016C265","코스피200 C 202612   265.0 (야간)",,,,,,"0.00",,"0","0.0","0"
"B016C265","코스피200 C 202612   265.0 (주간)",,,,,,"0.00",,"0","0.0","0"
"B016C270","코스피200 C 202612   270.0 (야간)",,,,,,"0.00",,"0","0.0","6"
"B016C270","코스피200 C 202612   270.0 (주간)",,,,,,"0.00",,"0","0.0","6"
"B016C275","코스피200 C 202612   275.0 (야간)",,,,,,"0.00",,"0","0.0","0"
"B016C275","코스피200 C 202612   275.0 (주간)",,,,,,"0.00",,"0","0.0","0"
"B016C280","코스피200 C 202612   280.0 (야간)",,,,,,"0.00",,"0","0.0","0"
"B016C280","코스피200 C 202612   280.0 (주간)",,,,,,"0.00",,"0","0.0","0"
"B016C285","코스피200 C 202612   285.0 (야간)",,,,,,"0.00",,"0","0.0","0"
"B016C285","코스피200 C 202612   285.0 (주간)",,,,,,"0.00",,"0","0.0","0"
"B016C290","코스피200 C 202612   290.0 (야간)",,,,,,"0.00",,"0","0.0","3"
"B016C290","코스피200 C 202612   290.0 (주간)",,,,,,"0.00",,"0","0.0","3"
"B016C295","코스피200 C 202612   295.0 (야간)",,,,,,"0.00",,"0","0.0","0"
"B016C295","코스피200 C 202612   295.0 (주간)",,,,,,"0.00",,"0","0.0","0"
"B016C300","코스피200 C 202612   300.0 (야간)",,,,,,"0.00",,"0","0.0","0"
"B016C300","코스피200 C 202612   300.0 (주간)",,,,,,"0.00",,"0","0.0","0"
"B016C305","코스피200 C 202612   305.0 (야간)",,,,,,"0.00",,"0","0.0","0"
"B016C305","코스피200 C 202612   305.0 (주간)",,,,,,"0.00",,"0","0.0","0"
"B016C310","코스피200 C 202612   310.0 (야간)",,,,,,"0.00",,"0","0.0","0"
"B016C310","코스피200 C 202612   310.0 (주간)",,,,,,"0.00",,"0","0.0","0"
"B016C315","코스피200 C 202612   315.0 (야간)",,,,,,"0.00",,"0","0.0","0"
"B016C315","코스피200 C 202612   315.0 (주간)",,,,,,"0.00",,"0","0.0","0"
"B016C320","코스피200 C 202612   320.0 (야간)",,,,,,"0.00",,"0","0.0","502"
"B016C320","코스피200 C 202612   320.0 (주간)",,,,,,"0.00",,"0","0.0","502"
"B016C325","코스피200 C 202612   325.0 (야간)",,,,,,"0.00",,"0","0.0","0"
"B016C325","코스피200 C 202612   325.0 (주간)",,,,,,"0.00",,"0","0.0","0"
"B016C330","코스피200 C 202612   330.0 (야간)",,,,,,"0.00",,"0","0.0","9"
"B016C330","코스피200 C 202612   330.0 (주간)",,,,,,"0.00",,"0","0.0","9"
"B016C335","코스피200 C 202612   335.0 (야간)",,,,,,"0.00",,"0","0.0","0"
"B016C335","코스피200 C 202612   335.0 (주간)",,,,,,"0.00",,"0","0.0","0"
"B016C340","코스피200 C 202612   340.0 (야간)",,,,,,"0.00",,"0","0.0","420"
"B016C340","코스피200 C 202612   340.0 (주간)",,,,,,"0.00",,"0","0.0","420"
"B016C345","코스피200 C 202612   345.0 (야간)",,,,,,"0.00",,"0","0.0","0"
"B016C345","코스피200 C 202612   345.0 (주간)",,,,,,"0.00",,"0","0.0","0"
"B016C350","코스피200 C 202612   350.0 (야간)",,,,,,"0.00",,"0","0.0","223"
"B016C350","코스피200 C 202612   350.0 (주간)",,,,,,"0.00",,"0","0.0","223"
"B016C355","코스피200 C 202612   355.0 (야간)",,,,,,"0.00",,"0","0.0","0"
"B016C355","코스피200 C 202612   355.0 (주간)",,,,,,"0.00",,"0","0.0","0"
"B016C360","코스피200 C 202612   360.0 (야간)",,,,,,"0.00",,"0","0.0","530"
"B016C360","코스피200 C 202612   360.0 (주간)",,,,,,"0.00",,"0","0.0","530"
"B016C365","코스피200 C 202612   365.0 (야간)",,,,,,"0.00",,"0","0.0","0"
"B016C365","코스피200 C 202612   365.0 (주간)",,,,,,"0.00",,"0","0.0","0"
"B016C370","코스피200 C 202612   370.0 (야간)",,,,,,"0.00",,"0","0.0","396"
"B016C370","코스피200 C 202612   370.0 (주간)",,,,,,"0.00",,"0","0.0","396"
"B016C375","코스피200 C 202612   375.0 (야간)",,,,,,"0.00",,"0","0.0","0"
"B016C375","코스피200 C 202612   375.0 (주간)",,,,,,"0.00",,"0","0.0","0"
"B016C380","코스피200 C 202612   380.0 (야간)",,,,,,"0.00",,"0","0.0","2004"
"B016C380","코스피200 C 202612   380.0 (주간)",,,,,,"0.00",,"0","0.0","2004"
"B016C385","코스피200 C 202612   385.0 (야간)",,,,,,"0.00",,"0","0.0","0"
"B016C385","코스피200 C 202612   385.0 (주간)",,,,,,"0.00",,"0","0.0","0"
"B016C390","코스피200 C 202612   390.0 (야간)",,,,,,"0.00",,"0","0.0","49"
"B016C390","코스피200 C 202612   390.0 (주간)",,,,,,"0.00",,"0","0.0","49"
"B016C395","코스피200 C 202612   395.0 (야간)",,,,,,"0.00",,"0","0.0","0"
"B016C395","코스피200 C 202612   395.0 (주간)",,,,,,"0.00",,"0","0.0","0"
"B016C400","코스피200 C 202612   400.0 (야간)",,,,,,"0.00",,"0","0.0","2859"
"B016C400","코스피200 C 202612   400.0 (주간)",,,,,,"0.00",,"0","0.0","2859"
"B016C405","코스피200 C 202612   405.0 (야간)",,,,,,"0.00",,"0","0.0","0"
"B016C405","코스피200 C 202612   405.0 (주간)",,,,,,"0.00",,"0","0.0","0"
"B016C410","코스피200 C 202612   410.0 (야간)",,,,,,"0.00",,"0","0.0","544"
"B016C410","코스피200 C 202612   410.0 (주간)",,,,,,"0.00",,"0","0.0","544"
"B016C415","코스피200 C 202612   415.0 (야간)",,,,,,"0.00",,"0","0.0","0"
"B016C415","코스피200 C 202612   415.0 (주간)",,,,,,"0.00",,"0","0.0","0"
"B016C420","코스피200 C 202612   420.0 (야간)",,,,,,"0.00",,"0","0.0","413"
"B016C420","코스피200 C 202612   420.0 (주간)",,,,,,"0.00",,"0","0.0","413"
"B016C425","코스피200 C 202612   425.0 (야간)",,,,,,"0.00",,"0","0.0","0"
"B016C425","코스피200 C 202612   425.0 (주간)",,,,,,"0.00",,"0","0.0","0"
"B016C430","코스피200 C 202612   430.0 (야간)",,,,,,"0.00",,"0","0.0","926"
"B016C430","코스피200 C 202612   430.0 (주간)",,,,,,"0.00",,"0","0.0","926"
"B016C435","코스피200 C 202612   435.0 (야간)",,,,,,"0.00",,"0","0.0","0"
"B016C435","코스피200 C 202612   435.0 (주간)",,,,,,"0.00",,"0","0.0","0"
"B016C440","코스피200 C 202612   440.0 (야간)",,,,,,"0.00",,"0","0.0","47"
"B016C440","코스피200 C 202612   440.0 (주간)",,,,,,"0.00",,"0","0.0","47"
"B016C445","코스피200 C 202612   445.0 (야간)",,,,,,"0.00",,"0","0.0","0"
"B016C445","코스피200 C 202612   445.0 (주간)",,,,,,"0.00",,"0","0.0","0"
"B016C450","코스피200 C 202612   450.0 (야간)",,,,,,"0.00",,"0","0.0","410"
"B016C450","코스피200 C 202612   450.0 (주간)",,,,,,"0.00",,"0","0.0","410"
"B016C455","코스피200 C 202612   455.0 (야간)",,,,,,"0.00",,"0","0.0","0"
"B016C455","코스피200 C 202612   455.0 (주간)",,,,,,"0.00",,"0","0.0","0"
"B016C460","코스피200 C 202612   460.0 (야간)",,,,,,"0.00",,"0","0.0","22"
"B016C460","코스피200 C 202612   460.0 (주간)",,,,,,"0.00",,"0","0.0","22"
"B016C465","코스피200 C 202612   465.0 (야간)",,,,,,"0.00",,"0","0.0","0"
"B016C465","코스피200 C 202612   465.0 (주간)",,,,,,"0.00",,"0","0.0","0"
"B016C470","코스피200 C 202612   470.0 (야간)",,,,,,"0.00",,"0","0.0","519"
"B016C470","코스피200 C 202612   470.0 (주간)",,,,,,"0.00",,"0","0.0","519"
"B016C475","코스피200 C 202612   475.0 (야간)",,,,,,"0.00",,"0","0.0","0"
"B016C475","코스피200 C 202612   475.0 (주간)",,,,,,"0.00",,"0","0.0","0"
"B016C480","코스피200 C 202612   480.0 (야간)",,,,,,"0.00",,"0","0.0","391"
"B016C480","코스피200 C 202612   480.0 (주간)",,,,,,"0.00",,"0","0.0","391"
"B016C485","코스피200 C 202612   485.0 (야간)",,,,,,"0.00",,"0","0.0","0"
"B016C485","코스피200 C 202612   485.0 (주간)",,,,,,"0.00",,"0","0.0","0"
"B016C490","코스피200 C 202612   490.0 (야간)",,,,,,"0.00",,"0","0.0","415"
"B016C490","코스피200 C 202612   490.0 (주간)",,,,,,"0.00",,"0","0.0","415"
"B016C495","코스피200 C 202612   495.0 (야간)",,,,,,"0.00",,"0","0.0","0"
"B016C495","코스피200 C 202612   495.0 (주간)",,,,,,"0.00",,"0","0.0","0"
"B016C500","코스피200 C 202612   500.0 (야간)",,,,,,"0.00",,"0","0.0","337"
"B016C500","코스피200 C 202612   500.0 (주간)",,,,,,"0.00",,"0","0.0","337"
"B016C505","코스피200 C 202612   505.0 (야간)",,,,,,"0.00",,"0","0.0","0"
"B016C505","코스피200 C 202612   505.0 (주간)",,,,,,"0.00",,"0","0.0","0"
"B016C510","코스피200 C 202612   510.0 (야간)",,,,,,"0.00",,"0","0.0","708"
"B016C510","코스피200 C 202612   510.0 (주간)",,,,,,"0.00",,"0","0.0","708"
"B016C515","코스피200 C 202612   515.0 (야간)",,,,,,"0.00",,"0","0.0","0"
"B016C515","코스피200 C 202612   515.0 (주간)",,,,,,"0.00",,"0","0.0","0"
"B016C520","코스피200 C 202612   520.0 (야간)",,,,,,"0.00",,"0","0.0","420"
"B016C520","코스피200 C 202612   520.0 (주간)",,,,,,"0.00",,"0","0.0","420"
"B016C525","코스피200 C 202612   525.0 (야간)",,,,,,"0.00",,"0","0.0","0"
"B016C525","코스피200 C 202612   525.0 (주간)",,,,,,"0.00",,"0","0.0","0"
"B016C530","코스피200 C 202612   530.0 (야간)",,,,,,"0.00",,"0","0.0","243"
"B016C530","코스피200 C 202612   530.0 (주간)",,,,,,"0.00",,"0","0.0","243"
"B016C535","코스피200 C 202612   535.0 (야간)",,,,,,"0.00",,"0","0.0","0"
"B016C535","코스피200 C 202612   535.0 (주간)",,,,,,"0.00",,"0","0.0","0"
"B016C540","코스피200 C 202612   540.0 (야간)",,,,,,"0.00",,"0","0.0","25"
"B016C540","코스피200 C 202612   540.0 (주간)",,,,,,"0.00",,"0","0.0","25"
"B016C545","코스피200 C 202612   545.0 (야간)",,,,,,"0.00",,"0","0.0","0"
"B016C545","코스피200 C 202612   545.0 (주간)",,,,,,"0.00",,"0","0.0","0"
"B016C550","코스피200 C 202612   550.0 (야간)",,,,,,"0.00",,"0","0.0","527"
"B016C550","코스피200 C 202612   550.0 (주간)",,,,,,"0.00",,"0","0.0","527"
"B016C555","코스피200 C 202612   555.0 (야간)",,,,,,"0.00",,"0","0.0","0"
"B016C555","코스피200 C 202612   555.0 (주간)",,,,,,"0.00",,"0","0.0","0"
"B016C560","코스피200 C 202612   560.0 (야간)",,,,,,"0.00",,"0","0.0","246"
"B016C560","코스피200 C 202612   560.0 (주간)",,,,,,"0.00",,"0","0.0","246"
"B016C565","코스피200 C 202612   565.0 (야간)",,,,,,"0.00",,"0","0.0","0"
"B016C565","코스피200 C 202612   565.0 (주간)",,,,,,"0.00",,"0","0.0","0"
"B016C570","코스피200 C 202612   570.0 (야간)",,,,,,"0.00",,"0","0.0","580"
"B016C570","코스피200 C 202612   570.0 (주간)",,,,,,"0.00",,"0","0.0","580"
"B016C575","코스피200 C 202612   575.0 (야간)",,,,,,"0.00",,"0","0.0","0"
"B016C575","코스피200 C 202612   575.0 (주간)",,,,,,"0.00",,"0","0.0","0"
"B016C580","코스피200 C 202612   580.0 (야간)",,,,,,"0.00",,"0","0.0","157"
"B016C580","코스피200 C 202612   580.0 (주간)",,,,,,"0.00",,"0","0.0","157"
"B016C585","코스피200 C 202612   585.0 (야간)",,,,,,"0.00",,"0","0.0","0"
"B016C585","코스피200 C 202612   585.0 (주간)",,,,,,"0.00",,"0","0.0","0"
"B016C590","코스피200 C 202612   590.0 (야간)",,,,,,"0.00",,"0","0.0","225"
"B016C590","코스피200 C 202612   590.0 (주간)",,,,,,"0.00",,"0","0.0","225"
"B016C595","코스피200 C 202612   595.0 (야간)",,,,,,"0.00",,"0","0.0","1"
"B016C595","코스피200 C 202612   595.0 (주간)",,,,,,"0.00",,"0","0.0","1"
"B016C600","코스피200 C 202612   600.0 (야간)",,,,,,"0.00",,"0","0.0","1281"
"B016C600","코스피200 C 202612   600.0 (주간)",,,,,,"0.00",,"0","0.0","1281"
"B016C605","코스피200 C 202612   605.0 (야간)",,,,,,"0.00",,"0","0.0","0"
"B016C605","코스피200 C 202612   605.0 (주간)",,,,,,"0.00",,"0","0.0","0"
"B016C610","코스피200 C 202612   610.0 (야간)",,,,,,"0.00",,"0","0.0","4"
"B016C610","코스피200 C 202612   610.0 (주간)",,,,,,"0.00",,"0","0.0","4"
"B016C615","코스피200 C 202612   615.0 (야간)",,,,,,"0.00",,"0","0.0","0"
"B016C615","코스피200 C 202612   615.0 (주간)",,,,,,"0.00",,"0","0.0","0"
"B016C620","코스피200 C 202612   620.0 (야간)",,,,,,"0.00",,"0","0.0","37"
"B016C620","코스피200 C 202612   620.0 (주간)","334.00","26.50","334.50","334.50","334.00","0.00",,"2","167.0","37"
"B016C625","코스피200 C 202612   625.0 (야간)",,,,,,"0.00",,"0","0.0","0"
"B016C625","코스피200 C 202612   625.0 (주간)",,,,,,"0.00",,"0","0.0","0"
"B016C630","코스피200 C 202612   630.0 (야간)",,,,,,"0.00",,"0","0.0","9"
"B016C630","코스피200 C 202612   630.0 (주간)",,,,,,"0.00",,"0","0.0","9"
"B016C635","코스피200 C 202612   635.0 (야간)",,,,,,"0.00",,"0","0.0","1"
"B016C635","코스피200 C 202612   635.0 (주간)",,,,,,"0.00",,"0","0.0","1"
"B016C640","코스피200 C 202612   640.0 (야간)",,,,,,"0.00",,"0","0.0","5"
"B016C640","코스피200 C 202612   640.0 (주간)",,,,,,"0.00",,"0","0.0","5"
"B016C645","코스피200 C 202612   645.0 (야간)",,,,,,"0.00",,"0","0.0","0"
"B016C645","코스피200 C 202612   645.0 (주간)",,,,,,"0.00",,"0","0.0","0"
"B016C650","코스피200 C 202612   650.0 (야간)",,,,,,"0.00",,"0","0.0","1350"
"B016C650","코스피200 C 202612   650.0 (주간)",,,,,,"0.00",,"0","0.0","1350"
"B016C655","코스피200 C 202612   655.0 (야간)",,,,,,"0.00",,"0","0.0","0"
"B016C655","코스피200 C 202612   655.0 (주간)",,,,,,"0.00",,"0","0.0","0"
"B016C660","코스피200 C 202612   660.0 (야간)",,,,,,"0.00",,"0","0.0","9"
"B016C660","코스피200 C 202612   660.0 (주간)",,,,,,"0.00",,"0","0.0","9"
"B016C665","코스피200 C 202612   665.0 (야간)",,,,,,"0.00",,"0","0.0","7"
"B016C665","코스피200 C 202612   665.0 (주간)",,,,,,"0.00",,"0","0.0","7"
"B016C670","코스피200 C 202612   670.0 (야간)",,,,,,"0.00",,"0","0.0","24"
"B016C670","코스피200 C 202612   670.0 (주간)",,,,,,"0.00",,"0","0.0","24"
"B016C675","코스피200 C 202612   675.0 (야간)",,,,,,"0.00",,"0","0.0","0"
"B016C675","코스피200 C 202612   675.0 (주간)",,,,,,"0.00",,"0","0.0","0"
"B016C680","코스피200 C 202612   680.0 (야간)",,,,,,"0.00",,"0","0.0","548"
"B016C680","코스피200 C 202612   680.0 (주간)",,,,,,"0.00",,"0","0.0","548"
"B016C685","코스피200 C 202612   685.0 (야간)",,,,,,"0.00",,"0","0.0","1"
"B016C685","코스피200 C 202612   685.0 (주간)",,,,,,"0.00",,"0","0.0","1"
"B016C690","코스피200 C 202612   690.0 (야간)",,,,,,"0.00",,"0","0.0","8"
"B016C690","코스피200 C 202612   690.0 (주간)",,,,,,"0.00",,"0","0.0","8"
"B016C695","코스피200 C 202612   695.0 (야간)",,,,,,"0.00",,"0","0.0","0"
"B016C695","코스피200 C 202612   695.0 (주간)",,,,,,"0.00",,"0","0.0","0"
"B016C700","코스피200 C 202612   700.0 (야간)",,,,,,"0.00",,"0","0.0","28"
"B016C700","코스피200 C 202612   700.0 (주간)",,,,,,"0.00",,"0","0.0","28"
"B016C705","코스피200 C 202612   705.0 (야간)",,,,,,"0.00",,"0","0.0","0"
"B016C705","코스피200 C 202612   705.0 (주간)",,,,,,"0.00",,"0","0.0","0"
"B016C710","코스피200 C 202612   710.0 (야간)",,,,,,"0.00",,"0","0.0","5"
"B016C710","코스피200 C 202612   710.0 (주간)",,,,,,"0.00",,"0","0.0","5"
"B016C715","코스피200 C 202612   715.0 (야간)",,,,,,"0.00",,"0","0.0","602"
"B016C715","코스피200 C 202612   715.0 (주간)",,,,,,"0.00",,"0","0.0","602"
"B016C720","코스피200 C 202612   720.0 (야간)",,,,,,"0.00",,"0","0.0","543"
"B016C720","코스피200 C 202612   720.0 (주간)",,,,,,"0.00",,"0","0.0","543"
"B016C725","코스피200 C 202612   725.0 (야간)",,,,,,"0.00",,"0","0.0","3"
"B016C725","코스피200 C 202612   725.0 (주간)",,,,,,"0.00",,"0","0.0","3"
"B016C730","코스피200 C 202612   730.0 (야간)",,,,,,"0.00",,"0","0.0","200"
"B016C730","코스피200 C 202612   730.0 (주간)",,,,,,"0.00",,"0","0.0","200"
"B016C735","코스피200 C 202612   735.0 (야간)",,,,,,"0.00",,"0","0.0","0"
"B016C735","코스피200 C 202612   735.0 (주간)",,,,,,"0.00",,"0","0.0","0"
"B016C740","코스피200 C 202612   740.0 (야간)",,,,,,"0.00",,"0","0.0","0"
"B016C740","코스피200 C 202612   740.0 (주간)",,,,,,"0.00",,"0","0.0","0"
"B016C745","코스피200 C 202612   745.0 (야간)",,,,,,"0.00",,"0","0.0","7"
"B016C745","코스피200 C 202612   745.0 (주간)",,,,,,"0.00",,"0","0.0","7"
"B016C750","코스피200 C 202612   750.0 (야간)",,,,,,"0.00",,"0","0.0","752"
"B016C750","코스피200 C 202612   750.0 (주간)",,,,,,"0.00",,"0","0.0","752"
"B016C755","코스피200 C 202612   755.0 (야간)",,,,,,"0.00",,"0","0.0","0"
"B016C755","코스피200 C 202612   755.0 (주간)",,,,,,"0.00",,"0","0.0","0"
"B016C760","코스피200 C 202612   760.0 (야간)",,,,,,"0.00",,"0","0.0","2"
"B016C760","코스피200 C 202612   760.0 (주간)",,,,,,"0.00",,"0","0.0","2"
"B016C765","코스피200 C 202612   765.0 (야간)",,,,,,"0.00",,"0","0.0","0"
"B016C765","코스피200 C 202612   765.0 (주간)",,,,,,"0.00",,"0","0.0","0"
"B016C770","코스피200 C 202612   770.0 (야간)",,,,,,"0.00",,"0","0.0","15"
"B016C770","코스피200 C 202612   770.0 (주간)",,,,,,"0.00",,"0","0.0","15"
"B016C775","코스피200 C 202612   775.0 (야간)",,,,,,"0.00",,"0","0.0","2"
"B016C775","코스피200 C 202612   775.0 (주간)",,,,,,"0.00",,"0","0.0","2"
"B016C780","코스피200 C 202612   780.0 (야간)",,,,,,"0.00",,"0","0.0","805"
"B016C780","코스피200 C 202612   780.0 (주간)",,,,,,"0.00",,"0","0.0","805"
"B016C785","코스피200 C 202612   785.0 (야간)",,,,,,"0.00",,"0","0.0","2"
"B016C785","코스피200 C 202612   785.0 (주간)",,,,,,"0.00",,"0","0.0","2"
"B016C790","코스피200 C 202612   790.0 (야간)",,,,,,"0.00",,"0","0.0","5"
"B016C790","코스피200 C 202612   790.0 (주간)",,,,,,"0.00",,"0","0.0","5"
"B016C795","코스피200 C 202612   795.0 (야간)",,,,,,"0.00",,"0","0.0","5"
"B016C795","코스피200 C 202612   795.0 (주간)",,,,,,"0.00",,"0","0.0","5"
"B016C800","코스피200 C 202612   800.0 (야간)",,,,,,"0.00",,"0","0.0","2101"
"B016C800","코스피200 C 202612   800.0 (주간)","203.45","-11.10","203.45","203.45","203.45","0.00",,"1","51.0","2100"
"B016C805","코스피200 C 202612   805.0 (야간)",,,,,,"0.00",,"0","0.0","2"
"B016C805","코스피200 C 202612   805.0 (주간)",,,,,,"0.00",,"0","0.0","2"
"B016C810","코스피200 C 202612   810.0 (야간)",,,,,,"0.00",,"0","0.0","0"
"B016C810","코스피200 C 202612   810.0 (주간)",,,,,,"0.00",,"0","0.0","0"
"B016C815","코스피200 C 202612   815.0 (야간)",,,,,,"0.00",,"0","0.0","2006"
"B016C815","코스피200 C 202612   815.0 (주간)",,,,,,"0.00",,"0","0.0","2006"
"B016C820","코스피200 C 202612   820.0 (야간)",,,,,,"0.00",,"0","0.0","0"
"B016C820","코스피200 C 202612   820.0 (주간)",,,,,,"0.00",,"0","0.0","0"
"B016C825","코스피200 C 202612   825.0 (야간)",,,,,,"0.00",,"0","0.0","56"
"B016C825","코스피200 C 202612   825.0 (주간)","188.00","-13.35","188.00","188.00","188.00","0.00",,"1","47.0","56"
"B016C830","코스피200 C 202612   830.0 (야간)",,,,,,"0.00",,"0","0.0","1"
"B016C830","코스피200 C 202612   830.0 (주간)",,,,,,"0.00",,"0","0.0","1"
"B016C835","코스피200 C 202612   835.0 (야간)",,,,,,"0.00",,"0","0.0","8"
"B016C835","코스피200 C 202612   835.0 (주간)",,,,,,"0.00",,"0","0.0","8"
"B016C840","코스피200 C 202612   840.0 (야간)",,,,,,"0.00",,"0","0.0","3"
"B016C840","코스피200 C 202612   840.0 (주간)",,,,,,"0.00",,"0","0.0","3"
"B016C845","코스피200 C 202612   845.0 (야간)",,,,,,"0.00",,"0","0.0","800"
"B016C845","코스피200 C 202612   845.0 (주간)",,,,,,"0.00",,"0","0.0","800"
"B016C850","코스피200 C 202612   850.0 (야간)",,,,,,"0.00",,"0","0.0","394"
"B016C850","코스피200 C 202612   850.0 (주간)",,,,,,"0.00",,"0","0.0","394"
"B016C855","코스피200 C 202612   855.0 (야간)",,,,,,"0.00",,"0","0.0","0"
"B016C855","코스피200 C 202612   855.0 (주간)",,,,,,"0.00",,"0","0.0","0"
"B016C860","코스피200 C 202612   860.0 (야간)",,,,,,"0.00",,"0","0.0","0"
"B016C860","코스피200 C 202612   860.0 (주간)",,,,,,"0.00",,"0","0.0","0"
"B016C865","코스피200 C 202612   865.0 (야간)",,,,,,"0.00",,"0","0.0","301"
"B016C865","코스피200 C 202612   865.0 (주간)",,,,,,"0.00",,"0","0.0","301"
"B016C870","코스피200 C 202612   870.0 (야간)",,,,,,"0.00",,"0","0.0","300"
"B016C870","코스피200 C 202612   870.0 (주간)",,,,,,"0.00",,"0","0.0","300"
"B016C875","코스피200 C 202612   875.0 (야간)",,,,,,"0.00",,"0","0.0","50"
"B016C875","코스피200 C 202612   875.0 (주간)",,,,,,"0.00",,"0","0.0","50"
"B016C880","코스피200 C 202612   880.0 (야간)",,,,,,"0.00",,"0","0.0","154"
"B016C880","코스피200 C 202612   880.0 (주간)",,,,,,"0.00",,"0","0.0","154"
"B016C885","코스피200 C 202612   885.0 (야간)",,,,,,"0.00",,"0","0.0","0"
"B016C885","코스피200 C 202612   885.0 (주간)",,,,,,"0.00",,"0","0.0","0"
"B016C890","코스피200 C 202612   890.0 (야간)",,,,,,"0.00",,"0","0.0","917"
"B016C890","코스피200 C 202612   890.0 (주간)",,,,,,"0.00",,"0","0.0","917"
"B016C895","코스피200 C 202612   895.0 (야간)",,,,,,"0.00",,"0","0.0","0"
"B016C895","코스피200 C 202612   895.0 (주간)",,,,,,"0.00",,"0","0.0","0"
"B016C900","코스피200 C 202612   900.0 (야간)",,,,,,"0.00",,"0","0.0","3"
"B016C900","코스피200 C 202612   900.0 (주간)",,,,,,"0.00",,"0","0.0","3"
"B016C905","코스피200 C 202612   905.0 (야간)",,,,,,"0.00",,"0","0.0","0"
"B016C905","코스피200 C 202612   905.0 (주간)",,,,,,"0.00",,"0","0.0","0"
"B016C910","코스피200 C 202612   910.0 (야간)",,,,,,"0.00",,"0","0.0","207"
"B016C910","코스피200 C 202612   910.0 (주간)",,,,,,"0.00",,"0","0.0","207"
"B016C915","코스피200 C 202612   915.0 (야간)",,,,,,"0.00",,"0","0.0","0"
"B016C915","코스피200 C 202612   915.0 (주간)",,,,,,"0.00",,"0","0.0","0"
"B016C920","코스피200 C 202612   920.0 (야간)",,,,,,"0.00",,"0","0.0","0"
"B016C920","코스피200 C 202612   920.0 (주간)",,,,,,"0.00",,"0","0.0","0"
"B016C925","코스피200 C 202612   925.0 (야간)",,,,,,"0.00",,"0","0.0","100"
"B016C925","코스피200 C 202612   925.0 (주간)",,,,,,"0.00",,"0","0.0","100"
"B016C930","코스피200 C 202612   930.0 (야간)",,,,,,"0.00",,"0","0.0","0"
"B016C930","코스피200 C 202612   930.0 (주간)",,,,,,"0.00",,"0","0.0","0"
"B016C935","코스피200 C 202612   935.0 (야간)",,,,,,"0.00",,"0","0.0","21"
"B016C935","코스피200 C 202612   935.0 (주간)","127.00","-27.25","127.00","127.00","127.00","0.00",,"1","32.0","21"
"B016C940","코스피200 C 202612   940.0 (야간)",,,,,,"0.00",,"0","0.0","0"
"B016C940","코스피200 C 202612   940.0 (주간)",,,,,,"0.00",,"0","0.0","0"
"B016C945","코스피200 C 202612   945.0 (야간)",,,,,,"0.00",,"0","0.0","0"
"B016C945","코스피200 C 202612   945.0 (주간)",,,,,,"0.00",,"0","0.0","0"
"B016C950","코스피200 C 202612   950.0 (야간)",,,,,,"0.00",,"0","0.0","1325"
"B016C950","코스피200 C 202612   950.0 (주간)",,,,,,"0.00",,"0","0.0","1325"
"B016C955","코스피200 C 202612   955.0 (야간)",,,,,,"0.00",,"0","0.0","0"
"B016C955","코스피200 C 202612   955.0 (주간)",,,,,,"0.00",,"0","0.0","0"
"B016C960","코스피200 C 202612   960.0 (야간)",,,,,,"0.00",,"0","0.0","24"
"B016C960","코스피200 C 202612   960.0 (주간)",,,,,,"0.00",,"0","0.0","24"
"B016C965","코스피200 C 202612   965.0 (야간)",,,,,,"0.00",,"0","0.0","0"
"B016C965","코스피200 C 202612   965.0 (주간)",,,,,,"0.00",,"0","0.0","0"
"B016C970","코스피200 C 202612   970.0 (야간)",,,,,,"0.00",,"0","0.0","0"
"B016C970","코스피200 C 202612   970.0 (주간)",,,,,,"0.00",,"0","0.0","0"
"B016C975","코스피200 C 202612   975.0 (야간)",,,,,,"0.00",,"0","0.0","50"
"B016C975","코스피200 C 202612   975.0 (주간)",,,,,,"0.00",,"0","0.0","50"
"B016C980","코스피200 C 202612   980.0 (야간)",,,,,,"0.00",,"0","0.0","904"
"B016C980","코스피200 C 202612   980.0 (주간)","106.65","-31.50","106.65","106.65","106.65","0.00",,"1","27.0","904"
"B016C985","코스피200 C 202612   985.0 (야간)",,,,,,"0.00",,"0","0.0","2"
"B016C985","코스피200 C 202612   985.0 (주간)",,,,,,"0.00",,"0","0.0","2"
"B016C990","코스피200 C 202612   990.0 (야간)",,,,,,"0.00",,"0","0.0","2"
"B016C990","코스피200 C 202612   990.0 (주간)",,,,,,"0.00",,"0","0.0","2"
"B016C995","코스피200 C 202612   995.0 (야간)",,,,,,"0.00",,"0","0.0","15"
"B016C995","코스피200 C 202612   995.0 (주간)",,,,,,"0.00",,"0","0.0","15"
"B016CA01","코스피200 C 202612 1,000.0 (야간)",,,,,,"0.00",,"0","0.0","252"
"B016CA01","코스피200 C 202612 1,000.0 (주간)","96.60","-35.30","96.60","96.60","96.60","0.00",,"1","24.0","253"
"B016CA02","코스피200 C 202612 1,005.0 (야간)",,,,,,"0.00",,"0","0.0","0"
"B016CA02","코스피200 C 202612 1,005.0 (주간)",,,,,,"0.00",,"0","0.0","0"
"B016CA03","코스피200 C 202612 1,010.0 (야간)",,,,,,"0.00",,"0","0.0","0"
"B016CA03","코스피200 C 202612 1,010.0 (주간)",,,,,,"0.00",,"0","0.0","0"
"B016CA04","코스피200 C 202612 1,015.0 (야간)",,,,,,"0.00",,"0","0.0","0"
"B016CA04","코스피200 C 202612 1,015.0 (주간)",,,,,,"0.00",,"0","0.0","0"
"B016CA05","코스피200 C 202612 1,020.0 (야간)",,,,,,"0.00",,"0","0.0","40"
"B016CA05","코스피200 C 202612 1,020.0 (주간)",,,,,,"0.00",,"0","0.0","40"
"B016CA06","코스피200 C 202612 1,025.0 (야간)",,,,,,"0.00",,"0","0.0","213"
"B016CA06","코스피200 C 202612 1,025.0 (주간)",,,,,,"0.00",,"0","0.0","213"
"B016CA12","코스피200 C 202612 1,030.0 (야간)",,,,,,"0.00",,"0","0.0","0"
"B016CA12","코스피200 C 202612 1,030.0 (주간)",,,,,,"0.00",,"0","0.0","0"
"B016CA13","코스피200 C 202612 1,035.0 (야간)",,,,,,"0.00",,"0","0.0","0"
"B016CA13","코스피200 C 202612 1,035.0 (주간)",,,,,,"0.00",,"0","0.0","0"
"B016CA14","코스피200 C 202612 1,040.0 (야간)",,,,,,"0.00",,"0","0.0","0"
"B016CA14","코스피200 C 202612 1,040.0 (주간)",,,,,,"0.00",,"0","0.0","0"
"B016CA15","코스피200 C 202612 1,045.0 (야간)",,,,,,"0.00",,"0","0.0","0"
"B016CA15","코스피200 C 202612 1,045.0 (주간)",,,,,,"0.00",,"0","0.0","0"
"B016CA16","코스피200 C 202612 1,050.0 (야간)",,,,,,"0.00",,"0","0.0","175"
"B016CA16","코스피200 C 202612 1,050.0 (주간)",,,,,,"0.00",,"0","0.0","175"
"B016CA17","코스피200 C 202612 1,055.0 (야간)",,,,,,"0.00",,"0","0.0","0"
"B016CA17","코스피200 C 202612 1,055.0 (주간)",,,,,,"0.00",,"0","0.0","0"
"B016CA18","코스피200 C 202612 1,060.0 (야간)",,,,,,"0.00",,"0","0.0","1"
"B016CA18","코스피200 C 202612 1,060.0 (주간)",,,,,,"0.00",,"0","0.0","1"
"B016CA19","코스피200 C 202612 1,065.0 (야간)",,,,,,"0.00",,"0","0.0","584"
"B016CA19","코스피200 C 202612 1,065.0 (주간)",,,,,,"0.00",,"0","0.0","584"
"B0173625","코스피200 C 202703   625.0 (야간)",,,,,,"0.00",,"0","0.0","0"
"B0173625","코스피200 C 202703   625.0 (주간)",,,,,,"0.00",,"0","0.0","0"
"B0173630","코스피200 C 202703   630.0 (야간)",,,,,,"0.00",,"0","0.0","0"
"B0173630","코스피200 C 202703   630.0 (주간)",,,,,,"0.00",,"0","0.0","0"
"B0173635","코스피200 C 202703   635.0 (야간)",,,,,,"0.00",,"0","0.0","0"
"B0173635","코스피200 C 202703   635.0 (주간)",,,,,,"0.00",,"0","0.0","0"
"B0173640","코스피200 C 202703   640.0 (야간)",,,,,,"0.00",,"0","0.0","0"
"B0173640","코스피200 C 202703   640.0 (주간)",,,,,,"0.00",,"0","0.0","0"
"B0173645","코스피200 C 202703   645.0 (야간)",,,,,,"0.00",,"0","0.0","0"
"B0173645","코스피200 C 202703   645.0 (주간)",,,,,,"0.00",,"0","0.0","0"
"B0173650","코스피200 C 202703   650.0 (야간)",,,,,,"0.00",,"0","0.0","0"
"B0173650","코스피200 C 202703   650.0 (주간)",,,,,,"0.00",,"0","0.0","0"
"B0173655","코스피200 C 202703   655.0 (야간)",,,,,,"0.00",,"0","0.0","0"
"B0173655","코스피200 C 202703   655.0 (주간)",,,,,,"0.00",,"0","0.0","0"
"B0173660","코스피200 C 202703   660.0 (야간)",,,,,,"0.00",,"0","0.0","0"
"B0173660","코스피200 C 202703   660.0 (주간)",,,,,,"0.00",,"0","0.0","0"
"B0173665","코스피200 C 202703   665.0 (야간)",,,,,,"0.00",,"0","0.0","0"
"B0173665","코스피200 C 202703   665.0 (주간)",,,,,,"0.00",,"0","0.0","0"
"B0173670","코스피200 C 202703   670.0 (야간)",,,,,,"0.00",,"0","0.0","0"
"B0173670","코스피200 C 202703   670.0 (주간)",,,,,,"0.00",,"0","0.0","0"
"B0173675","코스피200 C 202703   675.0 (야간)",,,,,,"0.00",,"0","0.0","0"
"B0173675","코스피200 C 202703   675.0 (주간)",,,,,,"0.00",,"0","0.0","0"
"B0173680","코스피200 C 202703   680.0 (야간)",,,,,,"0.00",,"0","0.0","0"
"B0173680","코스피200 C 202703   680.0 (주간)",,,,,,"0.00",,"0","0.0","0"
"B0173685","코스피200 C 202703   685.0 (야간)",,,,,,"0.00",,"0","0.0","0"
"B0173685","코스피200 C 202703   685.0 (주간)",,,,,,"0.00",,"0","0.0","0"
"B0173690","코스피200 C 202703   690.0 (야간)",,,,,,"0.00",,"0","0.0","0"
"B0173690","코스피200 C 202703   690.0 (주간)",,,,,,"0.00",,"0","0.0","0"
"B0173695","코스피200 C 202703   695.0 (야간)",,,,,,"0.00",,"0","0.0","0"
"B0173695","코스피200 C 202703   695.0 (주간)",,,,,,"0.00",,"0","0.0","0"
"B0173700","코스피200 C 202703   700.0 (야간)",,,,,,"0.00",,"0","0.0","0"
"B0173700","코스피200 C 202703   700.0 (주간)",,,,,,"0.00",,"0","0.0","0"
"B0173705","코스피200 C 202703   705.0 (야간)",,,,,,"0.00",,"0","0.0","0"
"B0173705","코스피200 C 202703   705.0 (주간)",,,,,,"0.00",,"0","0.0","0"
"B0173710","코스피200 C 202703   710.0 (야간)",,,,,,"0.00",,"0","0.0","0"
"B0173710","코스피200 C 202703   710.0 (주간)",,,,,,"0.00",,"0","0.0","0"
"B0173715","코스피200 C 202703   715.0 (야간)",,,,,,"0.00",,"0","0.0","0"
"B0173715","코스피200 C 202703   715.0 (주간)",,,,,,"0.00",,"0","0.0","0"
"B0173720","코스피200 C 202703   720.0 (야간)",,,,,,"0.00",,"0","0.0","0"
"B0173720","코스피200 C 202703   720.0 (주간)",,,,,,"0.00",,"0","0.0","0"
"B0173725","코스피200 C 202703   725.0 (야간)",,,,,,"0.00",,"0","0.0","0"
"B0173725","코스피200 C 202703   725.0 (주간)",,,,,,"0.00",,"0","0.0","0"
"B0173730","코스피200 C 202703   730.0 (야간)",,,,,,"0.00",,"0","0.0","0"
"B0173730","코스피200 C 202703   730.0 (주간)",,,,,,"0.00",,"0","0.0","0"
"B0173735","코스피200 C 202703   735.0 (야간)",,,,,,"0.00",,"0","0.0","0"
"B0173735","코스피200 C 202703   735.0 (주간)",,,,,,"0.00",,"0","0.0","0"
"B0173740","코스피200 C 202703   740.0 (야간)",,,,,,"0.00",,"0","0.0","0"
"B0173740","코스피200 C 202703   740.0 (주간)",,,,,,"0.00",,"0","0.0","0"
"B0173745","코스피200 C 202703   745.0 (야간)",,,,,,"0.00",,"0","0.0","0"
"B0173745","코스피200 C 202703   745.0 (주간)",,,,,,"0.00",,"0","0.0","0"
"B0173750","코스피200 C 202703   750.0 (야간)",,,,,,"0.00",,"0","0.0","0"
"B0173750","코스피200 C 202703   750.0 (주간)",,,,,,"0.00",,"0","0.0","0"
"B0173755","코스피200 C 202703   755.0 (야간)",,,,,,"0.00",,"0","0.0","0"
"B0173755","코스피200 C 202703   755.0 (주간)",,,,,,"0.00",,"0","0.0","0"
"B0173760","코스피200 C 202703   760.0 (야간)",,,,,,"0.00",,"0","0.0","0"
"B0173760","코스피200 C 202703   760.0 (주간)",,,,,,"0.00",,"0","0.0","0"
"B0173765","코스피200 C 202703   765.0 (야간)",,,,,,"0.00",,"0","0.0","0"
"B0173765","코스피200 C 202703   765.0 (주간)",,,,,,"0.00",,"0","0.0","0"
"B0173770","코스피200 C 202703   770.0 (야간)",,,,,,"0.00",,"0","0.0","0"
"B0173770","코스피200 C 202703   770.0 (주간)",,,,,,"0.00",,"0","0.0","0"
"B0173775","코스피200 C 202703   775.0 (야간)",,,,,,"0.00",,"0","0.0","0"
"B0173775","코스피200 C 202703   775.0 (주간)",,,,,,"0.00",,"0","0.0","0"
"B0173780","코스피200 C 202703   780.0 (야간)",,,,,,"0.00",,"0","0.0","0"
"B0173780","코스피200 C 202703   780.0 (주간)",,,,,,"0.00",,"0","0.0","0"
"B0173785","코스피200 C 202703   785.0 (야간)",,,,,,"0.00",,"0","0.0","0"
"B0173785","코스피200 C 202703   785.0 (주간)",,,,,,"0.00",,"0","0.0","0"
"B0173790","코스피200 C 202703   790.0 (야간)",,,,,,"0.00",,"0","0.0","0"
"B0173790","코스피200 C 202703   790.0 (주간)",,,,,,"0.00",,"0","0.0","0"
"B0173795","코스피200 C 202703   795.0 (야간)",,,,,,"0.00",,"0","0.0","0"
"B0173795","코스피200 C 202703   795.0 (주간)",,,,,,"0.00",,"0","0.0","0"
"B0173800","코스피200 C 202703   800.0 (야간)",,,,,,"0.00",,"0","0.0","0"
"B0173800","코스피200 C 202703   800.0 (주간)",,,,,,"0.00",,"0","0.0","0"
"B0173805","코스피200 C 202703   805.0 (야간)",,,,,,"0.00",,"0","0.0","0"
"B0173805","코스피200 C 202703   805.0 (주간)",,,,,,"0.00",,"0","0.0","0"
"B0173810","코스피200 C 202703   810.0 (야간)",,,,,,"0.00",,"0","0.0","0"
"B0173810","코스피200 C 202703   810.0 (주간)",,,,,,"0.00",,"0","0.0","0"
"B0173815","코스피200 C 202703   815.0 (야간)",,,,,,"0.00",,"0","0.0","0"
"B0173815","코스피200 C 202703   815.0 (주간)",,,,,,"0.00",,"0","0.0","0"
"B0173820","코스피200 C 202703   820.0 (야간)",,,,,,"0.00",,"0","0.0","0"
"B0173820","코스피200 C 202703   820.0 (주간)",,,,,,"0.00",,"0","0.0","0"
"B0173825","코스피200 C 202703   825.0 (야간)",,,,,,"0.00",,"0","0.0","0"
"B0173825","코스피200 C 202703   825.0 (주간)",,,,,,"0.00",,"0","0.0","0"
"B0173830","코스피200 C 202703   830.0 (야간)",,,,,,"0.00",,"0","0.0","0"
"B0173830","코스피200 C 202703   830.0 (주간)",,,,,,"0.00",,"0","0.0","0"
"B0173835","코스피200 C 202703   835.0 (야간)",,,,,,"0.00",,"0","0.0","0"
"B0173835","코스피200 C 202703   835.0 (주간)",,,,,,"0.00",,"0","0.0","0"
"B0173840","코스피200 C 202703   840.0 (야간)",,,,,,"0.00",,"0","0.0","0"
"B0173840","코스피200 C 202703   840.0 (주간)",,,,,,"0.00",,"0","0.0","0"
"B0173845","코스피200 C 202703   845.0 (야간)",,,,,,"0.00",,"0","0.0","0"
"B0173845","코스피200 C 202703   845.0 (주간)",,,,,,"0.00",,"0","0.0","0"
"B0173850","코스피200 C 202703   850.0 (야간)",,,,,,"0.00",,"0","0.0","0"
"B0173850","코스피200 C 202703   850.0 (주간)",,,,,,"0.00",,"0","0.0","0"
"B0173855","코스피200 C 202703   855.0 (야간)",,,,,,"0.00",,"0","0.0","0"
"B0173855","코스피200 C 202703   855.0 (주간)",,,,,,"0.00",,"0","0.0","0"
"B0173860","코스피200 C 202703   860.0 (야간)",,,,,,"0.00",,"0","0.0","0"
"B0173860","코스피200 C 202703   860.0 (주간)",,,,,,"0.00",,"0","0.0","0"
"B0173865","코스피200 C 202703   865.0 (야간)",,,,,,"0.00",,"0","0.0","0"
"B0173865","코스피200 C 202703   865.0 (주간)",,,,,,"0.00",,"0","0.0","0"
"B0173870","코스피200 C 202703   870.0 (야간)",,,,,,"0.00",,"0","0.0","0"
"B0173870","코스피200 C 202703   870.0 (주간)",,,,,,"0.00",,"0","0.0","0"
"B0173875","코스피200 C 202703   875.0 (야간)",,,,,,"0.00",,"0","0.0","0"
"B0173875","코스피200 C 202703   875.0 (주간)",,,,,,"0.00",,"0","0.0","0"
"B0173880","코스피200 C 202703   880.0 (야간)",,,,,,"0.00",,"0","0.0","0"
"B0173880","코스피200 C 202703   880.0 (주간)",,,,,,"0.00",,"0","0.0","0"
"B0173885","코스피200 C 202703   885.0 (야간)",,,,,,"0.00",,"0","0.0","0"
"B0173885","코스피200 C 202703   885.0 (주간)",,,,,,"0.00",,"0","0.0","0"
"B0173890","코스피200 C 202703   890.0 (야간)",,,,,,"0.00",,"0","0.0","0"
"B0173890","코스피200 C 202703   890.0 (주간)",,,,,,"0.00",,"0","0.0","0"
"B0173895","코스피200 C 202703   895.0 (야간)",,,,,,"0.00",,"0","0.0","10"
"B0173895","코스피200 C 202703   895.0 (주간)",,,,,,"0.00",,"0","0.0","10"
"B0173900","코스피200 C 202703   900.0 (야간)",,,,,,"0.00",,"0","0.0","0"
"B0173900","코스피200 C 202703   900.0 (주간)",,,,,,"0.00",,"0","0.0","0"
"B0173905","코스피200 C 202703   905.0 (야간)",,,,,,"0.00",,"0","0.0","0"
"B0173905","코스피200 C 202703   905.0 (주간)",,,,,,"0.00",,"0","0.0","0"
"B0173910","코스피200 C 202703   910.0 (야간)",,,,,,"0.00",,"0","0.0","0"
"B0173910","코스피200 C 202703   910.0 (주간)",,,,,,"0.00",,"0","0.0","0"
"B0173915","코스피200 C 202703   915.0 (야간)",,,,,,"0.00",,"0","0.0","0"
"B0173915","코스피200 C 202703   915.0 (주간)",,,,,,"0.00",,"0","0.0","0"
"B0173920","코스피200 C 202703   920.0 (야간)",,,,,,"0.00",,"0","0.0","0"
"B0173920","코스피200 C 202703   920.0 (주간)",,,,,,"0.00",,"0","0.0","0"
"B0173925","코스피200 C 202703   925.0 (야간)",,,,,,"0.00",,"0","0.0","0"
"B0173925","코스피200 C 202703   925.0 (주간)",,,,,,"0.00",,"0","0.0","0"
"B0173930","코스피200 C 202703   930.0 (야간)",,,,,,"0.00",,"0","0.0","0"
"B0173930","코스피200 C 202703   930.0 (주간)",,,,,,"0.00",,"0","0.0","0"
"B0173935","코스피200 C 202703   935.0 (야간)",,,,,,"0.00",,"0","0.0","0"
"B0173935","코스피200 C 202703   935.0 (주간)",,,,,,"0.00",,"0","0.0","0"
"B0173940","코스피200 C 202703   940.0 (야간)",,,,,,"0.00",,"0","0.0","0"
"B0173940","코스피200 C 202703   940.0 (주간)",,,,,,"0.00",,"0","0.0","0"
"B0173945","코스피200 C 202703   945.0 (야간)",,,,,,"0.00",,"0","0.0","0"
"B0173945","코스피200 C 202703   945.0 (주간)",,,,,,"0.00",,"0","0.0","0"
"B0173950","코스피200 C 202703   950.0 (야간)",,,,,,"0.00",,"0","0.0","0"
"B0173950","코스피200 C 202703   950.0 (주간)",,,,,,"0.00",,"0","0.0","0"
"B0173955","코스피200 C 202703   955.0 (야간)",,,,,,"0.00",,"0","0.0","0"
"B0173955","코스피200 C 202703   955.0 (주간)",,,,,,"0.00",,"0","0.0","0"
"B0173960","코스피200 C 202703   960.0 (야간)",,,,,,"0.00",,"0","0.0","0"
"B0173960","코스피200 C 202703   960.0 (주간)",,,,,,"0.00",,"0","0.0","0"
"B0173965","코스피200 C 202703   965.0 (야간)",,,,,,"0.00",,"0","0.0","0"
"B0173965","코스피200 C 202703   965.0 (주간)",,,,,,"0.00",,"0","0.0","0"
"B0173970","코스피200 C 202703   970.0 (야간)",,,,,,"0.00",,"0","0.0","0"
"B0173970","코스피200 C 202703   970.0 (주간)",,,,,,"0.00",,"0","0.0","0"
"B0173975","코스피200 C 202703   975.0 (야간)",,,,,,"0.00",,"0","0.0","0"
"B0173975","코스피200 C 202703   975.0 (주간)",,,,,,"0.00",,"0","0.0","0"
"B0173980","코스피200 C 202703   980.0 (야간)",,,,,,"0.00",,"0","0.0","0"
"B0173980","코스피200 C 202703   980.0 (주간)",,,,,,"0.00",,"0","0.0","0"
"B0173985","코스피200 C 202703   985.0 (야간)",,,,,,"0.00",,"0","0.0","0"
"B0173985","코스피200 C 202703   985.0 (주간)",,,,,,"0.00",,"0","0.0","0"
"B0173990","코스피200 C 202703   990.0 (야간)",,,,,,"0.00",,"0","0.0","0"
"B0173990","코스피200 C 202703   990.0 (주간)",,,,,,"0.00",,"0","0.0","0"
"B0173995","코스피200 C 202703   995.0 (야간)",,,,,,"0.00",,"0","0.0","0"
"B0173995","코스피200 C 202703   995.0 (주간)",,,,,,"0.00",,"0","0.0","0"
"B0173A01","코스피200 C 202703 1,000.0 (야간)",,,,,,"0.00",,"0","0.0","0"
"B0173A01","코스피200 C 202703 1,000.0 (주간)",,,,,,"0.00",,"0","0.0","0"
"B0173A02","코스피200 C 202703 1,005.0 (야간)",,,,,,"0.00",,"0","0.0","0"
"B0173A02","코스피200 C 202703 1,005.0 (주간)",,,,,,"0.00",,"0","0.0","0"
"B0173A03","코스피200 C 202703 1,010.0 (야간)",,,,,,"0.00",,"0","0.0","0"
"B0173A03","코스피200 C 202703 1,010.0 (주간)",,,,,,"0.00",,"0","0.0","0"
"B0173A04","코스피200 C 202703 1,015.0 (야간)",,,,,,"0.00",,"0","0.0","0"
"B0173A04","코스피200 C 202703 1,015.0 (주간)",,,,,,"0.00",,"0","0.0","0"
"B0176270","코스피200 C 202706   270.0 (야간)",,,,,,"0.00",,"0","0.0","0"
"B0176270","코스피200 C 202706   270.0 (주간)",,,,,,"0.00",,"0","0.0","0"
"B0176280","코스피200 C 202706   280.0 (야간)",,,,,,"0.00",,"0","0.0","0"
"B0176280","코스피200 C 202706   280.0 (주간)",,,,,,"0.00",,"0","0.0","0"
"B0176290","코스피200 C 202706   290.0 (야간)",,,,,,"0.00",,"0","0.0","0"
"B0176290","코스피200 C 202706   290.0 (주간)",,,,,,"0.00",,"0","0.0","0"
"B0176300","코스피200 C 202706   300.0 (야간)",,,,,,"0.00",,"0","0.0","0"
"B0176300","코스피200 C 202706   300.0 (주간)",,,,,,"0.00",,"0","0.0","0"
"B0176310","코스피200 C 202706   310.0 (야간)",,,,,,"0.00",,"0","0.0","0"
"B0176310","코스피200 C 202706   310.0 (주간)",,,,,,"0.00",,"0","0.0","0"
"B0176320","코스피200 C 202706   320.0 (야간)",,,,,,"0.00",,"0","0.0","0"
"B0176320","코스피200 C 202706   320.0 (주간)",,,,,,"0.00",,"0","0.0","0"
"B0176330","코스피200 C 202706   330.0 (야간)",,,,,,"0.00",,"0","0.0","0"
"B0176330","코스피200 C 202706   330.0 (주간)",,,,,,"0.00",,"0","0.0","0"
"B0176340","코스피200 C 202706   340.0 (야간)",,,,,,"0.00",,"0","0.0","0"
"B0176340","코스피200 C 202706   340.0 (주간)",,,,,,"0.00",,"0","0.0","0"
"B0176350","코스피200 C 202706   350.0 (야간)",,,,,,"0.00",,"0","0.0","0"
"B0176350","코스피200 C 202706   350.0 (주간)",,,,,,"0.00",,"0","0.0","0"
"B0176360","코스피200 C 202706   360.0 (야간)",,,,,,"0.00",,"0","0.0","0"
"B0176360","코스피200 C 202706   360.0 (주간)",,,,,,"0.00",,"0","0.0","0"
"B0176370","코스피200 C 202706   370.0 (야간)",,,,,,"0.00",,"0","0.0","0"
"B0176370","코스피200 C 202706   370.0 (주간)",,,,,,"0.00",,"0","0.0","0"
"B0176380","코스피200 C 202706   380.0 (야간)",,,,,,"0.00",,"0","0.0","0"
"B0176380","코스피200 C 202706   380.0 (주간)",,,,,,"0.00",,"0","0.0","0"
"B0176390","코스피200 C 202706   390.0 (야간)",,,,,,"0.00",,"0","0.0","417"
"B0176390","코스피200 C 202706   390.0 (주간)",,,,,,"0.00",,"0","0.0","417"
"B0176400","코스피200 C 202706   400.0 (야간)",,,,,,"0.00",,"0","0.0","505"
"B0176400","코스피200 C 202706   400.0 (주간)",,,,,,"0.00",,"0","0.0","505"
"B0176410","코스피200 C 202706   410.0 (야간)",,,,,,"0.00",,"0","0.0","4"
"B0176410","코스피200 C 202706   410.0 (주간)",,,,,,"0.00",,"0","0.0","4"
"B0176420","코스피200 C 202706   420.0 (야간)",,,,,,"0.00",,"0","0.0","7"
"B0176420","코스피200 C 202706   420.0 (주간)",,,,,,"0.00",,"0","0.0","7"
"B0176430","코스피200 C 202706   430.0 (야간)",,,,,,"0.00",,"0","0.0","0"
"B0176430","코스피200 C 202706   430.0 (주간)",,,,,,"0.00",,"0","0.0","0"
"B0176440","코스피200 C 202706   440.0 (야간)",,,,,,"0.00",,"0","0.0","0"
"B0176440","코스피200 C 202706   440.0 (주간)",,,,,,"0.00",,"0","0.0","0"
"B0176450","코스피200 C 202706   450.0 (야간)",,,,,,"0.00",,"0","0.0","0"
"B0176450","코스피200 C 202706   450.0 (주간)",,,,,,"0.00",,"0","0.0","0"
"B0176460","코스피200 C 202706   460.0 (야간)",,,,,,"0.00",,"0","0.0","504"
"B0176460","코스피200 C 202706   460.0 (주간)",,,,,,"0.00",,"0","0.0","504"
"B0176470","코스피200 C 202706   470.0 (야간)",,,,,,"0.00",,"0","0.0","0"
"B0176470","코스피200 C 202706   470.0 (주간)",,,,,,"0.00",,"0","0.0","0"
"B0176480","코스피200 C 202706   480.0 (야간)",,,,,,"0.00",,"0","0.0","5"
"B0176480","코스피200 C 202706   480.0 (주간)",,,,,,"0.00",,"0","0.0","5"
"B0176490","코스피200 C 202706   490.0 (야간)",,,,,,"0.00",,"0","0.0","410"
"B0176490","코스피200 C 202706   490.0 (주간)",,,,,,"0.00",,"0","0.0","410"
"B0176500","코스피200 C 202706   500.0 (야간)",,,,,,"0.00",,"0","0.0","5"
"B0176500","코스피200 C 202706   500.0 (주간)",,,,,,"0.00",,"0","0.0","5"
"B0176510","코스피200 C 202706   510.0 (야간)",,,,,,"0.00",,"0","0.0","0"
"B0176510","코스피200 C 202706   510.0 (주간)",,,,,,"0.00",,"0","0.0","0"
"B0176520","코스피200 C 202706   520.0 (야간)",,,,,,"0.00",,"0","0.0","0"
"B0176520","코스피200 C 202706   520.0 (주간)",,,,,,"0.00",,"0","0.0","0"
"B0176530","코스피200 C 202706   530.0 (야간)",,,,,,"0.00",,"0","0.0","0"
"B0176530","코스피200 C 202706   530.0 (주간)",,,,,,"0.00",,"0","0.0","0"
"B0176540","코스피200 C 202706   540.0 (야간)",,,,,,"0.00",,"0","0.0","1"
"B0176540","코스피200 C 202706   540.0 (주간)",,,,,,"0.00",,"0","0.0","1"
"B0176550","코스피200 C 202706   550.0 (야간)",,,,,,"0.00",,"0","0.0","1"
"B0176550","코스피200 C 202706   550.0 (주간)",,,,,,"0.00",,"0","0.0","1"
"B0176560","코스피200 C 202706   560.0 (야간)",,,,,,"0.00",,"0","0.0","0"
"B0176560","코스피200 C 202706   560.0 (주간)",,,,,,"0.00",,"0","0.0","0"
"B0176570","코스피200 C 202706   570.0 (야간)",,,,,,"0.00",,"0","0.0","0"
"B0176570","코스피200 C 202706   570.0 (주간)",,,,,,"0.00",,"0","0.0","0"
"B0176580","코스피200 C 202706   580.0 (야간)",,,,,,"0.00",,"0","0.0","0"
"B0176580","코스피200 C 202706   580.0 (주간)",,,,,,"0.00",,"0","0.0","0"
"B0176590","코스피200 C 202706   590.0 (야간)",,,,,,"0.00",,"0","0.0","0"
"B0176590","코스피200 C 202706   590.0 (주간)",,,,,,"0.00",,"0","0.0","0"
"B0176600","코스피200 C 202706   600.0 (야간)",,,,,,"0.00",,"0","0.0","2"
"B0176600","코스피200 C 202706   600.0 (주간)",,,,,,"0.00",,"0","0.0","2"
"B0176610","코스피200 C 202706   610.0 (야간)",,,,,,"0.00",,"0","0.0","0"
"B0176610","코스피200 C 202706   610.0 (주간)",,,,,,"0.00",,"0","0.0","0"
"B0176620","코스피200 C 202706   620.0 (야간)",,,,,,"0.00",,"0","0.0","0"
"B0176620","코스피200 C 202706   620.0 (주간)",,,,,,"0.00",,"0","0.0","0"
"B0176630","코스피200 C 202706   630.0 (야간)",,,,,,"0.00",,"0","0.0","1"
"B0176630","코스피200 C 202706   630.0 (주간)",,,,,,"0.00",,"0","0.0","1"
"B0176640","코스피200 C 202706   640.0 (야간)",,,,,,"0.00",,"0","0.0","5"
"B0176640","코스피200 C 202706   640.0 (주간)",,,,,,"0.00",,"0","0.0","5"
"B0176650","코스피200 C 202706   650.0 (야간)",,,,,,"0.00",,"0","0.0","0"
"B0176650","코스피200 C 202706   650.0 (주간)",,,,,,"0.00",,"0","0.0","0"
"B0176660","코스피200 C 202706   660.0 (야간)",,,,,,"0.00",,"0","0.0","10"
"B0176660","코스피200 C 202706   660.0 (주간)",,,,,,"0.00",,"0","0.0","10"
"B0176670","코스피200 C 202706   670.0 (야간)",,,,,,"0.00",,"0","0.0","0"
"B0176670","코스피200 C 202706   670.0 (주간)",,,,,,"0.00",,"0","0.0","0"
"B0176680","코스피200 C 202706   680.0 (야간)",,,,,,"0.00",,"0","0.0","0"
"B0176680","코스피200 C 202706   680.0 (주간)",,,,,,"0.00",,"0","0.0","0"
"B0176690","코스피200 C 202706   690.0 (야간)",,,,,,"0.00",,"0","0.0","0"
"B0176690","코스피200 C 202706   690.0 (주간)",,,,,,"0.00",,"0","0.0","0"
"B0176700","코스피200 C 202706   700.0 (야간)",,,,,,"0.00",,"0","0.0","0"
"B0176700","코스피200 C 202706   700.0 (주간)",,,,,,"0.00",,"0","0.0","0"
"B0176710","코스피200 C 202706   710.0 (야간)",,,,,,"0.00",,"0","0.0","0"
"B0176710","코스피200 C 202706   710.0 (주간)",,,,,,"0.00",,"0","0.0","0"
"B0176720","코스피200 C 202706   720.0 (야간)",,,,,,"0.00",,"0","0.0","1"
"B0176720","코스피200 C 202706   720.0 (주간)",,,,,,"0.00",,"0","0.0","1"
"B0176730","코스피200 C 202706   730.0 (야간)",,,,,,"0.00",,"0","0.0","1"
"B0176730","코스피200 C 202706   730.0 (주간)",,,,,,"0.00",,"0","0.0","1"
"B0176740","코스피200 C 202706   740.0 (야간)",,,,,,"0.00",,"0","0.0","0"
"B0176740","코스피200 C 202706   740.0 (주간)",,,,,,"0.00",,"0","0.0","0"
"B0176750","코스피200 C 202706   750.0 (야간)",,,,,,"0.00",,"0","0.0","1"
"B0176750","코스피200 C 202706   750.0 (주간)",,,,,,"0.00",,"0","0.0","1"
"B0176760","코스피200 C 202706   760.0 (야간)",,,,,,"0.00",,"0","0.0","0"
"B0176760","코스피200 C 202706   760.0 (주간)",,,,,,"0.00",,"0","0.0","0"
"B0176770","코스피200 C 202706   770.0 (야간)",,,,,,"0.00",,"0","0.0","0"
"B0176770","코스피200 C 202706   770.0 (주간)",,,,,,"0.00",,"0","0.0","0"
"B0176780","코스피200 C 202706   780.0 (야간)",,,,,,"0.00",,"0","0.0","0"
"B0176780","코스피200 C 202706   780.0 (주간)",,,,,,"0.00",,"0","0.0","0"
"B0176790","코스피200 C 202706   790.0 (야간)",,,,,,"0.00",,"0","0.0","0"
"B0176790","코스피200 C 202706   790.0 (주간)",,,,,,"0.00",,"0","0.0","0"
"B0176800","코스피200 C 202706   800.0 (야간)",,,,,,"0.00",,"0","0.0","0"
"B0176800","코스피200 C 202706   800.0 (주간)",,,,,,"0.00",,"0","0.0","0"
"B0176810","코스피200 C 202706   810.0 (야간)",,,,,,"0.00",,"0","0.0","0"
"B0176810","코스피200 C 202706   810.0 (주간)",,,,,,"0.00",,"0","0.0","0"
"B0176820","코스피200 C 202706   820.0 (야간)",,,,,,"0.00",,"0","0.0","0"
"B0176820","코스피200 C 202706   820.0 (주간)",,,,,,"0.00",,"0","0.0","0"
"B0176830","코스피200 C 202706   830.0 (야간)",,,,,,"0.00",,"0","0.0","3"
"B0176830","코스피200 C 202706   830.0 (주간)",,,,,,"0.00",,"0","0.0","3"
"B0176840","코스피200 C 202706   840.0 (야간)",,,,,,"0.00",,"0","0.0","0"
"B0176840","코스피200 C 202706   840.0 (주간)",,,,,,"0.00",,"0","0.0","0"
"B0176850","코스피200 C 202706   850.0 (야간)",,,,,,"0.00",,"0","0.0","0"
"B0176850","코스피200 C 202706   850.0 (주간)",,,,,,"0.00",,"0","0.0","0"
"B0176860","코스피200 C 202706   860.0 (야간)",,,,,,"0.00",,"0","0.0","0"
"B0176860","코스피200 C 202706   860.0 (주간)",,,,,,"0.00",,"0","0.0","0"
"B0176870","코스피200 C 202706   870.0 (야간)",,,,,,"0.00",,"0","0.0","0"
"B0176870","코스피200 C 202706   870.0 (주간)",,,,,,"0.00",,"0","0.0","0"
"B0176880","코스피200 C 202706   880.0 (야간)",,,,,,"0.00",,"0","0.0","0"
"B0176880","코스피200 C 202706   880.0 (주간)",,,,,,"0.00",,"0","0.0","0"
"B0176890","코스피200 C 202706   890.0 (야간)",,,,,,"0.00",,"0","0.0","0"
"B0176890","코스피200 C 202706   890.0 (주간)",,,,,,"0.00",,"0","0.0","0"
"B0176900","코스피200 C 202706   900.0 (야간)",,,,,,"0.00",,"0","0.0","0"
"B0176900","코스피200 C 202706   900.0 (주간)",,,,,,"0.00",,"0","0.0","0"
"B0176910","코스피200 C 202706   910.0 (야간)",,,,,,"0.00",,"0","0.0","0"
"B0176910","코스피200 C 202706   910.0 (주간)",,,,,,"0.00",,"0","0.0","0"
"B0176920","코스피200 C 202706   920.0 (야간)",,,,,,"0.00",,"0","0.0","0"
"B0176920","코스피200 C 202706   920.0 (주간)",,,,,,"0.00",,"0","0.0","0"
"B0176930","코스피200 C 202706   930.0 (야간)",,,,,,"0.00",,"0","0.0","1"
"B0176930","코스피200 C 202706   930.0 (주간)",,,,,,"0.00",,"0","0.0","1"
"B0176940","코스피200 C 202706   940.0 (야간)",,,,,,"0.00",,"0","0.0","1"
"B0176940","코스피200 C 202706   940.0 (주간)",,,,,,"0.00",,"0","0.0","1"
"B0176950","코스피200 C 202706   950.0 (야간)",,,,,,"0.00",,"0","0.0","1"
"B0176950","코스피200 C 202706   950.0 (주간)",,,,,,"0.00",,"0","0.0","1"
"B0176960","코스피200 C 202706   960.0 (야간)",,,,,,"0.00",,"0","0.0","1"
"B0176960","코스피200 C 202706   960.0 (주간)",,,,,,"0.00",,"0","0.0","1"
"B0176970","코스피200 C 202706   970.0 (야간)",,,,,,"0.00",,"0","0.0","1"
"B0176970","코스피200 C 202706   970.0 (주간)",,,,,,"0.00",,"0","0.0","1"
"B0176980","코스피200 C 202706   980.0 (야간)",,,,,,"0.00",,"0","0.0","1"
"B0176980","코스피200 C 202706   980.0 (주간)",,,,,,"0.00",,"0","0.0","1"
"B0176990","코스피200 C 202706   990.0 (야간)",,,,,,"0.00",,"0","0.0","0"
"B0176990","코스피200 C 202706   990.0 (주간)",,,,,,"0.00",,"0","0.0","0"
"B0176A01","코스피200 C 202706 1,000.0 (야간)",,,,,,"0.00",,"0","0.0","0"
"B0176A01","코스피200 C 202706 1,000.0 (주간)",,,,,,"0.00",,"0","0.0","0"
"B0176A03","코스피200 C 202706 1,010.0 (야간)",,,,,,"0.00",,"0","0.0","2"
"B0176A03","코스피200 C 202706 1,010.0 (주간)",,,,,,"0.00",,"0","0.0","2"
"B0176A05","코스피200 C 202706 1,020.0 (야간)",,,,,,"0.00",,"0","0.0","2"
"B0176A05","코스피200 C 202706 1,020.0 (주간)",,,,,,"0.00",,"0","0.0","2"
"B0176A12","코스피200 C 202706 1,030.0 (야간)",,,,,,"0.00",,"0","0.0","0"
"B0176A12","코스피200 C 202706 1,030.0 (주간)",,,,,,"0.00",,"0","0.0","0"
"B0176A14","코스피200 C 202706 1,040.0 (야간)",,,,,,"0.00",,"0","0.0","2"
"B0176A14","코스피200 C 202706 1,040.0 (주간)",,,,,,"0.00",,"0","0.0","2"
"B0176A16","코스피200 C 202706 1,050.0 (야간)",,,,,,"0.00",,"0","0.0","1"
"B0176A16","코스피200 C 202706 1,050.0 (주간)",,,,,,"0.00",,"0","0.0","1"
"B0176A18","코스피200 C 202706 1,060.0 (야간)",,,,,,"0.00",,"0","0.0","1"
"B0176A18","코스피200 C 202706 1,060.0 (주간)",,,,,,"0.00",,"0","0.0","1"
"B017C180","코스피200 C 202712   180.0 (야간)",,,,,,"0.00",,"0","0.0","42"
"B017C180","코스피200 C 202712   180.0 (주간)",,,,,,"0.00",,"0","0.0","42"
"B017C190","코스피200 C 202712   190.0 (야간)",,,,,,"0.00",,"0","0.0","0"
"B017C190","코스피200 C 202712   190.0 (주간)",,,,,,"0.00",,"0","0.0","0"
"B017C200","코스피200 C 202712   200.0 (야간)",,,,,,"0.00",,"0","0.0","0"
"B017C200","코스피200 C 202712   200.0 (주간)",,,,,,"0.00",,"0","0.0","0"
"B017C210","코스피200 C 202712   210.0 (야간)",,,,,,"0.00",,"0","0.0","0"
"B017C210","코스피200 C 202712   210.0 (주간)",,,,,,"0.00",,"0","0.0","0"
"B017C220","코스피200 C 202712   220.0 (야간)",,,,,,"0.00",,"0","0.0","0"
"B017C220","코스피200 C 202712   220.0 (주간)",,,,,,"0.00",,"0","0.0","0"
"B017C230","코스피200 C 202712   230.0 (야간)",,,,,,"0.00",,"0","0.0","0"
"B017C230","코스피200 C 202712   230.0 (주간)",,,,,,"0.00",,"0","0.0","0"
"B017C240","코스피200 C 202712   240.0 (야간)",,,,,,"0.00",,"0","0.0","0"
"B017C240","코스피200 C 202712   240.0 (주간)",,,,,,"0.00",,"0","0.0","0"
"B017C250","코스피200 C 202712   250.0 (야간)",,,,,,"0.00",,"0","0.0","3"
"B017C250","코스피200 C 202712   250.0 (주간)",,,,,,"0.00",,"0","0.0","3"
"B017C260","코스피200 C 202712   260.0 (야간)",,,,,,"0.00",,"0","0.0","0"
"B017C260","코스피200 C 202712   260.0 (주간)",,,,,,"0.00",,"0","0.0","0"
"B017C270","코스피200 C 202712   270.0 (야간)",,,,,,"0.00",,"0","0.0","0"
"B017C270","코스피200 C 202712   270.0 (주간)",,,,,,"0.00",,"0","0.0","0"
"B017C280","코스피200 C 202712   280.0 (야간)",,,,,,"0.00",,"0","0.0","0"
"B017C280","코스피200 C 202712   280.0 (주간)",,,,,,"0.00",,"0","0.0","0"
"B017C290","코스피200 C 202712   290.0 (야간)",,,,,,"0.00",,"0","0.0","0"
"B017C290","코스피200 C 202712   290.0 (주간)",,,,,,"0.00",,"0","0.0","0"
"B017C300","코스피200 C 202712   300.0 (야간)",,,,,,"0.00",,"0","0.0","1"
"B017C300","코스피200 C 202712   300.0 (주간)",,,,,,"0.00",,"0","0.0","1"
"B017C310","코스피200 C 202712   310.0 (야간)",,,,,,"0.00",,"0","0.0","0"
"B017C310","코스피200 C 202712   310.0 (주간)",,,,,,"0.00",,"0","0.0","0"
"B017C320","코스피200 C 202712   320.0 (야간)",,,,,,"0.00",,"0","0.0","0"
"B017C320","코스피200 C 202712   320.0 (주간)",,,,,,"0.00",,"0","0.0","0"
"B017C330","코스피200 C 202712   330.0 (야간)",,,,,,"0.00",,"0","0.0","3"
"B017C330","코스피200 C 202712   330.0 (주간)",,,,,,"0.00",,"0","0.0","3"
"B017C340","코스피200 C 202712   340.0 (야간)",,,,,,"0.00",,"0","0.0","0"
"B017C340","코스피200 C 202712   340.0 (주간)",,,,,,"0.00",,"0","0.0","0"
"B017C350","코스피200 C 202712   350.0 (야간)",,,,,,"0.00",,"0","0.0","0"
"B017C350","코스피200 C 202712   350.0 (주간)",,,,,,"0.00",,"0","0.0","0"
"B017C360","코스피200 C 202712   360.0 (야간)",,,,,,"0.00",,"0","0.0","0"
"B017C360","코스피200 C 202712   360.0 (주간)",,,,,,"0.00",,"0","0.0","0"
"B017C370","코스피200 C 202712   370.0 (야간)",,,,,,"0.00",,"0","0.0","818"
"B017C370","코스피200 C 202712   370.0 (주간)",,,,,,"0.00",,"0","0.0","818"
"B017C380","코스피200 C 202712   380.0 (야간)",,,,,,"0.00",,"0","0.0","417"
"B017C380","코스피200 C 202712   380.0 (주간)",,,,,,"0.00",,"0","0.0","417"
"B017C390","코스피200 C 202712   390.0 (야간)",,,,,,"0.00",,"0","0.0","415"
"B017C390","코스피200 C 202712   390.0 (주간)",,,,,,"0.00",,"0","0.0","415"
"B017C400","코스피200 C 202712   400.0 (야간)",,,,,,"0.00",,"0","0.0","521"
"B017C400","코스피200 C 202712   400.0 (주간)",,,,,,"0.00",,"0","0.0","521"
"B017C410","코스피200 C 202712   410.0 (야간)",,,,,,"0.00",,"0","0.0","0"
"B017C410","코스피200 C 202712   410.0 (주간)",,,,,,"0.00",,"0","0.0","0"
"B017C420","코스피200 C 202712   420.0 (야간)",,,,,,"0.00",,"0","0.0","4"
"B017C420","코스피200 C 202712   420.0 (주간)",,,,,,"0.00",,"0","0.0","4"
"B017C430","코스피200 C 202712   430.0 (야간)",,,,,,"0.00",,"0","0.0","1"
"B017C430","코스피200 C 202712   430.0 (주간)",,,,,,"0.00",,"0","0.0","1"
"B017C440","코스피200 C 202712   440.0 (야간)",,,,,,"0.00",,"0","0.0","6"
"B017C440","코스피200 C 202712   440.0 (주간)",,,,,,"0.00",,"0","0.0","6"
"B017C450","코스피200 C 202712   450.0 (야간)",,,,,,"0.00",,"0","0.0","4"
"B017C450","코스피200 C 202712   450.0 (주간)",,,,,,"0.00",,"0","0.0","4"
"B017C460","코스피200 C 202712   460.0 (야간)",,,,,,"0.00",,"0","0.0","4"
"B017C460","코스피200 C 202712   460.0 (주간)",,,,,,"0.00",,"0","0.0","4"
"B017C470","코스피200 C 202712   470.0 (야간)",,,,,,"0.00",,"0","0.0","512"
"B017C470","코스피200 C 202712   470.0 (주간)",,,,,,"0.00",,"0","0.0","512"
"B017C480","코스피200 C 202712   480.0 (야간)",,,,,,"0.00",,"0","0.0","411"
"B017C480","코스피200 C 202712   480.0 (주간)",,,,,,"0.00",,"0","0.0","411"
"B017C490","코스피200 C 202712   490.0 (야간)",,,,,,"0.00",,"0","0.0","421"
"B017C490","코스피200 C 202712   490.0 (주간)",,,,,,"0.00",,"0","0.0","421"
"B017C500","코스피200 C 202712   500.0 (야간)",,,,,,"0.00",,"0","0.0","308"
"B017C500","코스피200 C 202712   500.0 (주간)",,,,,,"0.00",,"0","0.0","308"
"B017C510","코스피200 C 202712   510.0 (야간)",,,,,,"0.00",,"0","0.0","0"
"B017C510","코스피200 C 202712   510.0 (주간)",,,,,,"0.00",,"0","0.0","0"
"B017C520","코스피200 C 202712   520.0 (야간)",,,,,,"0.00",,"0","0.0","0"
"B017C520","코스피200 C 202712   520.0 (주간)",,,,,,"0.00",,"0","0.0","0"
"B017C530","코스피200 C 202712   530.0 (야간)",,,,,,"0.00",,"0","0.0","0"
"B017C530","코스피200 C 202712   530.0 (주간)",,,,,,"0.00",,"0","0.0","0"
"B017C540","코스피200 C 202712   540.0 (야간)",,,,,,"0.00",,"0","0.0","28"
"B017C540","코스피200 C 202712   540.0 (주간)",,,,,,"0.00",,"0","0.0","28"
"B017C550","코스피200 C 202712   550.0 (야간)",,,,,,"0.00",,"0","0.0","1"
"B017C550","코스피200 C 202712   550.0 (주간)",,,,,,"0.00",,"0","0.0","1"
"B017C560","코스피200 C 202712   560.0 (야간)",,,,,,"0.00",,"0","0.0","2"
"B017C560","코스피200 C 202712   560.0 (주간)",,,,,,"0.00",,"0","0.0","2"
"B017C570","코스피200 C 202712   570.0 (야간)",,,,,,"0.00",,"0","0.0","0"
"B017C570","코스피200 C 202712   570.0 (주간)",,,,,,"0.00",,"0","0.0","0"
"B017C580","코스피200 C 202712   580.0 (야간)",,,,,,"0.00",,"0","0.0","400"
"B017C580","코스피200 C 202712   580.0 (주간)",,,,,,"0.00",,"0","0.0","400"
"B017C590","코스피200 C 202712   590.0 (야간)",,,,,,"0.00",,"0","0.0","0"
"B017C590","코스피200 C 202712   590.0 (주간)",,,,,,"0.00",,"0","0.0","0"
"B017C600","코스피200 C 202712   600.0 (야간)",,,,,,"0.00",,"0","0.0","8"
"B017C600","코스피200 C 202712   600.0 (주간)",,,,,,"0.00",,"0","0.0","8"
"B017C610","코스피200 C 202712   610.0 (야간)",,,,,,"0.00",,"0","0.0","0"
"B017C610","코스피200 C 202712   610.0 (주간)",,,,,,"0.00",,"0","0.0","0"
"B017C620","코스피200 C 202712   620.0 (야간)",,,,,,"0.00",,"0","0.0","0"
"B017C620","코스피200 C 202712   620.0 (주간)",,,,,,"0.00",,"0","0.0","0"
"B017C630","코스피200 C 202712   630.0 (야간)",,,,,,"0.00",,"0","0.0","0"
"B017C630","코스피200 C 202712   630.0 (주간)",,,,,,"0.00",,"0","0.0","0"
"B017C640","코스피200 C 202712   640.0 (야간)",,,,,,"0.00",,"0","0.0","0"
"B017C640","코스피200 C 202712   640.0 (주간)",,,,,,"0.00",,"0","0.0","0"
"B017C650","코스피200 C 202712   650.0 (야간)",,,,,,"0.00",,"0","0.0","0"
"B017C650","코스피200 C 202712   650.0 (주간)",,,,,,"0.00",,"0","0.0","0"
"B017C660","코스피200 C 202712   660.0 (야간)",,,,,,"0.00",,"0","0.0","45"
"B017C660","코스피200 C 202712   660.0 (주간)",,,,,,"0.00",,"0","0.0","45"
"B017C670","코스피200 C 202712   670.0 (야간)",,,,,,"0.00",,"0","0.0","0"
"B017C670","코스피200 C 202712   670.0 (주간)",,,,,,"0.00",,"0","0.0","0"
"B017C680","코스피200 C 202712   680.0 (야간)",,,,,,"0.00",,"0","0.0","0"
"B017C680","코스피200 C 202712   680.0 (주간)",,,,,,"0.00",,"0","0.0","0"
"B017C690","코스피200 C 202712   690.0 (야간)",,,,,,"0.00",,"0","0.0","1"
"B017C690","코스피200 C 202712   690.0 (주간)",,,,,,"0.00",,"0","0.0","1"
"B017C700","코스피200 C 202712   700.0 (야간)",,,,,,"0.00",,"0","0.0","1"
"B017C700","코스피200 C 202712   700.0 (주간)",,,,,,"0.00",,"0","0.0","1"
"B017C710","코스피200 C 202712   710.0 (야간)",,,,,,"0.00",,"0","0.0","0"
"B017C710","코스피200 C 202712   710.0 (주간)",,,,,,"0.00",,"0","0.0","0"
"B017C720","코스피200 C 202712   720.0 (야간)",,,,,,"0.00",,"0","0.0","3"
"B017C720","코스피200 C 202712   720.0 (주간)",,,,,,"0.00",,"0","0.0","3"
"B017C730","코스피200 C 202712   730.0 (야간)",,,,,,"0.00",,"0","0.0","0"
"B017C730","코스피200 C 202712   730.0 (주간)",,,,,,"0.00",,"0","0.0","0"
"B017C740","코스피200 C 202712   740.0 (야간)",,,,,,"0.00",,"0","0.0","0"
"B017C740","코스피200 C 202712   740.0 (주간)",,,,,,"0.00",,"0","0.0","0"
"B017C750","코스피200 C 202712   750.0 (야간)",,,,,,"0.00",,"0","0.0","0"
"B017C750","코스피200 C 202712   750.0 (주간)",,,,,,"0.00",,"0","0.0","0"
"B017C760","코스피200 C 202712   760.0 (야간)",,,,,,"0.00",,"0","0.0","0"
"B017C760","코스피200 C 202712   760.0 (주간)",,,,,,"0.00",,"0","0.0","0"
"B017C770","코스피200 C 202712   770.0 (야간)",,,,,,"0.00",,"0","0.0","0"
"B017C770","코스피200 C 202712   770.0 (주간)",,,,,,"0.00",,"0","0.0","0"
"B017C780","코스피200 C 202712   780.0 (야간)",,,,,,"0.00",,"0","0.0","0"
"B017C780","코스피200 C 202712   780.0 (주간)",,,,,,"0.00",,"0","0.0","0"
"B017C790","코스피200 C 202712   790.0 (야간)",,,,,,"0.00",,"0","0.0","0"
"B017C790","코스피200 C 202712   790.0 (주간)",,,,,,"0.00",,"0","0.0","0"
"B017C800","코스피200 C 202712   800.0 (야간)",,,,,,"0.00",,"0","0.0","0"
"B017C800","코스피200 C 202712   800.0 (주간)",,,,,,"0.00",,"0","0.0","0"
"B017C810","코스피200 C 202712   810.0 (야간)",,,,,,"0.00",,"0","0.0","6"
"B017C810","코스피200 C 202712   810.0 (주간)","238.05","-25.50","238.05","238.05","238.05","0.00",,"1","60.0","6"
"B017C820","코스피200 C 202712   820.0 (야간)",,,,,,"0.00",,"0","0.0","0"
"B017C820","코스피200 C 202712   820.0 (주간)",,,,,,"0.00",,"0","0.0","0"
"B017C830","코스피200 C 202712   830.0 (야간)",,,,,,"0.00",,"0","0.0","12"
"B017C830","코스피200 C 202712   830.0 (주간)",,,,,,"0.00",,"0","0.0","12"
"B017C840","코스피200 C 202712   840.0 (야간)",,,,,,"0.00",,"0","0.0","2"
"B017C840","코스피200 C 202712   840.0 (주간)",,,,,,"0.00",,"0","0.0","2"
"B017C850","코스피200 C 202712   850.0 (야간)",,,,,,"0.00",,"0","0.0","175"
"B017C850","코스피200 C 202712   850.0 (주간)",,,,,,"0.00",,"0","0.0","175"
"B017C860","코스피200 C 202712   860.0 (야간)",,,,,,"0.00",,"0","0.0","0"
"B017C860","코스피200 C 202712   860.0 (주간)",,,,,,"0.00",,"0","0.0","0"
"B017C870","코스피200 C 202712   870.0 (야간)",,,,,,"0.00",,"0","0.0","9"
"B017C870","코스피200 C 202712   870.0 (주간)",,,,,,"0.00",,"0","0.0","9"
"B017C880","코스피200 C 202712   880.0 (야간)",,,,,,"0.00",,"0","0.0","0"
"B017C880","코스피200 C 202712   880.0 (주간)",,,,,,"0.00",,"0","0.0","0"
"B017C890","코스피200 C 202712   890.0 (야간)",,,,,,"0.00",,"0","0.0","0"
"B017C890","코스피200 C 202712   890.0 (주간)",,,,,,"0.00",,"0","0.0","0"
"B017C900","코스피200 C 202712   900.0 (야간)",,,,,,"0.00",,"0","0.0","0"
"B017C900","코스피200 C 202712   900.0 (주간)",,,,,,"0.00",,"0","0.0","0"
"B017C910","코스피200 C 202712   910.0 (야간)",,,,,,"0.00",,"0","0.0","6"
"B017C910","코스피200 C 202712   910.0 (주간)",,,,,,"0.00",,"0","0.0","6"
"B017C920","코스피200 C 202712   920.0 (야간)",,,,,,"0.00",,"0","0.0","0"
"B017C920","코스피200 C 202712   920.0 (주간)",,,,,,"0.00",,"0","0.0","0"
"B017C930","코스피200 C 202712   930.0 (야간)",,,,,,"0.00",,"0","0.0","0"
"B017C930","코스피200 C 202712   930.0 (주간)",,,,,,"0.00",,"0","0.0","0"
"B017C940","코스피200 C 202712   940.0 (야간)",,,,,,"0.00",,"0","0.0","0"
"B017C940","코스피200 C 202712   940.0 (주간)",,,,,,"0.00",,"0","0.0","0"
"B017C950","코스피200 C 202712   950.0 (야간)",,,,,,"0.00",,"0","0.0","0"
"B017C950","코스피200 C 202712   950.0 (주간)",,,,,,"0.00",,"0","0.0","0"
"B017C960","코스피200 C 202712   960.0 (야간)",,,,,,"0.00",,"0","0.0","4"
"B017C960","코스피200 C 202712   960.0 (주간)",,,,,,"0.00",,"0","0.0","4"
"B017C970","코스피200 C 202712   970.0 (야간)",,,,,,"0.00",,"0","0.0","0"
"B017C970","코스피200 C 202712   970.0 (주간)",,,,,,"0.00",,"0","0.0","0"
"B017C980","코스피200 C 202712   980.0 (야간)",,,,,,"0.00",,"0","0.0","0"
"B017C980","코스피200 C 202712   980.0 (주간)",,,,,,"0.00",,"0","0.0","0"
"B017C990","코스피200 C 202712   990.0 (야간)",,,,,,"0.00",,"0","0.0","0"
"B017C990","코스피200 C 202712   990.0 (주간)",,,,,,"0.00",,"0","0.0","0"
"B017CA01","코스피200 C 202712 1,000.0 (야간)",,,,,,"0.00",,"0","0.0","100"
"B017CA01","코스피200 C 202712 1,000.0 (주간)",,,,,,"0.00",,"0","0.0","100"
"B017CA03","코스피200 C 202712 1,010.0 (야간)",,,,,,"0.00",,"0","0.0","0"
"B017CA03","코스피200 C 202712 1,010.0 (주간)",,,,,,"0.00",,"0","0.0","0"
"B017CA05","코스피200 C 202712 1,020.0 (야간)",,,,,,"0.00",,"0","0.0","0"
"B017CA05","코스피200 C 202712 1,020.0 (주간)",,,,,,"0.00",,"0","0.0","0"
"B017CA12","코스피200 C 202712 1,030.0 (야간)",,,,,,"0.00",,"0","0.0","0"
"B017CA12","코스피200 C 202712 1,030.0 (주간)",,,,,,"0.00",,"0","0.0","0"
"B017CA14","코스피200 C 202712 1,040.0 (야간)",,,,,,"0.00",,"0","0.0","1"
"B017CA14","코스피200 C 202712 1,040.0 (주간)",,,,,,"0.00",,"0","0.0","1"
"B017CA16","코스피200 C 202712 1,050.0 (야간)",,,,,,"0.00",,"0","0.0","2"
"B017CA16","코스피200 C 202712 1,050.0 (주간)",,,,,,"0.00",,"0","0.0","2"
"B017CA18","코스피200 C 202712 1,060.0 (야간)",,,,,,"0.00",,"0","0.0","23"
"B017CA18","코스피200 C 202712 1,060.0 (주간)",,,,,,"0.00",,"0","0.0","23"
"B018C440","코스피200 C 202812   440.0 (야간)",,,,,,"0.00",,"0","0.0","4"
"B018C440","코스피200 C 202812   440.0 (주간)",,,,,,"0.00",,"0","0.0","4"
"B018C450","코스피200 C 202812   450.0 (야간)",,,,,,"0.00",,"0","0.0","0"
"B018C450","코스피200 C 202812   450.0 (주간)",,,,,,"0.00",,"0","0.0","0"
"B018C460","코스피200 C 202812   460.0 (야간)",,,,,,"0.00",,"0","0.0","0"
"B018C460","코스피200 C 202812   460.0 (주간)",,,,,,"0.00",,"0","0.0","0"
"B018C470","코스피200 C 202812   470.0 (야간)",,,,,,"0.00",,"0","0.0","0"
"B018C470","코스피200 C 202812   470.0 (주간)",,,,,,"0.00",,"0","0.0","0"
"B018C480","코스피200 C 202812   480.0 (야간)",,,,,,"0.00",,"0","0.0","0"
"B018C480","코스피200 C 202812   480.0 (주간)",,,,,,"0.00",,"0","0.0","0"
"B018C490","코스피200 C 202812   490.0 (야간)",,,,,,"0.00",,"0","0.0","4"
"B018C490","코스피200 C 202812   490.0 (주간)",,,,,,"0.00",,"0","0.0","4"
"B018C500","코스피200 C 202812   500.0 (야간)",,,,,,"0.00",,"0","0.0","0"
"B018C500","코스피200 C 202812   500.0 (주간)",,,,,,"0.00",,"0","0.0","0"
"B018C510","코스피200 C 202812   510.0 (야간)",,,,,,"0.00",,"0","0.0","0"
"B018C510","코스피200 C 202812   510.0 (주간)",,,,,,"0.00",,"0","0.0","0"
"B018C520","코스피200 C 202812   520.0 (야간)",,,,,,"0.00",,"0","0.0","0"
"B018C520","코스피200 C 202812   520.0 (주간)",,,,,,"0.00",,"0","0.0","0"
"B018C530","코스피200 C 202812   530.0 (야간)",,,,,,"0.00",,"0","0.0","0"
"B018C530","코스피200 C 202812   530.0 (주간)",,,,,,"0.00",,"0","0.0","0"
"B018C540","코스피200 C 202812   540.0 (야간)",,,,,,"0.00",,"0","0.0","0"
"B018C540","코스피200 C 202812   540.0 (주간)",,,,,,"0.00",,"0","0.0","0"
"B018C550","코스피200 C 202812   550.0 (야간)",,,,,,"0.00",,"0","0.0","0"
"B018C550","코스피200 C 202812   550.0 (주간)",,,,,,"0.00",,"0","0.0","0"
"B018C560","코스피200 C 202812   560.0 (야간)",,,,,,"0.00",,"0","0.0","0"
"B018C560","코스피200 C 202812   560.0 (주간)",,,,,,"0.00",,"0","0.0","0"
"B018C570","코스피200 C 202812   570.0 (야간)",,,,,,"0.00",,"0","0.0","0"
"B018C570","코스피200 C 202812   570.0 (주간)",,,,,,"0.00",,"0","0.0","0"
"B018C580","코스피200 C 202812   580.0 (야간)",,,,,,"0.00",,"0","0.0","0"
"B018C580","코스피200 C 202812   580.0 (주간)",,,,,,"0.00",,"0","0.0","0"
"B018C590","코스피200 C 202812   590.0 (야간)",,,,,,"0.00",,"0","0.0","0"
"B018C590","코스피200 C 202812   590.0 (주간)",,,,,,"0.00",,"0","0.0","0"
"B018C600","코스피200 C 202812   600.0 (야간)",,,,,,"0.00",,"0","0.0","0"
"B018C600","코스피200 C 202812   600.0 (주간)",,,,,,"0.00",,"0","0.0","0"
"B018C610","코스피200 C 202812   610.0 (야간)",,,,,,"0.00",,"0","0.0","0"
"B018C610","코스피200 C 202812   610.0 (주간)",,,,,,"0.00",,"0","0.0","0"
"B018C620","코스피200 C 202812   620.0 (야간)",,,,,,"0.00",,"0","0.0","0"
"B018C620","코스피200 C 202812   620.0 (주간)",,,,,,"0.00",,"0","0.0","0"
"B018C630","코스피200 C 202812   630.0 (야간)",,,,,,"0.00",,"0","0.0","0"
"B018C630","코스피200 C 202812   630.0 (주간)",,,,,,"0.00",,"0","0.0","0"
"B018C640","코스피200 C 202812   640.0 (야간)",,,,,,"0.00",,"0","0.0","0"
"B018C640","코스피200 C 202812   640.0 (주간)",,,,,,"0.00",,"0","0.0","0"
"B018C650","코스피200 C 202812   650.0 (야간)",,,,,,"0.00",,"0","0.0","0"
"B018C650","코스피200 C 202812   650.0 (주간)",,,,,,"0.00",,"0","0.0","0"
"B018C660","코스피200 C 202812   660.0 (야간)",,,,,,"0.00",,"0","0.0","0"
"B018C660","코스피200 C 202812   660.0 (주간)",,,,,,"0.00",,"0","0.0","0"
"B018C670","코스피200 C 202812   670.0 (야간)",,,,,,"0.00",,"0","0.0","0"
"B018C670","코스피200 C 202812   670.0 (주간)",,,,,,"0.00",,"0","0.0","0"
"B018C680","코스피200 C 202812   680.0 (야간)",,,,,,"0.00",,"0","0.0","0"
"B018C680","코스피200 C 202812   680.0 (주간)",,,,,,"0.00",,"0","0.0","0"
"B018C690","코스피200 C 202812   690.0 (야간)",,,,,,"0.00",,"0","0.0","0"
"B018C690","코스피200 C 202812   690.0 (주간)",,,,,,"0.00",,"0","0.0","0"
"B018C700","코스피200 C 202812   700.0 (야간)",,,,,,"0.00",,"0","0.0","0"
"B018C700","코스피200 C 202812   700.0 (주간)",,,,,,"0.00",,"0","0.0","0"
"B018C710","코스피200 C 202812   710.0 (야간)",,,,,,"0.00",,"0","0.0","0"
"B018C710","코스피200 C 202812   710.0 (주간)",,,,,,"0.00",,"0","0.0","0"
"B018C720","코스피200 C 202812   720.0 (야간)",,,,,,"0.00",,"0","0.0","0"
"B018C720","코스피200 C 202812   720.0 (주간)",,,,,,"0.00",,"0","0.0","0"
"B018C730","코스피200 C 202812   730.0 (야간)",,,,,,"0.00",,"0","0.0","0"
"B018C730","코스피200 C 202812   730.0 (주간)",,,,,,"0.00",,"0","0.0","0"
"B018C740","코스피200 C 202812   740.0 (야간)",,,,,,"0.00",,"0","0.0","0"
"B018C740","코스피200 C 202812   740.0 (주간)",,,,,,"0.00",,"0","0.0","0"
"B018C750","코스피200 C 202812   750.0 (야간)",,,,,,"0.00",,"0","0.0","0"
"B018C750","코스피200 C 202812   750.0 (주간)",,,,,,"0.00",,"0","0.0","0"
"B018C760","코스피200 C 202812   760.0 (야간)",,,,,,"0.00",,"0","0.0","0"
"B018C760","코스피200 C 202812   760.0 (주간)",,,,,,"0.00",,"0","0.0","0"
"B018C770","코스피200 C 202812   770.0 (야간)",,,,,,"0.00",,"0","0.0","0"
"B018C770","코스피200 C 202812   770.0 (주간)",,,,,,"0.00",,"0","0.0","0"
"B018C780","코스피200 C 202812   780.0 (야간)",,,,,,"0.00",,"0","0.0","0"
"B018C780","코스피200 C 202812   780.0 (주간)",,,,,,"0.00",,"0","0.0","0"
"B018C790","코스피200 C 202812   790.0 (야간)",,,,,,"0.00",,"0","0.0","0"
"B018C790","코스피200 C 202812   790.0 (주간)",,,,,,"0.00",,"0","0.0","0"
"B018C800","코스피200 C 202812   800.0 (야간)",,,,,,"0.00",,"0","0.0","0"
"B018C800","코스피200 C 202812   800.0 (주간)",,,,,,"0.00",,"0","0.0","0"
"B018C810","코스피200 C 202812   810.0 (야간)",,,,,,"0.00",,"0","0.0","0"
"B018C810","코스피200 C 202812   810.0 (주간)",,,,,,"0.00",,"0","0.0","0"
"B018C820","코스피200 C 202812   820.0 (야간)",,,,,,"0.00",,"0","0.0","0"
"B018C820","코스피200 C 202812   820.0 (주간)",,,,,,"0.00",,"0","0.0","0"
"B018C830","코스피200 C 202812   830.0 (야간)",,,,,,"0.00",,"0","0.0","0"
"B018C830","코스피200 C 202812   830.0 (주간)",,,,,,"0.00",,"0","0.0","0"
"B018C840","코스피200 C 202812   840.0 (야간)",,,,,,"0.00",,"0","0.0","0"
"B018C840","코스피200 C 202812   840.0 (주간)",,,,,,"0.00",,"0","0.0","0"
"B018C850","코스피200 C 202812   850.0 (야간)",,,,,,"0.00",,"0","0.0","0"
"B018C850","코스피200 C 202812   850.0 (주간)",,,,,,"0.00",,"0","0.0","0"
"B018C860","코스피200 C 202812   860.0 (야간)",,,,,,"0.00",,"0","0.0","0"
"B018C860","코스피200 C 202812   860.0 (주간)",,,,,,"0.00",,"0","0.0","0"
"B018C870","코스피200 C 202812   870.0 (야간)",,,,,,"0.00",,"0","0.0","0"
"B018C870","코스피200 C 202812   870.0 (주간)",,,,,,"0.00",,"0","0.0","0"
"B018C880","코스피200 C 202812   880.0 (야간)",,,,,,"0.00",,"0","0.0","0"
"B018C880","코스피200 C 202812   880.0 (주간)",,,,,,"0.00",,"0","0.0","0"
"B018C890","코스피200 C 202812   890.0 (야간)",,,,,,"0.00",,"0","0.0","10"
"B018C890","코스피200 C 202812   890.0 (주간)",,,,,,"0.00",,"0","0.0","10"
"B018C900","코스피200 C 202812   900.0 (야간)",,,,,,"0.00",,"0","0.0","1"
"B018C900","코스피200 C 202812   900.0 (주간)",,,,,,"0.00",,"0","0.0","1"
"B018C910","코스피200 C 202812   910.0 (야간)",,,,,,"0.00",,"0","0.0","0"
"B018C910","코스피200 C 202812   910.0 (주간)",,,,,,"0.00",,"0","0.0","0"
"B018C920","코스피200 C 202812   920.0 (야간)",,,,,,"0.00",,"0","0.0","0"
"B018C920","코스피200 C 202812   920.0 (주간)",,,,,,"0.00",,"0","0.0","0"
"B018C930","코스피200 C 202812   930.0 (야간)",,,,,,"0.00",,"0","0.0","0"
"B018C930","코스피200 C 202812   930.0 (주간)",,,,,,"0.00",,"0","0.0","0"
"B018C940","코스피200 C 202812   940.0 (야간)",,,,,,"0.00",,"0","0.0","0"
"B018C940","코스피200 C 202812   940.0 (주간)",,,,,,"0.00",,"0","0.0","0"
"B018C950","코스피200 C 202812   950.0 (야간)",,,,,,"0.00",,"0","0.0","0"
"B018C950","코스피200 C 202812   950.0 (주간)",,,,,,"0.00",,"0","0.0","0"
"B018C960","코스피200 C 202812   960.0 (야간)",,,,,,"0.00",,"0","0.0","0"
"B018C960","코스피200 C 202812   960.0 (주간)",,,,,,"0.00",,"0","0.0","0"
"B018C970","코스피200 C 202812   970.0 (야간)",,,,,,"0.00",,"0","0.0","0"
"B018C970","코스피200 C 202812   970.0 (주간)",,,,,,"0.00",,"0","0.0","0"
"B018C980","코스피200 C 202812   980.0 (야간)",,,,,,"0.00",,"0","0.0","0"
"B018C980","코스피200 C 202812   980.0 (주간)",,,,,,"0.00",,"0","0.0","0"
"B018C990","코스피200 C 202812   990.0 (야간)",,,,,,"0.00",,"0","0.0","0"
"B018C990","코스피200 C 202812   990.0 (주간)",,,,,,"0.00",,"0","0.0","0"
"B018CA01","코스피200 C 202812 1,000.0 (야간)",,,,,,"0.00",,"0","0.0","0"
"B018CA01","코스피200 C 202812 1,000.0 (주간)",,,,,,"0.00",,"0","0.0","0"
"B018CA03","코스피200 C 202812 1,010.0 (야간)",,,,,,"0.00",,"0","0.0","0"
"B018CA03","코스피200 C 202812 1,010.0 (주간)",,,,,,"0.00",,"0","0.0","0"
"B018CA05","코스피200 C 202812 1,020.0 (야간)",,,,,,"0.00",,"0","0.0","0"
"B018CA05","코스피200 C 202812 1,020.0 (주간)",,,,,,"0.00",,"0","0.0","0"
"B018CA12","코스피200 C 202812 1,030.0 (야간)",,,,,,"0.00",,"0","0.0","0"
"B018CA12","코스피200 C 202812 1,030.0 (주간)",,,,,,"0.00",,"0","0.0","0"
"B018CA14","코스피200 C 202812 1,040.0 (야간)",,,,,,"0.00",,"0","0.0","0"
"B018CA14","코스피200 C 202812 1,040.0 (주간)",,,,,,"0.00",,"0","0.0","0"
"B018CA16","코스피200 C 202812 1,050.0 (야간)",,,,,,"0.00",,"0","0.0","0"
"B018CA16","코스피200 C 202812 1,050.0 (주간)",,,,,,"0.00",,"0","0.0","0"
"B018CA18","코스피200 C 202812 1,060.0 (야간)",,,,,,"0.00",,"0","0.0","21"
"B018CA18","코스피200 C 202812 1,060.0 (주간)",,,,,,"0.00",,"0","0.0","21"
"C0165420","코스피200 P 202605   420.0 (야간)","0.09","-0.03","0.10","0.12","0.08","0.00",,"262","6.0","13521"
"C0165420","코스피200 P 202605   420.0 (주간)","0.11","-0.01","0.08","0.11","0.08","0.00",,"1300","32.0","13275"
"C0165422","코스피200 P 202605   422.5 (야간)","0.09","-0.03","0.11","0.12","0.09","0.00",,"51","1.0","1517"
"C0165422","코스피200 P 202605   422.5 (주간)","0.12","0.00","0.08","0.12","0.08","0.00",,"102","3.0","1558"
"C0165425","코스피200 P 202605   425.0 (야간)","0.10","-0.03","0.13","0.13","0.09","0.00",,"17","0.0","995"
"C0165425","코스피200 P 202605   425.0 (주간)","0.12","-0.01","0.09","0.12","0.09","0.00",,"36","1.0","1016"
"C0165427","코스피200 P 202605   427.5 (야간)","0.12","-0.02","0.12","0.12","0.12","0.00",,"2","0.0","409"
"C0165427","코스피200 P 202605   427.5 (주간)","0.12","-0.02","0.10","0.12","0.10","0.00",,"51","1.0","410"
"C0165430","코스피200 P 202605   430.0 (야간)","0.11","-0.03","0.10","0.13","0.10","0.00",,"36","1.0","855"
"C0165430","코스피200 P 202605   430.0 (주간)","0.13","-0.01","0.10","0.13","0.10","0.00",,"18","1.0","859"
"C0165432","코스피200 P 202605   432.5 (야간)","0.12","-0.03","0.11","0.12","0.11","0.00",,"2","0.0","326"
"C0165432","코스피200 P 202605   432.5 (주간)","0.12","-0.03","0.11","0.12","0.11","0.00",,"28","1.0","342"
"C0165435","코스피200 P 202605   435.0 (야간)","0.14","-0.01","0.14","0.14","0.14","0.00",,"4","0.0","525"
"C0165435","코스피200 P 202605   435.0 (주간)","0.13","-0.02","0.11","0.14","0.11","0.00",,"41","1.0","539"
"C0165437","코스피200 P 202605   437.5 (야간)","0.14","-0.02","0.14","0.14","0.14","0.00",,"10","0.0","221"
"C0165437","코스피200 P 202605   437.5 (주간)","0.13","-0.03","0.12","0.13","0.12","0.00",,"21","1.0","214"
"C0165440","코스피200 P 202605   440.0 (야간)","0.14","-0.03","0.13","0.14","0.13","0.00",,"8","0.0","2580"
"C0165440","코스피200 P 202605   440.0 (주간)","0.15","-0.02","0.12","0.16","0.12","0.00",,"66","2.0","2604"
"C0165442","코스피200 P 202605   442.5 (야간)","0.15","-0.02","0.15","0.15","0.15","0.00",,"5","0.0","208"
"C0165442","코스피200 P 202605   442.5 (주간)","0.15","-0.02","0.12","0.15","0.12","0.00",,"54","2.0","216"
"C0165445","코스피200 P 202605   445.0 (야간)","0.15","-0.02","0.16","0.16","0.15","0.00",,"14","1.0","274"
"C0165445","코스피200 P 202605   445.0 (주간)","0.15","-0.02","0.13","0.16","0.13","0.00",,"20","1.0","269"
"C0165447","코스피200 P 202605   447.5 (야간)",,,,,,"0.00",,"0","0.0","157"
"C0165447","코스피200 P 202605   447.5 (주간)","0.16","-0.02","0.13","0.16","0.13","0.00",,"30","1.0","161"
"C0165450","코스피200 P 202605   450.0 (야간)","0.14","-0.04","0.15","0.18","0.14","0.00",,"20","1.0","1916"
"C0165450","코스피200 P 202605   450.0 (주간)","0.16","-0.02","0.14","0.16","0.13","0.00",,"104","4.0","1929"
"C0165452","코스피200 P 202605   452.5 (야간)","0.16","-0.03","0.18","0.18","0.16","0.00",,"11","0.0","70"
"C0165452","코스피200 P 202605   452.5 (주간)","0.17","-0.02","0.15","0.17","0.14","0.00",,"36","1.0","69"
"C0165455","코스피200 P 202605   455.0 (야간)","0.16","-0.05","0.17","0.17","0.16","0.00",,"4","0.0","94"
"C0165455","코스피200 P 202605   455.0 (주간)","0.18","-0.03","0.15","0.18","0.13","0.00",,"58","2.0","95"
"C0165457","코스피200 P 202605   457.5 (야간)",,,,,,"0.00",,"0","0.0","168"
"C0165457","코스피200 P 202605   457.5 (주간)","0.18","-0.02","0.15","0.18","0.15","0.00",,"29","1.0","161"
"C0165460","코스피200 P 202605   460.0 (야간)","0.17","-0.03","0.17","0.17","0.17","0.00",,"1","0.0","351"
"C0165460","코스피200 P 202605   460.0 (주간)","0.19","-0.01","0.15","0.19","0.15","0.00",,"36","2.0","346"
"C0165462","코스피200 P 202605   462.5 (야간)",,,,,,"0.00",,"0","0.0","68"
"C0165462","코스피200 P 202605   462.5 (주간)","0.19","-0.03","0.16","0.20","0.15","0.00",,"38","2.0","71"
"C0165465","코스피200 P 202605   465.0 (야간)",,,,,,"0.00",,"0","0.0","111"
"C0165465","코스피200 P 202605   465.0 (주간)","0.20","-0.02","0.17","0.20","0.17","0.00",,"11","1.0","110"
"C0165467","코스피200 P 202605   467.5 (야간)",,,,,,"0.00",,"0","0.0","68"
"C0165467","코스피200 P 202605   467.5 (주간)","0.21","-0.04","0.17","0.21","0.16","0.00",,"19","1.0","70"
"C0165470","코스피200 P 202605   470.0 (야간)",,,,,,"0.00",,"0","0.0","332"
"C0165470","코스피200 P 202605   470.0 (주간)","0.21","-0.03","0.18","0.22","0.18","0.00",,"45","2.0","336"
"C0165472","코스피200 P 202605   472.5 (야간)",,,,,,"0.00",,"0","0.0","101"
"C0165472","코스피200 P 202605   472.5 (주간)","0.22","-0.05","0.18","0.22","0.18","0.00",,"25","1.0","96"
"C0165475","코스피200 P 202605   475.0 (야간)","0.21","-0.06","0.22","0.25","0.21","0.00",,"7","0.0","122"
"C0165475","코스피200 P 202605   475.0 (주간)","0.23","-0.04","0.17","0.23","0.17","0.00",,"22","1.0","113"
"C0165477","코스피200 P 202605   477.5 (야간)",,,,,,"0.00",,"0","0.0","64"
"C0165477","코스피200 P 202605   477.5 (주간)","0.24","-0.03","0.20","0.25","0.20","0.00",,"35","2.0","74"
"C0165480","코스피200 P 202605   480.0 (야간)","0.22","-0.06","0.22","0.25","0.22","0.00",,"16","1.0","465"
"C0165480","코스피200 P 202605   480.0 (주간)","0.24","-0.04","0.20","0.26","0.20","0.00",,"83","5.0","464"
"C0165482","코스피200 P 202605   482.5 (야간)","0.25","-0.04","0.26","0.26","0.25","0.00",,"3","0.0","66"
"C0165482","코스피200 P 202605   482.5 (주간)","0.26","-0.03","0.22","0.26","0.22","0.00",,"26","2.0","83"
"C0165485","코스피200 P 202605   485.0 (야간)",,,,,,"0.00",,"0","0.0","147"
"C0165485","코스피200 P 202605   485.0 (주간)","0.26","-0.04","0.23","0.27","0.23","0.00",,"25","2.0","152"
"C0165487","코스피200 P 202605   487.5 (야간)","0.25","-0.06","0.25","0.25","0.25","0.00",,"1","0.0","109"
"C0165487","코스피200 P 202605   487.5 (주간)","0.27","-0.04","0.23","0.27","0.23","0.00",,"16","1.0","106"
"C0165490","코스피200 P 202605   490.0 (야간)","0.24","-0.07","0.25","0.30","0.24","0.00",,"18","1.0","613"
"C0165490","코스피200 P 202605   490.0 (주간)","0.28","-0.03","0.19","0.29","0.19","0.00",,"128","8.0","636"
"C0165492","코스피200 P 202605   492.5 (야간)","0.30","-0.02","0.30","0.30","0.30","0.00",,"2","0.0","151"
"C0165492","코스피200 P 202605   492.5 (주간)","0.29","-0.03","0.25","0.29","0.25","0.00",,"28","2.0","156"
"C0165495","코스피200 P 202605   495.0 (야간)",,,,,,"0.00",,"0","0.0","207"
"C0165495","코스피200 P 202605   495.0 (주간)","0.30","-0.03","0.24","0.31","0.24","0.00",,"59","4.0","223"
"C0165497","코스피200 P 202605   497.5 (야간)",,,,,,"0.00",,"0","0.0","132"
"C0165497","코스피200 P 202605   497.5 (주간)","0.32","-0.05","0.26","0.32","0.26","0.00",,"32","2.0","139"
"C0165500","코스피200 P 202605   500.0 (야간)","0.27","-0.07","0.31","0.34","0.26","0.00",,"156","12.0","1437"
"C0165500","코스피200 P 202605   500.0 (주간)","0.32","-0.02","0.27","0.33","0.25","0.00",,"892","66.0","1743"
"C0165502","코스피200 P 202605   502.5 (야간)","0.29","-0.09","0.29","0.35","0.29","0.00",,"7","1.0","168"
"C0165502","코스피200 P 202605   502.5 (주간)","0.33","-0.05","0.28","0.33","0.27","0.00",,"48","4.0","178"
"C0165505","코스피200 P 202605   505.0 (야간)","0.34","-0.04","0.38","0.38","0.34","0.00",,"2","0.0","340"
"C0165505","코스피200 P 202605   505.0 (주간)","0.34","-0.04","0.27","0.35","0.25","0.00",,"110","9.0","362"
"C0165507","코스피200 P 202605   507.5 (야간)",,,,,,"0.00",,"0","0.0","221"
"C0165507","코스피200 P 202605   507.5 (주간)","0.37","-0.04","0.28","0.37","0.28","0.00",,"46","4.0","226"
"C0165510","코스피200 P 202605   510.0 (야간)","0.30","-0.11","0.41","0.42","0.30","0.00",,"5","0.0","271"
"C0165510","코스피200 P 202605   510.0 (주간)","0.36","-0.05","0.30","0.38","0.30","0.00",,"102","9.0","262"
"C0165512","코스피200 P 202605   512.5 (야간)","0.36","-0.07","0.40","0.40","0.36","0.00",,"4","0.0","146"
"C0165512","코스피200 P 202605   512.5 (주간)","0.38","-0.05","0.30","0.38","0.30","0.00",,"31","3.0","157"
"C0165515","코스피200 P 202605   515.0 (야간)","0.41","-0.05","0.41","0.41","0.41","0.00",,"2","0.0","422"
"C0165515","코스피200 P 202605   515.0 (주간)","0.39","-0.07","0.32","0.41","0.32","0.00",,"150","14.0","486"
"C0165517","코스피200 P 202605   517.5 (야간)","0.40","-0.06","0.40","0.40","0.40","0.00",,"1","0.0","106"
"C0165517","코스피200 P 202605   517.5 (주간)","0.40","-0.06","0.33","0.41","0.33","0.00",,"41","4.0","116"
"C0165520","코스피200 P 202605   520.0 (야간)","0.34","-0.14","0.47","0.47","0.34","0.00",,"25","3.0","869"
"C0165520","코스피200 P 202605   520.0 (주간)","0.42","-0.06","0.32","0.43","0.32","0.00",,"170","16.0","861"
"C0165522","코스피200 P 202605   522.5 (야간)","0.44","-0.07","0.45","0.45","0.44","0.00",,"3","0.0","158"
"C0165522","코스피200 P 202605   522.5 (주간)","0.44","-0.07","0.33","0.44","0.33","0.00",,"48","5.0","165"
"C0165525","코스피200 P 202605   525.0 (야간)",,,,,,"0.00",,"0","0.0","140"
"C0165525","코스피200 P 202605   525.0 (주간)","0.45","-0.08","0.36","0.47","0.36","0.00",,"39","4.0","154"
"C0165527","코스피200 P 202605   527.5 (야간)","0.47","-0.06","0.41","0.48","0.41","0.00",,"6","1.0","377"
"C0165527","코스피200 P 202605   527.5 (주간)","0.46","-0.07","0.38","0.48","0.38","0.00",,"49","5.0","375"
"C0165530","코스피200 P 202605   530.0 (야간)","0.43","-0.10","0.48","0.50","0.40","0.00",,"27","3.0","325"
"C0165530","코스피200 P 202605   530.0 (주간)","0.47","-0.06","0.43","0.50","0.38","0.00",,"181","20.0","338"
"C0165532","코스피200 P 202605   532.5 (야간)","0.49","-0.08","0.53","0.53","0.49","0.00",,"8","1.0","130"
"C0165532","코스피200 P 202605   532.5 (주간)","0.49","-0.08","0.40","0.50","0.40","0.00",,"39","5.0","132"
"C0165535","코스피200 P 202605   535.0 (야간)",,,,,,"0.00",,"0","0.0","169"
"C0165535","코스피200 P 202605   535.0 (주간)","0.51","-0.07","0.41","0.52","0.41","0.00",,"41","5.0","166"
"C0165537","코스피200 P 202605   537.5 (야간)","0.50","-0.12","0.49","0.54","0.49","0.00",,"5","1.0","109"
"C0165537","코스피200 P 202605   537.5 (주간)","0.52","-0.10","0.43","0.54","0.42","0.00",,"152","19.0","190"
"C0165540","코스피200 P 202605   540.0 (야간)","0.50","-0.12","0.51","0.59","0.50","0.00",,"11","1.0","235"
"C0165540","코스피200 P 202605   540.0 (주간)","0.54","-0.08","0.39","0.56","0.39","0.00",,"186","24.0","308"
"C0165542","코스피200 P 202605   542.5 (야간)","0.50","-0.15","0.59","0.59","0.50","0.00",,"2","0.0","97"
"C0165542","코스피200 P 202605   542.5 (주간)","0.56","-0.09","0.45","0.58","0.45","0.00",,"52","7.0","105"
"C0165545","코스피200 P 202605   545.0 (야간)","0.56","-0.11","0.65","0.65","0.56","0.00",,"6","1.0","198"
"C0165545","코스피200 P 202605   545.0 (주간)","0.58","-0.09","0.46","0.61","0.46","0.00",,"68","9.0","199"
"C0165547","코스피200 P 202605   547.5 (야간)","0.51","-0.19","0.60","0.60","0.51","0.00",,"2","0.0","201"
"C0165547","코스피200 P 202605   547.5 (주간)","0.60","-0.10","0.48","0.61","0.48","0.00",,"54","8.0","200"
"C0165550","코스피200 P 202605   550.0 (야간)","0.50","-0.19","0.60","0.65","0.45","0.00",,"86","12.0","3734"
"C0165550","코스피200 P 202605   550.0 (주간)","0.61","-0.08","0.46","0.65","0.46","0.00",,"759","112.0","3718"
"C0165552","코스피200 P 202605   552.5 (야간)",,,,,,"0.00",,"0","0.0","330"
"C0165552","코스피200 P 202605   552.5 (주간)","0.64","-0.09","0.49","0.67","0.49","0.00",,"58","9.0","321"
"C0165555","코스피200 P 202605   555.0 (야간)",,,,,,"0.00",,"0","0.0","342"
"C0165555","코스피200 P 202605   555.0 (주간)","0.66","-0.09","0.51","0.69","0.51","0.00",,"47","7.0","349"
"C0165557","코스피200 P 202605   557.5 (야간)","0.55","-0.23","0.71","0.71","0.55","0.00",,"7","1.0","192"
"C0165557","코스피200 P 202605   557.5 (주간)","0.68","-0.10","0.54","0.72","0.54","0.00",,"46","8.0","202"
"C0165560","코스피200 P 202605   560.0 (야간)","0.60","-0.21","0.68","0.77","0.60","0.00",,"16","3.0","400"
"C0165560","코스피200 P 202605   560.0 (주간)","0.70","-0.11","0.53","0.74","0.53","0.00",,"153","25.0","401"
"C0165562","코스피200 P 202605   562.5 (야간)",,,,,,"0.00",,"0","0.0","224"
"C0165562","코스피200 P 202605   562.5 (주간)","0.72","-0.11","0.55","0.76","0.55","0.00",,"34","6.0","222"
"C0165565","코스피200 P 202605   565.0 (야간)",,,,,,"0.00",,"0","0.0","179"
"C0165565","코스피200 P 202605   565.0 (주간)","0.75","-0.12","0.60","0.78","0.60","0.00",,"38","7.0","174"
"C0165567","코스피200 P 202605   567.5 (야간)","0.78","-0.10","0.78","0.78","0.78","0.00",,"1","0.0","354"
"C0165567","코스피200 P 202605   567.5 (주간)","0.77","-0.11","0.57","0.80","0.57","0.00",,"38","7.0","356"
"C0165570","코스피200 P 202605   570.0 (야간)","0.71","-0.21","0.82","0.89","0.71","0.00",,"21","4.0","273"
"C0165570","코스피200 P 202605   570.0 (주간)","0.80","-0.12","0.62","0.83","0.61","0.00",,"122","22.0","286"
"C0165572","코스피200 P 202605   572.5 (야간)","0.79","-0.16","0.79","0.79","0.79","0.00",,"1","0.0","183"
"C0165572","코스피200 P 202605   572.5 (주간)","0.82","-0.13","0.70","0.86","0.70","0.00",,"53","11.0","185"
"C0165575","코스피200 P 202605   575.0 (야간)","0.77","-0.21","0.90","0.90","0.77","0.00",,"4","1.0","128"
"C0165575","코스피200 P 202605   575.0 (주간)","0.85","-0.13","0.65","0.89","0.65","0.00",,"38","8.0","133"
"C0165577","코스피200 P 202605   577.5 (야간)","0.90","-0.10","0.90","0.90","0.90","0.00",,"1","0.0","167"
"C0165577","코스피200 P 202605   577.5 (주간)","0.88","-0.12","0.71","0.92","0.71","0.00",,"47","10.0","166"
"C0165580","코스피200 P 202605   580.0 (야간)","0.71","-0.31","0.94","0.96","0.71","0.00",,"22","5.0","1293"
"C0165580","코스피200 P 202605   580.0 (주간)","0.91","-0.11","0.70","0.94","0.70","0.00",,"289","62.0","1412"
"C0165582","코스피200 P 202605   582.5 (야간)",,,,,,"0.00",,"0","0.0","201"
"C0165582","코스피200 P 202605   582.5 (주간)","0.94","-0.13","0.78","0.98","0.78","0.00",,"32","7.0","208"
"C0165585","코스피200 P 202605   585.0 (야간)","1.03","-0.07","1.03","1.03","1.03","0.00",,"1","0.0","136"
"C0165585","코스피200 P 202605   585.0 (주간)","0.97","-0.13","0.57","1.01","0.57","0.00",,"45","10.0","142"
"C0165587","코스피200 P 202605   587.5 (야간)","0.91","-0.25","0.90","0.91","0.90","0.00",,"18","4.0","216"
"C0165587","코스피200 P 202605   587.5 (주간)","1.00","-0.16","0.86","1.05","0.86","0.00",,"51","12.0","220"
"C0165590","코스피200 P 202605   590.0 (야간)","0.78","-0.37","1.10","1.12","0.78","0.00",,"44","11.0","671"
"C0165590","코스피200 P 202605   590.0 (주간)","1.03","-0.12","0.78","1.09","0.78","0.00",,"154","37.0","703"
"C0165592","코스피200 P 202605   592.5 (야간)","0.90","-0.33","1.00","1.03","0.90","0.00",,"40","10.0","157"
"C0165592","코스피200 P 202605   592.5 (주간)","1.06","-0.17","0.83","1.12","0.83","0.00",,"67","17.0","161"
"C0165595","코스피200 P 202605   595.0 (야간)","1.04","-0.22","1.06","1.06","1.04","0.00",,"2","1.0","174"
"C0165595","코스피200 P 202605   595.0 (주간)","1.10","-0.16","0.92","1.15","0.92","0.00",,"67","18.0","203"
"C0165597","코스피200 P 202605   597.5 (야간)","1.17","-0.12","1.19","1.19","1.17","0.00",,"2","1.0","292"
"C0165597","코스피200 P 202605   597.5 (주간)","1.13","-0.16","0.91","1.19","0.91","0.00",,"72","20.0","306"
"C0165600","코스피200 P 202605   600.0 (야간)","0.91","-0.41","1.10","1.29","0.91","0.00",,"334","93.0","2328"
"C0165600","코스피200 P 202605   600.0 (주간)","1.17","-0.15","0.88","1.25","0.84","0.00",,"766","210.0","2355"
"C0165602","코스피200 P 202605   602.5 (야간)","1.19","-0.21","1.13","1.19","1.13","0.00",,"3","1.0","137"
"C0165602","코스피200 P 202605   602.5 (주간)","1.21","-0.19","0.90","1.26","0.90","0.00",,"74","22.0","159"
"C0165605","코스피200 P 202605   605.0 (야간)","1.05","-0.38","1.13","1.13","1.05","0.00",,"2","1.0","156"
"C0165605","코스피200 P 202605   605.0 (주간)","1.25","-0.18","1.08","1.31","1.08","0.00",,"104","32.0","179"
"C0165607","코스피200 P 202605   607.5 (야간)","1.20","-0.27","1.20","1.32","1.20","0.00",,"4","1.0","104"
"C0165607","코스피200 P 202605   607.5 (주간)","1.29","-0.18","0.98","1.35","0.98","0.00",,"48","15.0","108"
"C0165610","코스피200 P 202605   610.0 (야간)","1.00","-0.50","1.25","1.38","1.00","0.00",,"11","3.0","327"
"C0165610","코스피200 P 202605   610.0 (주간)","1.33","-0.17","1.00","1.40","1.00","0.00",,"173","54.0","358"
"C0165612","코스피200 P 202605   612.5 (야간)","1.21","-0.35","1.21","1.21","1.21","0.00",,"1","0.0","113"
"C0165612","코스피200 P 202605   612.5 (주간)","1.37","-0.19","1.16","1.45","1.16","0.00",,"98","33.0","131"
"C0165615","코스피200 P 202605   615.0 (야간)","1.10","-0.51","1.48","1.48","1.10","0.00",,"8","3.0","140"
"C0165615","코스피200 P 202605   615.0 (주간)","1.41","-0.20","1.08","1.49","1.08","0.00",,"103","36.0","171"
"C0165617","코스피200 P 202605   617.5 (야간)","1.39","-0.27","1.47","1.47","1.36","0.00",,"6","2.0","167"
"C0165617","코스피200 P 202605   617.5 (주간)","1.47","-0.19","1.19","1.54","1.19","0.00",,"106","38.0","160"
"C0165620","코스피200 P 202605   620.0 (야간)","1.21","-0.51","1.51","1.60","1.15","0.00",,"22","8.0","763"
"C0165620","코스피200 P 202605   620.0 (주간)","1.51","-0.21","1.23","1.61","1.15","0.00",,"305","110.0","783"
"C0165622","코스피200 P 202605   622.5 (야간)",,,,,,"0.00",,"0","0.0","187"
"C0165622","코스피200 P 202605   622.5 (주간)","1.54","-0.28","1.23","1.64","1.18","0.00",,"77","28.0","198"
"C0165625","코스피200 P 202605   625.0 (야간)","1.43","-0.42","1.47","1.70","1.42","0.00",,"14","5.0","431"
"C0165625","코스피200 P 202605   625.0 (주간)","1.61","-0.24","1.21","1.64","1.21","0.00",,"82","29.0","421"
"C0165627","코스피200 P 202605   627.5 (야간)","1.45","-0.47","1.45","1.45","1.45","0.00",,"1","0.0","598"
"C0165627","코스피200 P 202605   627.5 (주간)","1.65","-0.27","1.28","1.73","1.28","0.00",,"46","17.0","587"
"C0165630","코스피200 P 202605   630.0 (야간)","1.20","-0.63","1.69","1.72","1.20","0.00",,"8","3.0","472"
"C0165630","코스피200 P 202605   630.0 (주간)","1.71","-0.12","1.31","1.80","1.31","0.00",,"136","56.0","464"
"C0165632","코스피200 P 202605   632.5 (야간)",,,,,,"0.00",,"0","0.0","120"
"C0165632","코스피200 P 202605   632.5 (주간)","1.79","-0.22","1.38","1.79","1.38","0.00",,"23","9.0","127"
"C0165635","코스피200 P 202605   635.0 (야간)","1.66","-0.43","1.65","1.74","1.65","0.00",,"4","2.0","139"
"C0165635","코스피200 P 202605   635.0 (주간)","1.90","-0.19","1.41","1.90","1.41","0.00",,"21","9.0","143"
"C0165637","코스피200 P 202605   637.5 (야간)","1.67","-0.51","1.70","2.10","1.67","0.00",,"4","2.0","167"
"C0165637","코스피200 P 202605   637.5 (주간)","1.96","-0.22","1.46","1.96","1.46","0.00",,"64","27.0","172"
"C0165640","코스피200 P 202605   640.0 (야간)","1.61","-0.44","1.90","2.05","1.61","0.00",,"15","7.0","393"
"C0165640","코스피200 P 202605   640.0 (주간)","1.92","-0.13","1.47","2.06","1.47","0.00",,"226","106.0","410"
"C0165642","코스피200 P 202605   642.5 (야간)","1.50","-0.79","1.50","1.50","1.50","0.00",,"1","0.0","90"
"C0165642","코스피200 P 202605   642.5 (주간)","1.99","-0.30","1.52","2.09","1.52","0.00",,"46","22.0","93"
"C0165645","코스피200 P 202605   645.0 (야간)","1.70","-0.65","2.12","2.18","1.70","0.00",,"11","6.0","119"
"C0165645","코스피200 P 202605   645.0 (주간)","2.05","-0.30","1.58","2.18","1.58","0.00",,"75","33.0","161"
"C0165647","코스피200 P 202605   647.5 (야간)","1.73","-0.70","1.81","1.81","1.73","0.00",,"3","1.0","90"
"C0165647","코스피200 P 202605   647.5 (주간)","2.16","-0.27","1.70","2.24","1.70","0.00",,"28","14.0","90"
"C0165650","코스피200 P 202605   650.0 (야간)","1.70","-0.70","2.06","2.49","1.66","0.00",,"113","61.0","1822"
"C0165650","코스피200 P 202605   650.0 (주간)","2.18","-0.22","1.71","2.32","1.59","0.00",,"454","243.0","1895"
"C0165652","코스피200 P 202605   652.5 (야간)","1.83","-0.81","2.35","2.35","1.83","0.00",,"6","3.0","129"
"C0165652","코스피200 P 202605   652.5 (주간)","2.29","-0.35","1.80","2.38","1.80","0.00",,"27","14.0","137"
"C0165655","코스피200 P 202605   655.0 (야간)","1.75","-0.96","2.43","2.65","1.75","0.00",,"9","5.0","226"
"C0165655","코스피200 P 202605   655.0 (주간)","2.34","-0.37","1.86","2.40","1.86","0.00",,"41","23.0","222"
"C0165657","코스피200 P 202605   657.5 (야간)",,,,,,"0.00",,"0","0.0","295"
"C0165657","코스피200 P 202605   657.5 (주간)","2.43","-0.17","1.69","2.44","1.69","0.00",,"27","15.0","298"
"C0165660","코스피200 P 202605   660.0 (야간)","2.25","-0.57","2.30","2.61","2.25","0.00",,"8","5.0","485"
"C0165660","코스피200 P 202605   660.0 (주간)","2.46","-0.36","1.83","2.60","1.83","0.00",,"229","135.0","449"
"C0165662","코스피200 P 202605   662.5 (야간)",,,,,,"0.00",,"0","0.0","208"
"C0165662","코스피200 P 202605   662.5 (주간)","2.69","-0.29","2.07","2.70","2.06","0.00",,"18","11.0","208"
"C0165665","코스피200 P 202605   665.0 (야간)","2.38","-0.43","2.81","2.96","2.38","0.00",,"14","10.0","291"
"C0165665","코스피200 P 202605   665.0 (주간)","2.63","-0.18","1.93","2.69","1.93","0.00",,"43","27.0","299"
"C0165667","코스피200 P 202605   667.5 (야간)",,,,,,"0.00",,"0","0.0","127"
"C0165667","코스피200 P 202605   667.5 (주간)","2.62","-0.31","2.08","2.76","2.08","0.00",,"20","13.0","130"
"C0165670","코스피200 P 202605   670.0 (야간)","2.20","-0.98","2.58","3.19","2.20","0.00",,"37","24.0","465"
"C0165670","코스피200 P 202605   670.0 (주간)","2.80","-0.38","2.05","2.90","2.05","0.00",,"82","52.0","464"
"C0165672","코스피200 P 202605   672.5 (야간)","2.49","-0.87","2.77","3.29","2.49","0.00",,"12","8.0","95"
"C0165672","코스피200 P 202605   672.5 (주간)","2.93","-0.43","2.91","2.95","2.79","0.00",,"15","11.0","94"
"C0165675","코스피200 P 202605   675.0 (야간)",,,,,,"0.00",,"0","0.0","115"
"C0165675","코스피200 P 202605   675.0 (주간)","2.80","-0.60","2.79","3.08","2.79","0.00",,"10","7.0","111"
"C0165677","코스피200 P 202605   677.5 (야간)","2.38","-1.13","2.38","2.38","2.38","0.00",,"1","1.0","124"
"C0165677","코스피200 P 202605   677.5 (주간)","2.88","-0.63","2.55","3.12","2.55","0.00",,"11","8.0","120"
"C0165680","코스피200 P 202605   680.0 (야간)","2.42","-1.23","2.95","3.49","2.42","0.00",,"22","16.0","1522"
"C0165680","코스피200 P 202605   680.0 (주간)","3.15","-0.50","2.84","3.34","2.22","0.00",,"530","416.0","1424"
"C0165682","코스피200 P 202605   682.5 (야간)",,,,,,"0.00",,"0","0.0","116"
"C0165682","코스피200 P 202605   682.5 (주간)","3.24","-0.53","2.61","3.35","2.61","0.00",,"7","5.0","117"
"C0165685","코스피200 P 202605   685.0 (야간)",,,,,,"0.00",,"0","0.0","232"
"C0165685","코스피200 P 202605   685.0 (주간)","3.33","-0.39","3.01","3.49","3.01","0.00",,"9","7.0","227"
"C0165687","코스피200 P 202605   687.5 (야간)",,,,,,"0.00",,"0","0.0","130"
"C0165687","코스피200 P 202605   687.5 (주간)","3.31","-0.48","3.52","3.52","3.31","0.00",,"9","8.0","131"
"C0165690","코스피200 P 202605   690.0 (야간)","3.00","-1.13","3.81","3.83","3.00","0.00",,"7","6.0","708"
"C0165690","코스피200 P 202605   690.0 (주간)","3.54","-0.59","2.68","3.73","2.68","0.00",,"71","60.0","709"
"C0165692","코스피200 P 202605   692.5 (야간)","2.66","-1.60","3.48","3.48","2.66","0.00",,"2","2.0","108"
"C0165692","코스피200 P 202605   692.5 (주간)","3.56","-0.70","3.60","3.66","3.56","0.00",,"12","11.0","110"
"C0165695","코스피200 P 202605   695.0 (야간)",,,,,,"0.00",,"0","0.0","80"
"C0165695","코스피200 P 202605   695.0 (주간)","3.77","-0.48","3.01","3.81","3.01","0.00",,"7","6.0","82"
"C0165697","코스피200 P 202605   697.5 (야간)",,,,,,"0.00",,"0","0.0","126"
"C0165697","코스피200 P 202605   697.5 (주간)","3.88","-0.54","3.60","3.94","3.60","0.00",,"20","19.0","137"
"C0165700","코스피200 P 202605   700.0 (야간)","2.90","-1.48","4.03","4.62","2.90","0.00",,"116","113.0","4280"
"C0165700","코스피200 P 202605   700.0 (주간)","3.98","-0.40","2.80","6.99","2.80","0.00",,"979","953.0","4697"
"C0165702","코스피200 P 202605   702.5 (야간)","3.93","-0.87","4.55","4.56","3.93","0.00",,"4","4.0","118"
"C0165702","코스피200 P 202605   702.5 (주간)","4.06","-0.74","3.28","4.18","3.28","0.00",,"11","11.0","113"
"C0165705","코스피200 P 202605   705.0 (야간)","3.80","-1.07","3.80","3.80","3.80","0.00",,"1","1.0","1112"
"C0165705","코스피200 P 202605   705.0 (주간)","4.20","-0.67","3.48","4.30","3.48","0.00",,"12","12.0","1110"
"C0165707","코스피200 P 202605   707.5 (야간)","4.24","-0.80","4.16","4.91","4.16","0.00",,"3","3.0","148"
"C0165707","코스피200 P 202605   707.5 (주간)","4.34","-0.70","3.37","4.46","3.37","0.00",,"19","18.0","152"
"C0165710","코스피200 P 202605   710.0 (야간)","3.33","-1.61","4.29","4.93","3.33","0.00",,"10","10.0","1181"
"C0165710","코스피200 P 202605   710.0 (주간)","4.41","-0.53","3.66","4.66","3.66","0.00",,"42","46.0","1194"
"C0165712","코스피200 P 202605   712.5 (야간)","4.80","-0.50","4.62","4.80","4.62","0.00",,"2","2.0","131"
"C0165712","코스피200 P 202605   712.5 (주간)","4.53","-0.77","3.38","4.69","3.38","0.00",,"8","8.0","131"
"C0165715","코스피200 P 202605   715.0 (야간)","4.47","-0.99","4.44","4.47","4.44","0.00",,"4","4.0","277"
"C0165715","코스피200 P 202605   715.0 (주간)","4.80","-0.66","3.87","4.90","3.87","0.00",,"7","8.0","278"
"C0165717","코스피200 P 202605   717.5 (야간)","4.80","-0.86","5.03","5.50","4.62","0.00",,"5","6.0","158"
"C0165717","코스피200 P 202605   717.5 (주간)","5.10","-0.56","3.85","5.11","3.85","0.00",,"11","13.0","160"
"C0165720","코스피200 P 202605   720.0 (야간)","3.70","-2.09","5.04","5.63","3.70","0.00",,"58","70.0","681"
"C0165720","코스피200 P 202605   720.0 (주간)","5.03","-0.76","3.70","5.34","3.70","0.00",,"88","105.0","689"
"C0165722","코스피200 P 202605   722.5 (야간)","5.06","-0.94","5.12","5.12","5.06","0.00",,"2","3.0","1212"
"C0165722","코스피200 P 202605   722.5 (주간)","5.25","-0.75","4.71","5.44","4.71","0.00",,"11","14.0","1212"
"C0165725","코스피200 P 202605   725.0 (야간)","3.06","-2.84","5.16","6.28","2.96","0.00",,"23","28.0","1112"
"C0165725","코스피200 P 202605   725.0 (주간)","5.31","-0.59","4.26","5.51","4.05","0.00",,"16","20.0","1106"
"C0165727","코스피200 P 202605   727.5 (야간)",,,,,,"0.00",,"0","0.0","162"
"C0165727","코스피200 P 202605   727.5 (주간)","5.45","-0.92","4.26","5.45","4.26","0.00",,"11","14.0","168"
"C0165730","코스피200 P 202605   730.0 (야간)","4.51","-2.14","5.47","6.20","4.36","0.00",,"29","37.0","165"
"C0165730","코스피200 P 202605   730.0 (주간)","5.63","-1.02","4.38","6.01","4.38","0.00",,"31","43.0","171"
"C0165732","코스피200 P 202605   732.5 (야간)","5.46","-1.32","5.59","6.80","5.46","0.00",,"8","12.0","79"
"C0165732","코스피200 P 202605   732.5 (주간)","5.77","-1.01","4.52","5.96","4.52","0.00",,"18","26.0","69"
"C0165735","코스피200 P 202605   735.0 (야간)","5.88","-1.16","5.83","5.88","5.83","0.00",,"2","3.0","92"
"C0165735","코스피200 P 202605   735.0 (주간)","5.94","-1.10","4.96","6.17","4.96","0.00",,"18","27.0","101"
"C0165737","코스피200 P 202605   737.5 (야간)","5.11","-2.03","5.94","5.94","5.11","0.00",,"9","12.0","94"
"C0165737","코스피200 P 202605   737.5 (주간)","5.94","-1.20","5.64","6.53","5.64","0.00",,"7","11.0","96"
"C0165740","코스피200 P 202605   740.0 (야간)","4.49","-2.96","6.53","7.48","4.08","0.00",,"41","59.0","1444"
"C0165740","코스피200 P 202605   740.0 (주간)","6.29","-1.16","4.90","6.65","4.90","0.00",,"176","270.0","1487"
"C0165742","코스피200 P 202605   742.5 (야간)","6.10","-1.65","7.00","7.09","6.10","0.00",,"14","24.0","50"
"C0165742","코스피200 P 202605   742.5 (주간)","6.63","-1.12","5.34","6.63","5.34","0.00",,"4","6.0","48"
"C0165745","코스피200 P 202605   745.0 (야간)","6.55","-0.89","6.80","7.75","6.55","0.00",,"9","16.0","66"
"C0165745","코스피200 P 202605   745.0 (주간)","6.71","-0.73","6.24","7.06","6.24","0.00",,"9","15.0","63"
"C0165747","코스피200 P 202605   747.5 (야간)","7.10","-1.01","6.90","7.40","6.90","0.00",,"4","7.0","195"
"C0165747","코스피200 P 202605   747.5 (주간)","7.05","-1.06","5.40","7.10","5.40","0.00",,"6","10.0","196"
"C0165750","코스피200 P 202605   750.0 (야간)","6.00","-1.94","7.05","8.15","6.00","0.00",,"105","183.0","1710"
"C0165750","코스피200 P 202605   750.0 (주간)","7.08","-0.86","5.95","7.59","5.50","0.00",,"369","643.0","1771"
"C0165752","코스피200 P 202605   752.5 (야간)",,,,,,"0.00",,"0","0.0","92"
"C0165752","코스피200 P 202605   752.5 (주간)","7.41","-1.08","5.94","7.64","5.94","0.00",,"18","32.0","93"
"C0165755","코스피200 P 202605   755.0 (야간)",,,,,,"0.00",,"0","0.0","196"
"C0165755","코스피200 P 202605   755.0 (주간)","7.52","-1.08","7.18","7.52","7.18","0.00",,"4","7.0","195"
"C0165757","코스피200 P 202605   757.5 (야간)","7.76","-1.45","8.10","8.89","7.76","0.00",,"8","16.0","73"
"C0165757","코스피200 P 202605   757.5 (주간)","7.70","-1.51","6.19","7.91","6.19","0.00",,"6","11.0","75"
"C0165760","코스피200 P 202605   760.0 (야간)","6.01","-3.42","7.87","9.02","6.01","0.00",,"12","25.0","386"
"C0165760","코스피200 P 202605   760.0 (주간)","8.25","-1.18","6.32","8.50","6.32","0.00",,"74","145.0","390"
"C0165762","코스피200 P 202605   762.5 (야간)","9.19","-0.04","10.05","10.05","9.19","0.00",,"92","221.0","43"
"C0165762","코스피200 P 202605   762.5 (주간)","8.18","-1.05","6.20","8.23","6.19","0.00",,"10","18.0","44"
"C0165765","코스피200 P 202605   765.0 (야간)","8.20","-1.85","8.87","9.64","8.20","0.00",,"3","7.0","80"
"C0165765","코스피200 P 202605   765.0 (주간)","8.63","-1.42","7.01","8.63","7.01","0.00",,"5","10.0","77"
"C0165767","코스피200 P 202605   767.5 (야간)",,,,,,"0.00",,"0","0.0","83"
"C0165767","코스피200 P 202605   767.5 (주간)","8.99","-1.31","7.73","8.99","7.73","0.00",,"3","6.0","84"
"C0165770","코스피200 P 202605   770.0 (야간)","8.00","-1.87","9.61","10.70","8.00","0.00",,"13","31.0","802"
"C0165770","코스피200 P 202605   770.0 (주간)","8.82","-1.05","7.79","9.56","6.78","0.00",,"307","681.0","966"
"C0165772","코스피200 P 202605   772.5 (야간)",,,,,,"0.00",,"0","0.0","28"
"C0165772","코스피200 P 202605   772.5 (주간)","9.38","-1.42","10.00","10.00","9.16","0.00",,"5","12.0","30"
"C0165775","코스피200 P 202605   775.0 (야간)","9.53","-0.92","9.53","9.53","9.53","0.00",,"1","2.0","95"
"C0165775","코스피200 P 202605   775.0 (주간)","9.71","-0.74","9.60","9.79","9.60","0.00",,"3","7.0","94"
"C0165777","코스피200 P 202605   777.5 (야간)",,,,,,"0.00",,"0","0.0","47"
"C0165777","코스피200 P 202605   777.5 (주간)","9.70","-2.00","9.97","9.97","9.68","0.00",,"8","20.0","47"
"C0165780","코스피200 P 202605   780.0 (야간)","8.00","-3.85","10.15","11.90","8.00","0.00",,"16","43.0","836"
"C0165780","코스피200 P 202605   780.0 (주간)","9.98","-1.87","8.00","10.70","7.90","0.00",,"88","216.0","845"
"C0165782","코스피200 P 202605   782.5 (야간)","10.65","-1.65","12.20","12.25","10.65","0.00",,"4","12.0","42"
"C0165782","코스피200 P 202605   782.5 (주간)","10.20","-2.10","7.86","10.40","7.86","0.00",,"6","15.0","44"
"C0165785","코스피200 P 202605   785.0 (야간)","12.15","-0.60","10.65","12.55","10.65","0.00",,"19","58.0","72"
"C0165785","코스피200 P 202605   785.0 (주간)","10.50","-2.25","10.85","10.85","10.40","0.00",,"10","27.0","74"
"C0165787","코스피200 P 202605   787.5 (야간)","10.50","-2.65","13.00","13.00","10.50","0.00",,"7","21.0","83"
"C0165787","코스피200 P 202605   787.5 (주간)","10.80","-2.35","10.95","10.95","10.20","0.00",,"7","18.0","82"
"C0165790","코스피200 P 202605   790.0 (야간)","13.40","-0.10","13.00","13.40","12.85","0.00",,"12","39.0","138"
"C0165790","코스피200 P 202605   790.0 (주간)","11.45","-2.05","8.90","11.85","8.90","0.00",,"36","96.0","149"
"C0165792","코스피200 P 202605   792.5 (야간)","12.35","-1.50","12.35","12.35","12.35","0.00",,"1","3.0","32"
"C0165792","코스피200 P 202605   792.5 (주간)","11.45","-2.40","11.45","11.45","11.45","0.00",,"1","3.0","33"
"C0165795","코스피200 P 202605   795.0 (야간)","13.90","-0.55","13.50","13.90","13.50","0.00",,"2","7.0","73"
"C0165795","코스피200 P 202605   795.0 (주간)",,,,,,"0.00",,"0","0.0","73"
"C0165797","코스피200 P 202605   797.5 (야간)","14.25","-0.75","13.95","14.95","13.95","0.00",,"7","25.0","137"
"C0165797","코스피200 P 202605   797.5 (주간)","12.20","-2.80","12.00","12.20","12.00","0.00",,"3","9.0","137"
"C0165800","코스피200 P 202605   800.0 (야간)","10.50","-4.60","13.45","15.00","10.50","0.00",,"203","678.0","3217"
"C0165800","코스피200 P 202605   800.0 (주간)","12.45","-2.65","10.35","13.45","10.20","0.00",,"1564","4855.0","3710"
"C0165802","코스피200 P 202605   802.5 (야간)","14.85","-0.85","13.70","14.95","13.70","0.00",,"17","61.0","75"
"C0165802","코스피200 P 202605   802.5 (주간)","13.05","-2.65","10.20","13.05","10.20","0.00",,"3","8.0","73"
"C0165805","코스피200 P 202605   805.0 (야간)","13.00","-3.20","14.40","15.95","13.00","0.00",,"34","129.0","73"
"C0165805","코스피200 P 202605   805.0 (주간)","13.60","-2.60","13.55","13.60","13.55","0.00",,"2","7.0","72"
"C0165807","코스피200 P 202605   807.5 (야간)","16.35","0.75","16.15","16.35","16.15","0.00",,"3","12.0","37"
"C0165807","코스피200 P 202605   807.5 (주간)","13.70","-1.90","12.65","13.70","12.65","0.00",,"2","7.0","39"
"C0165810","코스피200 P 202605   810.0 (야간)","14.80","-2.35","15.50","15.75","14.80","0.00",,"3","12.0","1229"
"C0165810","코스피200 P 202605   810.0 (주간)","14.00","-3.15","11.45","15.10","11.45","0.00",,"2116","7282.0","1441"
"C0165812","코스피200 P 202605   812.5 (야간)","17.35","0.75","15.85","17.35","15.85","0.00",,"6","25.0","30"
"C0165812","코스피200 P 202605   812.5 (주간)",,,,,,"0.00",,"0","0.0","30"
"C0165815","코스피200 P 202605   815.0 (야간)","17.85","-0.30","17.90","17.90","17.85","0.00",,"3","13.0","73"
"C0165815","코스피200 P 202605   815.0 (주간)","14.30","-3.85","14.30","14.30","14.30","0.00",,"1","4.0","73"
"C0165817","코스피200 P 202605   817.5 (야간)","18.40","0.70","18.40","18.40","18.40","0.00",,"1","5.0","23"
"C0165817","코스피200 P 202605   817.5 (주간)",,,,,,"0.00",,"0","0.0","23"
"C0165820","코스피200 P 202605   820.0 (야간)","16.90","-2.50","16.70","18.90","16.70","0.00",,"4","17.0","138"
"C0165820","코스피200 P 202605   820.0 (주간)","15.00","-4.40","13.65","16.70","13.65","0.00",,"21","81.0","145"
"C0165822","코스피200 P 202605   822.5 (야간)","19.30","2.10","19.30","19.30","19.30","0.00",,"3","14.0","151"
"C0165822","코스피200 P 202605   822.5 (주간)",,,,,,"0.00",,"0","0.0","151"
"C0165825","코스피200 P 202605   825.0 (야간)","18.85","-1.65","18.85","18.85","18.85","0.00",,"1","5.0","212"
"C0165825","코스피200 P 202605   825.0 (주간)","14.00","-6.50","14.00","14.00","14.00","0.00",,"1","4.0","213"
"C0165827","코스피200 P 202605   827.5 (야간)","20.60","1.00","20.30","20.60","20.30","0.00",,"5","26.0","51"
"C0165827","코스피200 P 202605   827.5 (주간)",,,,,,"0.00",,"0","0.0","51"
"C0165830","코스피200 P 202605   830.0 (야간)","18.50","-3.05","19.00","21.25","18.50","0.00",,"14","69.0","1334"
"C0165830","코스피200 P 202605   830.0 (주간)","18.10","-3.45","20.80","20.80","9.89","0.00",,"174","744.0","1370"
"C0165832","코스피200 P 202605   832.5 (야간)","21.70","-0.45","21.55","21.70","21.55","0.00",,"3","16.0","407"
"C0165832","코스피200 P 202605   832.5 (주간)","17.15","-5.00","18.05","18.05","17.15","0.00",,"199","876.0","548"
"C0165835","코스피200 P 202605   835.0 (야간)","20.75","-1.75","20.70","22.20","20.70","0.00",,"6","33.0","648"
"C0165835","코스피200 P 202605   835.0 (주간)","17.90","-4.60","19.50","20.00","17.90","0.00",,"10","48.0","650"
"C0165837","코스피200 P 202605   837.5 (야간)","22.80","1.90","22.80","22.80","22.80","0.00",,"3","17.0","18"
"C0165837","코스피200 P 202605   837.5 (주간)","18.15","-2.75","18.15","18.15","18.15","0.00",,"1","5.0","18"
"C0165840","코스피200 P 202605   840.0 (야간)","19.00","-5.50","21.85","23.75","19.00","0.00",,"20","115.0","1912"
"C0165840","코스피200 P 202605   840.0 (주간)","19.60","-4.90","18.05","20.00","17.25","0.00",,"19","88.0","1911"
"C0165842","코스피200 P 202605   842.5 (야간)","24.10","1.25","21.85","24.10","21.85","0.00",,"2","11.0","23"
"C0165842","코스피200 P 202605   842.5 (주간)","19.95","-2.90","19.95","19.95","19.95","0.00",,"1","5.0","23"
"C0165845","코스피200 P 202605   845.0 (야간)","25.05","-0.90","23.15","25.05","23.15","0.00",,"5","30.0","53"
"C0165845","코스피200 P 202605   845.0 (주간)","20.45","-5.50","20.45","20.45","20.45","0.00",,"1","5.0","53"
"C0165847","코스피200 P 202605   847.5 (야간)",,,,,,"0.00",,"0","0.0","35"
"C0165847","코스피200 P 202605   847.5 (주간)","21.40","-3.30","22.00","22.00","19.90","0.00",,"7","37.0","39"
"C0165850","코스피200 P 202605   850.0 (야간)","23.80","-3.70","24.80","27.00","23.80","0.00",,"41","272.0","1488"
"C0165850","코스피200 P 202605   850.0 (주간)","21.90","-5.60","20.90","22.85","20.90","0.00",,"20","109.0","1494"
"C0165852","코스피200 P 202605   852.5 (야간)",,,,,,"0.00",,"0","0.0","25"
"C0165852","코스피200 P 202605   852.5 (주간)","22.00","-4.25","22.55","22.55","22.00","0.00",,"2","11.0","26"
"C0165855","코스피200 P 202605   855.0 (야간)","27.70","0.20","27.70","27.70","27.70","0.00",,"2","14.0","328"
"C0165855","코스피200 P 202605   855.0 (주간)","23.35","-4.15","20.00","23.45","20.00","0.00",,"6","34.0","328"
"C0165857","코스피200 P 202605   857.5 (야간)",,,,,,"0.00",,"0","0.0","41"
"C0165857","코스피200 P 202605   857.5 (주간)","24.05","-5.20","24.80","24.80","22.85","0.00",,"11","65.0","44"
"C0165860","코스피200 P 202605   860.0 (야간)","26.10","-4.05","28.80","29.00","26.10","0.00",,"3","21.0","120"
"C0165860","코스피200 P 202605   860.0 (주간)","24.60","-5.55","25.45","25.55","23.50","0.00",,"19","117.0","119"
"C0165862","코스피200 P 202605   862.5 (야간)",,,,,,"0.00",,"0","0.0","44"
"C0165862","코스피200 P 202605   862.5 (주간)","25.70","-5.65","26.40","26.40","24.05","0.00",,"23","145.0","44"
"C0165865","코스피200 P 202605   865.0 (야간)","27.50","-5.10","30.00","30.00","27.50","0.00",,"3","21.0","150"
"C0165865","코스피200 P 202605   865.0 (주간)","26.15","-6.45","27.05","27.40","24.65","0.00",,"49","319.0","155"
"C0165867","코스피200 P 202605   867.5 (야간)","26.00","-7.15","26.00","26.00","26.00","0.00",,"1","7.0","131"
"C0165867","코스피200 P 202605   867.5 (주간)","26.90","-6.25","26.80","28.10","25.35","0.00",,"52","345.0","129"
"C0165870","코스피200 P 202605   870.0 (야간)","29.35","-4.90","30.95","30.95","29.35","0.00",,"2","15.0","1770"
"C0165870","코스피200 P 202605   870.0 (주간)","27.35","-6.90","24.70","28.80","24.70","0.00",,"185","1246.0","1807"
"C0165872","코스피200 P 202605   872.5 (야간)",,,,,,"0.00",,"0","0.0","117"
"C0165872","코스피200 P 202605   872.5 (주간)","28.30","-6.35","29.30","29.70","26.70","0.00",,"57","400.0","119"
"C0165875","코스피200 P 202605   875.0 (야간)",,,,,,"0.00",,"0","0.0","425"
"C0165875","코스피200 P 202605   875.0 (주간)","29.05","-7.30","29.75","30.30","27.45","0.00",,"40","289.0","418"
"C0165877","코스피200 P 202605   877.5 (야간)","35.90","-0.70","35.90","35.90","35.90","0.00",,"1","9.0","232"
"C0165877","코스피200 P 202605   877.5 (주간)","29.85","-6.75","30.40","30.80","28.20","0.00",,"27","199.0","233"
"C0165880","코스피200 P 202605   880.0 (야간)","35.00","-3.50","35.20","37.15","35.00","0.00",,"16","146.0","861"
"C0165880","코스피200 P 202605   880.0 (주간)","30.30","-8.20","26.00","31.35","26.00","0.00",,"24","177.0","872"
"C0165882","코스피200 P 202605   882.5 (야간)","38.15","1.15","38.15","38.15","38.15","0.00",,"2","19.0","142"
"C0165882","코스피200 P 202605   882.5 (주간)","31.35","-5.65","31.20","32.15","29.95","0.00",,"12","93.0","144"
"C0165885","코스피200 P 202605   885.0 (야간)","36.05","-6.85","38.95","39.60","36.00","0.00",,"15","137.0","393"
"C0165885","코스피200 P 202605   885.0 (주간)","32.15","-10.75","31.80","32.15","30.85","0.00",,"6","47.0","392"
"C0165887","코스피200 P 202605   887.5 (야간)",,,,,,"0.00",,"0","0.0","62"
"C0165887","코스피200 P 202605   887.5 (주간)","32.25","-5.40","33.30","33.30","32.25","0.00",,"4","33.0","60"
"C0165890","코스피200 P 202605   890.0 (야간)","40.80","-1.80","38.95","41.75","38.95","0.00",,"42","429.0","459"
"C0165890","코스피200 P 202605   890.0 (주간)","33.55","-9.05","31.50","34.15","31.50","0.00",,"7","58.0","460"
"C0165892","코스피200 P 202605   892.5 (야간)","42.40","1.60","42.40","42.40","42.40","0.00",,"1","11.0","139"
"C0165892","코스피200 P 202605   892.5 (주간)","34.45","-6.35","35.75","35.75","34.45","0.00",,"4","35.0","140"
"C0165895","코스피200 P 202605   895.0 (야간)","40.80","-0.05","40.80","40.80","40.80","0.00",,"1","10.0","183"
"C0165895","코스피200 P 202605   895.0 (주간)",,,,,,"0.00",,"0","0.0","183"
"C0165897","코스피200 P 202605   897.5 (야간)","36.00","-6.00","44.70","44.70","36.00","0.00",,"4","40.0","97"
"C0165897","코스피200 P 202605   897.5 (주간)","36.30","-5.70","33.20","36.30","33.20","0.00",,"5","44.0","101"
"C0165900","코스피200 P 202605   900.0 (야간)","36.00","-10.45","42.65","45.90","30.00","0.00",,"62","683.0","304"
"C0165900","코스피200 P 202605   900.0 (주간)","38.05","-8.40","36.10","38.30","35.90","0.00",,"26","238.0","315"
"C0165902","코스피200 P 202605   902.5 (야간)",,,,,,"0.00",,"0","0.0","36"
"C0165902","코스피200 P 202605   902.5 (주간)","38.90","-9.45","39.50","39.50","38.90","0.00",,"3","29.0","38"
"C0165905","코스피200 P 202605   905.0 (야간)","45.15","-4.85","45.15","45.15","45.15","0.00",,"1","11.0","51"
"C0165905","코스피200 P 202605   905.0 (주간)","40.55","-9.45","39.60","40.55","39.60","0.00",,"2","20.0","52"
"C0165907","코스피200 P 202605   907.5 (야간)","45.05","-6.45","45.30","45.30","45.05","0.00",,"3","34.0","65"
"C0165907","코스피200 P 202605   907.5 (주간)","42.00","-9.50","40.60","42.00","40.60","0.00",,"2","21.0","65"
"C0165910","코스피200 P 202605   910.0 (야간)","46.00","-5.30","46.00","46.00","46.00","0.00",,"1","12.0","825"
"C0165910","코스피200 P 202605   910.0 (주간)","40.30","-11.00","40.00","40.35","39.95","0.00",,"8","80.0","832"
"C0165912","코스피200 P 202605   912.5 (야간)",,,,,,"0.00",,"0","0.0","177"
"C0165912","코스피200 P 202605   912.5 (주간)",,,,,,"0.00",,"0","0.0","177"
"C0165915","코스피200 P 202605   915.0 (야간)","41.85","-8.05","41.85","41.85","41.85","0.00",,"1","10.0","57"
"C0165915","코스피200 P 202605   915.0 (주간)","43.90","-6.00","43.90","43.90","43.90","0.00",,"1","11.0","58"
"C0165917","코스피200 P 202605   917.5 (야간)",,,,,,"0.00",,"0","0.0","9"
"C0165917","코스피200 P 202605   917.5 (주간)","42.90","-8.85","42.90","42.90","42.90","0.00",,"1","11.0","10"
"C0165920","코스피200 P 202605   920.0 (야간)","50.60","-3.40","50.60","50.60","50.60","0.00",,"1","13.0","914"
"C0165920","코스피200 P 202605   920.0 (주간)","46.50","-7.50","42.00","47.25","42.00","0.00",,"85","986.0","848"
"C0165922","코스피200 P 202605   922.5 (야간)",,,,,,"0.00",,"0","0.0","12"
"C0165922","코스피200 P 202605   922.5 (주간)",,,,,,"0.00",,"0","0.0","12"
"C0165925","코스피200 P 202605   925.0 (야간)",,,,,,"0.00",,"0","0.0","13"
"C0165925","코스피200 P 202605   925.0 (주간)","44.20","-12.55","44.20","44.20","44.20","0.00",,"1","11.0","14"
"C0165927","코스피200 P 202605   927.5 (야간)",,,,,,"0.00",,"0","0.0","8"
"C0165927","코스피200 P 202605   927.5 (주간)",,,,,,"0.00",,"0","0.0","8"
"C0165930","코스피200 P 202605   930.0 (야간)",,,,,,"0.00",,"0","0.0","336"
"C0165930","코스피200 P 202605   930.0 (주간)","51.00","-8.15","51.50","51.55","49.00","0.00",,"16","203.0","346"
"C0165932","코스피200 P 202605   932.5 (야간)",,,,,,"0.00",,"0","0.0","13"
"C0165932","코스피200 P 202605   932.5 (주간)","59.50","-1.90","59.50","59.50","59.50","0.00",,"1","15.0","14"
"C0165935","코스피200 P 202605   935.0 (야간)",,,,,,"0.00",,"0","0.0","26"
"C0165935","코스피200 P 202605   935.0 (주간)","54.25","-9.10","54.20","54.25","54.20","0.00",,"2","27.0","28"
"C0165937","코스피200 P 202605   937.5 (야간)",,,,,,"0.00",,"0","0.0","10"
"C0165937","코스피200 P 202605   937.5 (주간)",,,,,,"0.00",,"0","0.0","10"
"C0165940","코스피200 P 202605   940.0 (야간)",,,,,,"0.00",,"0","0.0","3"
"C0165940","코스피200 P 202605   940.0 (주간)",,,,,,"0.00",,"0","0.0","3"
"C0165942","코스피200 P 202605   942.5 (야간)",,,,,,"0.00",,"0","0.0","3"
"C0165942","코스피200 P 202605   942.5 (주간)",,,,,,"0.00",,"0","0.0","3"
"C0165945","코스피200 P 202605   945.0 (야간)",,,,,,"0.00",,"0","0.0","6"
"C0165945","코스피200 P 202605   945.0 (주간)",,,,,,"0.00",,"0","0.0","6"
"C0165947","코스피200 P 202605   947.5 (야간)",,,,,,"0.00",,"0","0.0","4"
"C0165947","코스피200 P 202605   947.5 (주간)",,,,,,"0.00",,"0","0.0","4"
"C0165950","코스피200 P 202605   950.0 (야간)","65.40","-5.10","65.40","65.40","65.40","0.00",,"1","16.0","297"
"C0165950","코스피200 P 202605   950.0 (주간)","61.50","-9.00","57.70","62.55","57.40","0.00",,"148","2263.0","439"
"C0165952","코스피200 P 202605   952.5 (야간)",,,,,,"0.00",,"0","0.0","6"
"C0165952","코스피200 P 202605   952.5 (주간)",,,,,,"0.00",,"0","0.0","6"
"C0165955","코스피200 P 202605   955.0 (야간)",,,,,,"0.00",,"0","0.0","4"
"C0165955","코스피200 P 202605   955.0 (주간)",,,,,,"0.00",,"0","0.0","4"
"C0165957","코스피200 P 202605   957.5 (야간)",,,,,,"0.00",,"0","0.0","0"
"C0165957","코스피200 P 202605   957.5 (주간)",,,,,,"0.00",,"0","0.0","0"
"C0165960","코스피200 P 202605   960.0 (야간)",,,,,,"0.00",,"0","0.0","2"
"C0165960","코스피200 P 202605   960.0 (주간)",,,,,,"0.00",,"0","0.0","2"
"C0165962","코스피200 P 202605   962.5 (야간)",,,,,,"0.00",,"0","0.0","1"
"C0165962","코스피200 P 202605   962.5 (주간)",,,,,,"0.00",,"0","0.0","1"
"C0165965","코스피200 P 202605   965.0 (야간)",,,,,,"0.00",,"0","0.0","2"
"C0165965","코스피200 P 202605   965.0 (주간)",,,,,,"0.00",,"0","0.0","2"
"C0165967","코스피200 P 202605   967.5 (야간)",,,,,,"0.00",,"0","0.0","0"
"C0165967","코스피200 P 202605   967.5 (주간)",,,,,,"0.00",,"0","0.0","0"
"C0165970","코스피200 P 202605   970.0 (야간)",,,,,,"0.00",,"0","0.0","2"
"C0165970","코스피200 P 202605   970.0 (주간)",,,,,,"0.00",,"0","0.0","2"
"C0165972","코스피200 P 202605   972.5 (야간)",,,,,,"0.00",,"0","0.0","0"
"C0165972","코스피200 P 202605   972.5 (주간)",,,,,,"0.00",,"0","0.0","0"
"C0165975","코스피200 P 202605   975.0 (야간)",,,,,,"0.00",,"0","0.0","1"
"C0165975","코스피200 P 202605   975.0 (주간)",,,,,,"0.00",,"0","0.0","1"
"C0165977","코스피200 P 202605   977.5 (야간)",,,,,,"0.00",,"0","0.0","1"
"C0165977","코스피200 P 202605   977.5 (주간)",,,,,,"0.00",,"0","0.0","1"
"C0165980","코스피200 P 202605   980.0 (야간)",,,,,,"0.00",,"0","0.0","1"
"C0165980","코스피200 P 202605   980.0 (주간)","77.00","-15.95","75.50","77.00","75.50","0.00",,"3","57.0","4"
"C0165982","코스피200 P 202605   982.5 (야간)",,,,,,"0.00",,"0","0.0","0"
"C0165982","코스피200 P 202605   982.5 (주간)",,,,,,"0.00",,"0","0.0","0"
"C0165985","코스피200 P 202605   985.0 (야간)",,,,,,"0.00",,"0","0.0","1"
"C0165985","코스피200 P 202605   985.0 (주간)",,,,,,"0.00",,"0","0.0","1"
"C0165987","코스피200 P 202605   987.5 (야간)",,,,,,"0.00",,"0","0.0","1"
"C0165987","코스피200 P 202605   987.5 (주간)",,,,,,"0.00",,"0","0.0","1"
"C0165990","코스피200 P 202605   990.0 (야간)",,,,,,"0.00",,"0","0.0","6"
"C0165990","코스피200 P 202605   990.0 (주간)",,,,,,"0.00",,"0","0.0","6"
"C0165992","코스피200 P 202605   992.5 (야간)",,,,,,"0.00",,"0","0.0","0"
"C0165992","코스피200 P 202605   992.5 (주간)",,,,,,"0.00",,"0","0.0","0"
"C0165995","코스피200 P 202605   995.0 (야간)",,,,,,"0.00",,"0","0.0","0"
"C0165995","코스피200 P 202605   995.0 (주간)",,,,,,"0.00",,"0","0.0","0"
"C0165997","코스피200 P 202605   997.5 (야간)",,,,,,"0.00",,"0","0.0","1"
"C0165997","코스피200 P 202605   997.5 (주간)",,,,,,"0.00",,"0","0.0","1"
"C0165A01","코스피200 P 202605 1,000.0 (야간)",,,,,,"0.00",,"0","0.0","14"
"C0165A01","코스피200 P 202605 1,000.0 (주간)",,,,,,"0.00",,"0","0.0","14"
"C0165A07","코스피200 P 202605 1,002.5 (야간)",,,,,,"0.00",,"0","0.0","0"
"C0165A07","코스피200 P 202605 1,002.5 (주간)",,,,,,"0.00",,"0","0.0","0"
"C0165A02","코스피200 P 202605 1,005.0 (야간)",,,,,,"0.00",,"0","0.0","0"
"C0165A02","코스피200 P 202605 1,005.0 (주간)",,,,,,"0.00",,"0","0.0","0"
"C0165A08","코스피200 P 202605 1,007.5 (야간)",,,,,,"0.00",,"0","0.0","1"
"C0165A08","코스피200 P 202605 1,007.5 (주간)",,,,,,"0.00",,"0","0.0","1"
"C0165A03","코스피200 P 202605 1,010.0 (야간)",,,,,,"0.00",,"0","0.0","9"
"C0165A03","코스피200 P 202605 1,010.0 (주간)","100.00","-21.80","100.00","100.00","100.00","0.00",,"2","50.0","11"
"C0165A09","코스피200 P 202605 1,012.5 (야간)",,,,,,"0.00",,"0","0.0","1"
"C0165A09","코스피200 P 202605 1,012.5 (주간)",,,,,,"0.00",,"0","0.0","1"
"C0165A04","코스피200 P 202605 1,015.0 (야간)",,,,,,"0.00",,"0","0.0","0"
"C0165A04","코스피200 P 202605 1,015.0 (주간)",,,,,,"0.00",,"0","0.0","0"
"C0165A10","코스피200 P 202605 1,017.5 (야간)",,,,,,"0.00",,"0","0.0","1"
"C0165A10","코스피200 P 202605 1,017.5 (주간)",,,,,,"0.00",,"0","0.0","1"
"C0165A05","코스피200 P 202605 1,020.0 (야간)",,,,,,"0.00",,"0","0.0","2"
"C0165A05","코스피200 P 202605 1,020.0 (주간)",,,,,,"0.00",,"0","0.0","2"
"C0165A11","코스피200 P 202605 1,022.5 (야간)",,,,,,"0.00",,"0","0.0","0"
"C0165A11","코스피200 P 202605 1,022.5 (주간)",,,,,,"0.00",,"0","0.0","0"
"C0165A06","코스피200 P 202605 1,025.0 (야간)",,,,,,"0.00",,"0","0.0","183"
"C0165A06","코스피200 P 202605 1,025.0 (주간)",,,,,,"0.00",,"0","0.0","183"
"C0166180","코스피200 P 202606   180.0 (야간)","0.05","0.00","0.05","0.05","0.04","0.00",,"63","1.0","2964"
"C0166180","코스피200 P 202606   180.0 (주간)","0.04","-0.01","0.04","0.05","0.04","0.00",,"62","1.0","2964"
"C0166182","코스피200 P 202606   182.5 (야간)",,,,,,"0.00",,"0","0.0","51"
"C0166182","코스피200 P 202606   182.5 (주간)",,,,,,"0.00",,"0","0.0","51"
"C0166185","코스피200 P 202606   185.0 (야간)",,,,,,"0.00",,"0","0.0","21"
"C0166185","코스피200 P 202606   185.0 (주간)","0.05","-0.01","0.05","0.05","0.05","0.00",,"2","0.0","23"
"C0166187","코스피200 P 202606   187.5 (야간)",,,,,,"0.00",,"0","0.0","18"
"C0166187","코스피200 P 202606   187.5 (주간)",,,,,,"0.00",,"0","0.0","18"
"C0166190","코스피200 P 202606   190.0 (야간)",,,,,,"0.00",,"0","0.0","35"
"C0166190","코스피200 P 202606   190.0 (주간)",,,,,,"0.00",,"0","0.0","35"
"C0166192","코스피200 P 202606   192.5 (야간)",,,,,,"0.00",,"0","0.0","3"
"C0166192","코스피200 P 202606   192.5 (주간)",,,,,,"0.00",,"0","0.0","3"
"C0166195","코스피200 P 202606   195.0 (야간)",,,,,,"0.00",,"0","0.0","7"
"C0166195","코스피200 P 202606   195.0 (주간)",,,,,,"0.00",,"0","0.0","7"
"C0166197","코스피200 P 202606   197.5 (야간)",,,,,,"0.00",,"0","0.0","4"
"C0166197","코스피200 P 202606   197.5 (주간)",,,,,,"0.00",,"0","0.0","4"
"C0166200","코스피200 P 202606   200.0 (야간)",,,,,,"0.00",,"0","0.0","105"
"C0166200","코스피200 P 202606   200.0 (주간)",,,,,,"0.00",,"0","0.0","105"
"C0166202","코스피200 P 202606   202.5 (야간)",,,,,,"0.00",,"0","0.0","0"
"C0166202","코스피200 P 202606   202.5 (주간)",,,,,,"0.00",,"0","0.0","0"
"C0166205","코스피200 P 202606   205.0 (야간)",,,,,,"0.00",,"0","0.0","32"
"C0166205","코스피200 P 202606   205.0 (주간)",,,,,,"0.00",,"0","0.0","32"
"C0166207","코스피200 P 202606   207.5 (야간)",,,,,,"0.00",,"0","0.0","2"
"C0166207","코스피200 P 202606   207.5 (주간)",,,,,,"0.00",,"0","0.0","2"
"C0166210","코스피200 P 202606   210.0 (야간)",,,,,,"0.00",,"0","0.0","36"
"C0166210","코스피200 P 202606   210.0 (주간)",,,,,,"0.00",,"0","0.0","36"
"C0166212","코스피200 P 202606   212.5 (야간)",,,,,,"0.00",,"0","0.0","1"
"C0166212","코스피200 P 202606   212.5 (주간)",,,,,,"0.00",,"0","0.0","1"
"C0166215","코스피200 P 202606   215.0 (야간)",,,,,,"0.00",,"0","0.0","8"
"C0166215","코스피200 P 202606   215.0 (주간)",,,,,,"0.00",,"0","0.0","8"
"C0166217","코스피200 P 202606   217.5 (야간)",,,,,,"0.00",,"0","0.0","1"
"C0166217","코스피200 P 202606   217.5 (주간)",,,,,,"0.00",,"0","0.0","1"
"C0166220","코스피200 P 202606   220.0 (야간)",,,,,,"0.00",,"0","0.0","53"
"C0166220","코스피200 P 202606   220.0 (주간)",,,,,,"0.00",,"0","0.0","53"
"C0166222","코스피200 P 202606   222.5 (야간)",,,,,,"0.00",,"0","0.0","3"
"C0166222","코스피200 P 202606   222.5 (주간)",,,,,,"0.00",,"0","0.0","3"
"C0166225","코스피200 P 202606   225.0 (야간)",,,,,,"0.00",,"0","0.0","12"
"C0166225","코스피200 P 202606   225.0 (주간)",,,,,,"0.00",,"0","0.0","12"
"C0166227","코스피200 P 202606   227.5 (야간)",,,,,,"0.00",,"0","0.0","2"
"C0166227","코스피200 P 202606   227.5 (주간)",,,,,,"0.00",,"0","0.0","2"
"C0166230","코스피200 P 202606   230.0 (야간)",,,,,,"0.00",,"0","0.0","5"
"C0166230","코스피200 P 202606   230.0 (주간)",,,,,,"0.00",,"0","0.0","5"
"C0166232","코스피200 P 202606   232.5 (야간)",,,,,,"0.00",,"0","0.0","2"
"C0166232","코스피200 P 202606   232.5 (주간)",,,,,,"0.00",,"0","0.0","2"
"C0166235","코스피200 P 202606   235.0 (야간)",,,,,,"0.00",,"0","0.0","13"
"C0166235","코스피200 P 202606   235.0 (주간)","0.12","0.03","0.12","0.12","0.12","0.00",,"13","0.0","10"
"C0166237","코스피200 P 202606   237.5 (야간)",,,,,,"0.00",,"0","0.0","0"
"C0166237","코스피200 P 202606   237.5 (주간)",,,,,,"0.00",,"0","0.0","0"
"C0166240","코스피200 P 202606   240.0 (야간)",,,,,,"0.00",,"0","0.0","8"
"C0166240","코스피200 P 202606   240.0 (주간)",,,,,,"0.00",,"0","0.0","8"
"C0166242","코스피200 P 202606   242.5 (야간)",,,,,,"0.00",,"0","0.0","1"
"C0166242","코스피200 P 202606   242.5 (주간)",,,,,,"0.00",,"0","0.0","1"
"C0166245","코스피200 P 202606   245.0 (야간)",,,,,,"0.00",,"0","0.0","1"
"C0166245","코스피200 P 202606   245.0 (주간)",,,,,,"0.00",,"0","0.0","1"
"C0166247","코스피200 P 202606   247.5 (야간)",,,,,,"0.00",,"0","0.0","1"
"C0166247","코스피200 P 202606   247.5 (주간)",,,,,,"0.00",,"0","0.0","1"
"C0166250","코스피200 P 202606   250.0 (야간)",,,,,,"0.00",,"0","0.0","933"
"C0166250","코스피200 P 202606   250.0 (주간)",,,,,,"0.00",,"0","0.0","933"
"C0166252","코스피200 P 202606   252.5 (야간)",,,,,,"0.00",,"0","0.0","0"
"C0166252","코스피200 P 202606   252.5 (주간)",,,,,,"0.00",,"0","0.0","0"
"C0166255","코스피200 P 202606   255.0 (야간)",,,,,,"0.00",,"0","0.0","3"
"C0166255","코스피200 P 202606   255.0 (주간)",,,,,,"0.00",,"0","0.0","3"
"C0166257","코스피200 P 202606   257.5 (야간)",,,,,,"0.00",,"0","0.0","1"
"C0166257","코스피200 P 202606   257.5 (주간)",,,,,,"0.00",,"0","0.0","1"
"C0166260","코스피200 P 202606   260.0 (야간)",,,,,,"0.00",,"0","0.0","1234"
"C0166260","코스피200 P 202606   260.0 (주간)",,,,,,"0.00",,"0","0.0","1234"
"C0166262","코스피200 P 202606   262.5 (야간)",,,,,,"0.00",,"0","0.0","0"
"C0166262","코스피200 P 202606   262.5 (주간)",,,,,,"0.00",,"0","0.0","0"
"C0166265","코스피200 P 202606   265.0 (야간)",,,,,,"0.00",,"0","0.0","2"
"C0166265","코스피200 P 202606   265.0 (주간)",,,,,,"0.00",,"0","0.0","2"
"C0166267","코스피200 P 202606   267.5 (야간)",,,,,,"0.00",,"0","0.0","0"
"C0166267","코스피200 P 202606   267.5 (주간)",,,,,,"0.00",,"0","0.0","0"
"C0166270","코스피200 P 202606   270.0 (야간)",,,,,,"0.00",,"0","0.0","243"
"C0166270","코스피200 P 202606   270.0 (주간)",,,,,,"0.00",,"0","0.0","243"
"C0166272","코스피200 P 202606   272.5 (야간)",,,,,,"0.00",,"0","0.0","0"
"C0166272","코스피200 P 202606   272.5 (주간)",,,,,,"0.00",,"0","0.0","0"
"C0166275","코스피200 P 202606   275.0 (야간)",,,,,,"0.00",,"0","0.0","13"
"C0166275","코스피200 P 202606   275.0 (주간)",,,,,,"0.00",,"0","0.0","13"
"C0166277","코스피200 P 202606   277.5 (야간)",,,,,,"0.00",,"0","0.0","0"
"C0166277","코스피200 P 202606   277.5 (주간)",,,,,,"0.00",,"0","0.0","0"
"C0166280","코스피200 P 202606   280.0 (야간)",,,,,,"0.00",,"0","0.0","730"
"C0166280","코스피200 P 202606   280.0 (주간)",,,,,,"0.00",,"0","0.0","730"
"C0166282","코스피200 P 202606   282.5 (야간)",,,,,,"0.00",,"0","0.0","0"
"C0166282","코스피200 P 202606   282.5 (주간)",,,,,,"0.00",,"0","0.0","0"
"C0166285","코스피200 P 202606   285.0 (야간)",,,,,,"0.00",,"0","0.0","10"
"C0166285","코스피200 P 202606   285.0 (주간)",,,,,,"0.00",,"0","0.0","10"
"C0166287","코스피200 P 202606   287.5 (야간)",,,,,,"0.00",,"0","0.0","0"
"C0166287","코스피200 P 202606   287.5 (주간)",,,,,,"0.00",,"0","0.0","0"
"C0166290","코스피200 P 202606   290.0 (야간)",,,,,,"0.00",,"0","0.0","470"
"C0166290","코스피200 P 202606   290.0 (주간)",,,,,,"0.00",,"0","0.0","470"
"C0166292","코스피200 P 202606   292.5 (야간)",,,,,,"0.00",,"0","0.0","0"
"C0166292","코스피200 P 202606   292.5 (주간)",,,,,,"0.00",,"0","0.0","0"
"C0166295","코스피200 P 202606   295.0 (야간)",,,,,,"0.00",,"0","0.0","6"
"C0166295","코스피200 P 202606   295.0 (주간)","0.17","-0.03","0.17","0.17","0.17","0.00",,"1","0.0","7"
"C0166297","코스피200 P 202606   297.5 (야간)",,,,,,"0.00",,"0","0.0","35"
"C0166297","코스피200 P 202606   297.5 (주간)",,,,,,"0.00",,"0","0.0","35"
"C0166300","코스피200 P 202606   300.0 (야간)","0.21","0.00","0.21","0.22","0.21","0.00",,"5","0.0","3539"
"C0166300","코스피200 P 202606   300.0 (주간)","0.20","-0.01","0.20","0.20","0.20","0.00",,"27","1.0","3563"
"C0166302","코스피200 P 202606   302.5 (야간)",,,,,,"0.00",,"0","0.0","1"
"C0166302","코스피200 P 202606   302.5 (주간)",,,,,,"0.00",,"0","0.0","1"
"C0166305","코스피200 P 202606   305.0 (야간)",,,,,,"0.00",,"0","0.0","0"
"C0166305","코스피200 P 202606   305.0 (주간)",,,,,,"0.00",,"0","0.0","0"
"C0166307","코스피200 P 202606   307.5 (야간)",,,,,,"0.00",,"0","0.0","0"
"C0166307","코스피200 P 202606   307.5 (주간)",,,,,,"0.00",,"0","0.0","0"
"C0166310","코스피200 P 202606   310.0 (야간)",,,,,,"0.00",,"0","0.0","836"
"C0166310","코스피200 P 202606   310.0 (주간)",,,,,,"0.00",,"0","0.0","836"
"C0166312","코스피200 P 202606   312.5 (야간)",,,,,,"0.00",,"0","0.0","0"
"C0166312","코스피200 P 202606   312.5 (주간)",,,,,,"0.00",,"0","0.0","0"
"C0166315","코스피200 P 202606   315.0 (야간)",,,,,,"0.00",,"0","0.0","11"
"C0166315","코스피200 P 202606   315.0 (주간)",,,,,,"0.00",,"0","0.0","11"
"C0166317","코스피200 P 202606   317.5 (야간)",,,,,,"0.00",,"0","0.0","0"
"C0166317","코스피200 P 202606   317.5 (주간)",,,,,,"0.00",,"0","0.0","0"
"C0166320","코스피200 P 202606   320.0 (야간)",,,,,,"0.00",,"0","0.0","1410"
"C0166320","코스피200 P 202606   320.0 (주간)",,,,,,"0.00",,"0","0.0","1410"
"C0166322","코스피200 P 202606   322.5 (야간)",,,,,,"0.00",,"0","0.0","0"
"C0166322","코스피200 P 202606   322.5 (주간)",,,,,,"0.00",,"0","0.0","0"
"C0166325","코스피200 P 202606   325.0 (야간)",,,,,,"0.00",,"0","0.0","1"
"C0166325","코스피200 P 202606   325.0 (주간)",,,,,,"0.00",,"0","0.0","1"
"C0166327","코스피200 P 202606   327.5 (야간)",,,,,,"0.00",,"0","0.0","0"
"C0166327","코스피200 P 202606   327.5 (주간)",,,,,,"0.00",,"0","0.0","0"
"C0166330","코스피200 P 202606   330.0 (야간)",,,,,,"0.00",,"0","0.0","1017"
"C0166330","코스피200 P 202606   330.0 (주간)",,,,,,"0.00",,"0","0.0","1017"
"C0166332","코스피200 P 202606   332.5 (야간)",,,,,,"0.00",,"0","0.0","0"
"C0166332","코스피200 P 202606   332.5 (주간)",,,,,,"0.00",,"0","0.0","0"
"C0166335","코스피200 P 202606   335.0 (야간)",,,,,,"0.00",,"0","0.0","101"
"C0166335","코스피200 P 202606   335.0 (주간)",,,,,,"0.00",,"0","0.0","101"
"C0166337","코스피200 P 202606   337.5 (야간)",,,,,,"0.00",,"0","0.0","0"
"C0166337","코스피200 P 202606   337.5 (주간)",,,,,,"0.00",,"0","0.0","0"
"C0166340","코스피200 P 202606   340.0 (야간)",,,,,,"0.00",,"0","0.0","1190"
"C0166340","코스피200 P 202606   340.0 (주간)",,,,,,"0.00",,"0","0.0","1190"
"C0166342","코스피200 P 202606   342.5 (야간)",,,,,,"0.00",,"0","0.0","0"
"C0166342","코스피200 P 202606   342.5 (주간)",,,,,,"0.00",,"0","0.0","0"
"C0166345","코스피200 P 202606   345.0 (야간)",,,,,,"0.00",,"0","0.0","221"
"C0166345","코스피200 P 202606   345.0 (주간)","0.35","-0.02","0.35","0.35","0.35","0.00",,"2","0.0","221"
"C0166347","코스피200 P 202606   347.5 (야간)",,,,,,"0.00",,"0","0.0","0"
"C0166347","코스피200 P 202606   347.5 (주간)",,,,,,"0.00",,"0","0.0","0"
"C0166350","코스피200 P 202606   350.0 (야간)",,,,,,"0.00",,"0","0.0","1677"
"C0166350","코스피200 P 202606   350.0 (주간)","0.33","-0.07","0.35","0.35","0.33","0.00",,"13","1.0","1680"
"C0166352","코스피200 P 202606   352.5 (야간)",,,,,,"0.00",,"0","0.0","0"
"C0166352","코스피200 P 202606   352.5 (주간)",,,,,,"0.00",,"0","0.0","0"
"C0166355","코스피200 P 202606   355.0 (야간)",,,,,,"0.00",,"0","0.0","10"
"C0166355","코스피200 P 202606   355.0 (주간)",,,,,,"0.00",,"0","0.0","10"
"C0166357","코스피200 P 202606   357.5 (야간)",,,,,,"0.00",,"0","0.0","0"
"C0166357","코스피200 P 202606   357.5 (주간)",,,,,,"0.00",,"0","0.0","0"
"C0166360","코스피200 P 202606   360.0 (야간)",,,,,,"0.00",,"0","0.0","588"
"C0166360","코스피200 P 202606   360.0 (주간)",,,,,,"0.00",,"0","0.0","588"
"C0166362","코스피200 P 202606   362.5 (야간)",,,,,,"0.00",,"0","0.0","0"
"C0166362","코스피200 P 202606   362.5 (주간)",,,,,,"0.00",,"0","0.0","0"
"C0166365","코스피200 P 202606   365.0 (야간)",,,,,,"0.00",,"0","0.0","43"
"C0166365","코스피200 P 202606   365.0 (주간)",,,,,,"0.00",,"0","0.0","43"
"C0166367","코스피200 P 202606   367.5 (야간)",,,,,,"0.00",,"0","0.0","0"
"C0166367","코스피200 P 202606   367.5 (주간)",,,,,,"0.00",,"0","0.0","0"
"C0166370","코스피200 P 202606   370.0 (야간)",,,,,,"0.00",,"0","0.0","1495"
"C0166370","코스피200 P 202606   370.0 (주간)",,,,,,"0.00",,"0","0.0","1495"
"C0166372","코스피200 P 202606   372.5 (야간)",,,,,,"0.00",,"0","0.0","1"
"C0166372","코스피200 P 202606   372.5 (주간)",,,,,,"0.00",,"0","0.0","1"
"C0166375","코스피200 P 202606   375.0 (야간)",,,,,,"0.00",,"0","0.0","50"
"C0166375","코스피200 P 202606   375.0 (주간)",,,,,,"0.00",,"0","0.0","50"
"C0166377","코스피200 P 202606   377.5 (야간)",,,,,,"0.00",,"0","0.0","1"
"C0166377","코스피200 P 202606   377.5 (주간)",,,,,,"0.00",,"0","0.0","1"
"C0166380","코스피200 P 202606   380.0 (야간)",,,,,,"0.00",,"0","0.0","2205"
"C0166380","코스피200 P 202606   380.0 (주간)",,,,,,"0.00",,"0","0.0","2205"
"C0166382","코스피200 P 202606   382.5 (야간)",,,,,,"0.00",,"0","0.0","0"
"C0166382","코스피200 P 202606   382.5 (주간)",,,,,,"0.00",,"0","0.0","0"
"C0166385","코스피200 P 202606   385.0 (야간)",,,,,,"0.00",,"0","0.0","659"
"C0166385","코스피200 P 202606   385.0 (주간)",,,,,,"0.00",,"0","0.0","659"
"C0166387","코스피200 P 202606   387.5 (야간)",,,,,,"0.00",,"0","0.0","0"
"C0166387","코스피200 P 202606   387.5 (주간)",,,,,,"0.00",,"0","0.0","0"
"C0166390","코스피200 P 202606   390.0 (야간)",,,,,,"0.00",,"0","0.0","3083"
"C0166390","코스피200 P 202606   390.0 (주간)",,,,,,"0.00",,"0","0.0","3083"
"C0166392","코스피200 P 202606   392.5 (야간)",,,,,,"0.00",,"0","0.0","8"
"C0166392","코스피200 P 202606   392.5 (주간)",,,,,,"0.00",,"0","0.0","8"
"C0166395","코스피200 P 202606   395.0 (야간)",,,,,,"0.00",,"0","0.0","7"
"C0166395","코스피200 P 202606   395.0 (주간)",,,,,,"0.00",,"0","0.0","7"
"C0166397","코스피200 P 202606   397.5 (야간)",,,,,,"0.00",,"0","0.0","8"
"C0166397","코스피200 P 202606   397.5 (주간)",,,,,,"0.00",,"0","0.0","8"
"C0166400","코스피200 P 202606   400.0 (야간)",,,,,,"0.00",,"0","0.0","4801"
"C0166400","코스피200 P 202606   400.0 (주간)",,,,,,"0.00",,"0","0.0","4801"
"C0166402","코스피200 P 202606   402.5 (야간)",,,,,,"0.00",,"0","0.0","7"
"C0166402","코스피200 P 202606   402.5 (주간)",,,,,,"0.00",,"0","0.0","7"
"C0166405","코스피200 P 202606   405.0 (야간)",,,,,,"0.00",,"0","0.0","540"
"C0166405","코스피200 P 202606   405.0 (주간)",,,,,,"0.00",,"0","0.0","540"
"C0166407","코스피200 P 202606   407.5 (야간)",,,,,,"0.00",,"0","0.0","7"
"C0166407","코스피200 P 202606   407.5 (주간)",,,,,,"0.00",,"0","0.0","7"
"C0166410","코스피200 P 202606   410.0 (야간)",,,,,,"0.00",,"0","0.0","1427"
"C0166410","코스피200 P 202606   410.0 (주간)",,,,,,"0.00",,"0","0.0","1427"
"C0166412","코스피200 P 202606   412.5 (야간)",,,,,,"0.00",,"0","0.0","6"
"C0166412","코스피200 P 202606   412.5 (주간)",,,,,,"0.00",,"0","0.0","6"
"C0166415","코스피200 P 202606   415.0 (야간)",,,,,,"0.00",,"0","0.0","28"
"C0166415","코스피200 P 202606   415.0 (주간)",,,,,,"0.00",,"0","0.0","28"
"C0166417","코스피200 P 202606   417.5 (야간)",,,,,,"0.00",,"0","0.0","7"
"C0166417","코스피200 P 202606   417.5 (주간)",,,,,,"0.00",,"0","0.0","7"
"C0166420","코스피200 P 202606   420.0 (야간)",,,,,,"0.00",,"0","0.0","764"
"C0166420","코스피200 P 202606   420.0 (주간)","0.65","-0.12","0.65","0.65","0.65","0.00",,"5","1.0","768"
"C0166422","코스피200 P 202606   422.5 (야간)",,,,,,"0.00",,"0","0.0","4"
"C0166422","코스피200 P 202606   422.5 (주간)",,,,,,"0.00",,"0","0.0","4"
"C0166425","코스피200 P 202606   425.0 (야간)",,,,,,"0.00",,"0","0.0","257"
"C0166425","코스피200 P 202606   425.0 (주간)",,,,,,"0.00",,"0","0.0","257"
"C0166427","코스피200 P 202606   427.5 (야간)",,,,,,"0.00",,"0","0.0","1"
"C0166427","코스피200 P 202606   427.5 (주간)",,,,,,"0.00",,"0","0.0","1"
"C0166430","코스피200 P 202606   430.0 (야간)",,,,,,"0.00",,"0","0.0","1661"
"C0166430","코스피200 P 202606   430.0 (주간)",,,,,,"0.00",,"0","0.0","1661"
"C0166432","코스피200 P 202606   432.5 (야간)",,,,,,"0.00",,"0","0.0","4"
"C0166432","코스피200 P 202606   432.5 (주간)",,,,,,"0.00",,"0","0.0","4"
"C0166435","코스피200 P 202606   435.0 (야간)",,,,,,"0.00",,"0","0.0","259"
"C0166435","코스피200 P 202606   435.0 (주간)",,,,,,"0.00",,"0","0.0","259"
"C0166437","코스피200 P 202606   437.5 (야간)",,,,,,"0.00",,"0","0.0","9"
"C0166437","코스피200 P 202606   437.5 (주간)",,,,,,"0.00",,"0","0.0","9"
"C0166440","코스피200 P 202606   440.0 (야간)",,,,,,"0.00",,"0","0.0","283"
"C0166440","코스피200 P 202606   440.0 (주간)",,,,,,"0.00",,"0","0.0","283"
"C0166442","코스피200 P 202606   442.5 (야간)",,,,,,"0.00",,"0","0.0","2"
"C0166442","코스피200 P 202606   442.5 (주간)",,,,,,"0.00",,"0","0.0","2"
"C0166445","코스피200 P 202606   445.0 (야간)",,,,,,"0.00",,"0","0.0","24"
"C0166445","코스피200 P 202606   445.0 (주간)",,,,,,"0.00",,"0","0.0","24"
"C0166447","코스피200 P 202606   447.5 (야간)",,,,,,"0.00",,"0","0.0","1"
"C0166447","코스피200 P 202606   447.5 (주간)",,,,,,"0.00",,"0","0.0","1"
"C0166450","코스피200 P 202606   450.0 (야간)",,,,,,"0.00",,"0","0.0","3123"
"C0166450","코스피200 P 202606   450.0 (주간)","0.90","-0.04","0.93","0.93","0.90","0.00",,"5","1.0","3123"
"C0166452","코스피200 P 202606   452.5 (야간)",,,,,,"0.00",,"0","0.0","0"
"C0166452","코스피200 P 202606   452.5 (주간)","0.95","-0.01","0.95","0.95","0.95","0.00",,"4","1.0","4"
"C0166455","코스피200 P 202606   455.0 (야간)",,,,,,"0.00",,"0","0.0","1066"
"C0166455","코스피200 P 202606   455.0 (주간)",,,,,,"0.00",,"0","0.0","1066"
"C0166457","코스피200 P 202606   457.5 (야간)",,,,,,"0.00",,"0","0.0","2"
"C0166457","코스피200 P 202606   457.5 (주간)",,,,,,"0.00",,"0","0.0","2"
"C0166460","코스피200 P 202606   460.0 (야간)",,,,,,"0.00",,"0","0.0","1307"
"C0166460","코스피200 P 202606   460.0 (주간)",,,,,,"0.00",,"0","0.0","1307"
"C0166462","코스피200 P 202606   462.5 (야간)",,,,,,"0.00",,"0","0.0","1"
"C0166462","코스피200 P 202606   462.5 (주간)",,,,,,"0.00",,"0","0.0","1"
"C0166465","코스피200 P 202606   465.0 (야간)",,,,,,"0.00",,"0","0.0","26"
"C0166465","코스피200 P 202606   465.0 (주간)",,,,,,"0.00",,"0","0.0","26"
"C0166467","코스피200 P 202606   467.5 (야간)",,,,,,"0.00",,"0","0.0","1"
"C0166467","코스피200 P 202606   467.5 (주간)",,,,,,"0.00",,"0","0.0","1"
"C0166470","코스피200 P 202606   470.0 (야간)",,,,,,"0.00",,"0","0.0","1702"
"C0166470","코스피200 P 202606   470.0 (주간)",,,,,,"0.00",,"0","0.0","1702"
"C0166472","코스피200 P 202606   472.5 (야간)",,,,,,"0.00",,"0","0.0","2"
"C0166472","코스피200 P 202606   472.5 (주간)",,,,,,"0.00",,"0","0.0","2"
"C0166475","코스피200 P 202606   475.0 (야간)",,,,,,"0.00",,"0","0.0","2212"
"C0166475","코스피200 P 202606   475.0 (주간)","1.17","0.03","1.17","1.17","1.17","0.00",,"4","1.0","2214"
"C0166477","코스피200 P 202606   477.5 (야간)",,,,,,"0.00",,"0","0.0","2"
"C0166477","코스피200 P 202606   477.5 (주간)",,,,,,"0.00",,"0","0.0","2"
"C0166480","코스피200 P 202606   480.0 (야간)",,,,,,"0.00",,"0","0.0","2809"
"C0166480","코스피200 P 202606   480.0 (주간)",,,,,,"0.00",,"0","0.0","2809"
"C0166482","코스피200 P 202606   482.5 (야간)",,,,,,"0.00",,"0","0.0","1"
"C0166482","코스피200 P 202606   482.5 (주간)",,,,,,"0.00",,"0","0.0","1"
"C0166485","코스피200 P 202606   485.0 (야간)",,,,,,"0.00",,"0","0.0","4"
"C0166485","코스피200 P 202606   485.0 (주간)","1.23","-0.06","1.23","1.23","1.23","0.00",,"1","0.0","5"
"C0166487","코스피200 P 202606   487.5 (야간)",,,,,,"0.00",,"0","0.0","0"
"C0166487","코스피200 P 202606   487.5 (주간)",,,,,,"0.00",,"0","0.0","0"
"C0166490","코스피200 P 202606   490.0 (야간)",,,,,,"0.00",,"0","0.0","459"
"C0166490","코스피200 P 202606   490.0 (주간)",,,,,,"0.00",,"0","0.0","459"
"C0166492","코스피200 P 202606   492.5 (야간)",,,,,,"0.00",,"0","0.0","1"
"C0166492","코스피200 P 202606   492.5 (주간)",,,,,,"0.00",,"0","0.0","1"
"C0166495","코스피200 P 202606   495.0 (야간)",,,,,,"0.00",,"0","0.0","5"
"C0166495","코스피200 P 202606   495.0 (주간)",,,,,,"0.00",,"0","0.0","5"
"C0166497","코스피200 P 202606   497.5 (야간)",,,,,,"0.00",,"0","0.0","2"
"C0166497","코스피200 P 202606   497.5 (주간)",,,,,,"0.00",,"0","0.0","2"
"C0166500","코스피200 P 202606   500.0 (야간)",,,,,,"0.00",,"0","0.0","5820"
"C0166500","코스피200 P 202606   500.0 (주간)","1.47","-0.13","1.41","1.47","1.41","0.00",,"2","1.0","5820"
"C0166502","코스피200 P 202606   502.5 (야간)",,,,,,"0.00",,"0","0.0","0"
"C0166502","코스피200 P 202606   502.5 (주간)",,,,,,"0.00",,"0","0.0","0"
"C0166505","코스피200 P 202606   505.0 (야간)",,,,,,"0.00",,"0","0.0","595"
"C0166505","코스피200 P 202606   505.0 (주간)",,,,,,"0.00",,"0","0.0","595"
"C0166507","코스피200 P 202606   507.5 (야간)",,,,,,"0.00",,"0","0.0","3"
"C0166507","코스피200 P 202606   507.5 (주간)",,,,,,"0.00",,"0","0.0","3"
"C0166510","코스피200 P 202606   510.0 (야간)",,,,,,"0.00",,"0","0.0","161"
"C0166510","코스피200 P 202606   510.0 (주간)",,,,,,"0.00",,"0","0.0","161"
"C0166512","코스피200 P 202606   512.5 (야간)",,,,,,"0.00",,"0","0.0","1"
"C0166512","코스피200 P 202606   512.5 (주간)",,,,,,"0.00",,"0","0.0","1"
"C0166515","코스피200 P 202606   515.0 (야간)",,,,,,"0.00",,"0","0.0","197"
"C0166515","코스피200 P 202606   515.0 (주간)",,,,,,"0.00",,"0","0.0","197"
"C0166517","코스피200 P 202606   517.5 (야간)",,,,,,"0.00",,"0","0.0","0"
"C0166517","코스피200 P 202606   517.5 (주간)",,,,,,"0.00",,"0","0.0","0"
"C0166520","코스피200 P 202606   520.0 (야간)",,,,,,"0.00",,"0","0.0","4239"
"C0166520","코스피200 P 202606   520.0 (주간)",,,,,,"0.00",,"0","0.0","4239"
"C0166522","코스피200 P 202606   522.5 (야간)",,,,,,"0.00",,"0","0.0","2"
"C0166522","코스피200 P 202606   522.5 (주간)",,,,,,"0.00",,"0","0.0","2"
"C0166525","코스피200 P 202606   525.0 (야간)",,,,,,"0.00",,"0","0.0","1379"
"C0166525","코스피200 P 202606   525.0 (주간)",,,,,,"0.00",,"0","0.0","1379"
"C0166527","코스피200 P 202606   527.5 (야간)",,,,,,"0.00",,"0","0.0","3"
"C0166527","코스피200 P 202606   527.5 (주간)",,,,,,"0.00",,"0","0.0","3"
"C0166530","코스피200 P 202606   530.0 (야간)",,,,,,"0.00",,"0","0.0","1010"
"C0166530","코스피200 P 202606   530.0 (주간)",,,,,,"0.00",,"0","0.0","1010"
"C0166532","코스피200 P 202606   532.5 (야간)",,,,,,"0.00",,"0","0.0","3"
"C0166532","코스피200 P 202606   532.5 (주간)",,,,,,"0.00",,"0","0.0","3"
"C0166535","코스피200 P 202606   535.0 (야간)",,,,,,"0.00",,"0","0.0","1023"
"C0166535","코스피200 P 202606   535.0 (주간)",,,,,,"0.00",,"0","0.0","1023"
"C0166537","코스피200 P 202606   537.5 (야간)",,,,,,"0.00",,"0","0.0","3"
"C0166537","코스피200 P 202606   537.5 (주간)",,,,,,"0.00",,"0","0.0","3"
"C0166540","코스피200 P 202606   540.0 (야간)",,,,,,"0.00",,"0","0.0","454"
"C0166540","코스피200 P 202606   540.0 (주간)",,,,,,"0.00",,"0","0.0","454"
"C0166542","코스피200 P 202606   542.5 (야간)",,,,,,"0.00",,"0","0.0","0"
"C0166542","코스피200 P 202606   542.5 (주간)",,,,,,"0.00",,"0","0.0","0"
"C0166545","코스피200 P 202606   545.0 (야간)",,,,,,"0.00",,"0","0.0","15"
"C0166545","코스피200 P 202606   545.0 (주간)",,,,,,"0.00",,"0","0.0","15"
"C0166547","코스피200 P 202606   547.5 (야간)",,,,,,"0.00",,"0","0.0","2"
"C0166547","코스피200 P 202606   547.5 (주간)",,,,,,"0.00",,"0","0.0","2"
"C0166550","코스피200 P 202606   550.0 (야간)",,,,,,"0.00",,"0","0.0","1923"
"C0166550","코스피200 P 202606   550.0 (주간)","2.25","-0.36","2.14","2.25","2.14","0.00",,"5","3.0","1926"
"C0166552","코스피200 P 202606   552.5 (야간)",,,,,,"0.00",,"0","0.0","0"
"C0166552","코스피200 P 202606   552.5 (주간)",,,,,,"0.00",,"0","0.0","0"
"C0166555","코스피200 P 202606   555.0 (야간)",,,,,,"0.00",,"0","0.0","5"
"C0166555","코스피200 P 202606   555.0 (주간)",,,,,,"0.00",,"0","0.0","5"
"C0166557","코스피200 P 202606   557.5 (야간)",,,,,,"0.00",,"0","0.0","0"
"C0166557","코스피200 P 202606   557.5 (주간)",,,,,,"0.00",,"0","0.0","0"
"C0166560","코스피200 P 202606   560.0 (야간)",,,,,,"0.00",,"0","0.0","1819"
"C0166560","코스피200 P 202606   560.0 (주간)",,,,,,"0.00",,"0","0.0","1819"
"C0166562","코스피200 P 202606   562.5 (야간)",,,,,,"0.00",,"0","0.0","2"
"C0166562","코스피200 P 202606   562.5 (주간)",,,,,,"0.00",,"0","0.0","2"
"C0166565","코스피200 P 202606   565.0 (야간)",,,,,,"0.00",,"0","0.0","505"
"C0166565","코스피200 P 202606   565.0 (주간)",,,,,,"0.00",,"0","0.0","505"
"C0166567","코스피200 P 202606   567.5 (야간)",,,,,,"0.00",,"0","0.0","2"
"C0166567","코스피200 P 202606   567.5 (주간)",,,,,,"0.00",,"0","0.0","2"
"C0166570","코스피200 P 202606   570.0 (야간)",,,,,,"0.00",,"0","0.0","1649"
"C0166570","코스피200 P 202606   570.0 (주간)",,,,,,"0.00",,"0","0.0","1649"
"C0166572","코스피200 P 202606   572.5 (야간)",,,,,,"0.00",,"0","0.0","2"
"C0166572","코스피200 P 202606   572.5 (주간)",,,,,,"0.00",,"0","0.0","2"
"C0166575","코스피200 P 202606   575.0 (야간)",,,,,,"0.00",,"0","0.0","5350"
"C0166575","코스피200 P 202606   575.0 (주간)",,,,,,"0.00",,"0","0.0","5350"
"C0166577","코스피200 P 202606   577.5 (야간)",,,,,,"0.00",,"0","0.0","2"
"C0166577","코스피200 P 202606   577.5 (주간)",,,,,,"0.00",,"0","0.0","2"
"C0166580","코스피200 P 202606   580.0 (야간)",,,,,,"0.00",,"0","0.0","739"
"C0166580","코스피200 P 202606   580.0 (주간)","2.98","-0.08","2.84","2.98","2.84","0.00",,"8","6.0","740"
"C0166582","코스피200 P 202606   582.5 (야간)",,,,,,"0.00",,"0","0.0","1"
"C0166582","코스피200 P 202606   582.5 (주간)",,,,,,"0.00",,"0","0.0","1"
"C0166585","코스피200 P 202606   585.0 (야간)",,,,,,"0.00",,"0","0.0","1867"
"C0166585","코스피200 P 202606   585.0 (주간)",,,,,,"0.00",,"0","0.0","1867"
"C0166587","코스피200 P 202606   587.5 (야간)",,,,,,"0.00",,"0","0.0","2"
"C0166587","코스피200 P 202606   587.5 (주간)",,,,,,"0.00",,"0","0.0","2"
"C0166590","코스피200 P 202606   590.0 (야간)",,,,,,"0.00",,"0","0.0","1780"
"C0166590","코스피200 P 202606   590.0 (주간)",,,,,,"0.00",,"0","0.0","1780"
"C0166592","코스피200 P 202606   592.5 (야간)",,,,,,"0.00",,"0","0.0","4"
"C0166592","코스피200 P 202606   592.5 (주간)",,,,,,"0.00",,"0","0.0","4"
"C0166595","코스피200 P 202606   595.0 (야간)",,,,,,"0.00",,"0","0.0","339"
"C0166595","코스피200 P 202606   595.0 (주간)",,,,,,"0.00",,"0","0.0","339"
"C0166597","코스피200 P 202606   597.5 (야간)",,,,,,"0.00",,"0","0.0","0"
"C0166597","코스피200 P 202606   597.5 (주간)",,,,,,"0.00",,"0","0.0","0"
"C0166600","코스피200 P 202606   600.0 (야간)",,,,,,"0.00",,"0","0.0","5149"
"C0166600","코스피200 P 202606   600.0 (주간)","3.48","-0.21","3.48","3.48","3.48","0.00",,"1","1.0","5149"
"C0166602","코스피200 P 202606   602.5 (야간)",,,,,,"0.00",,"0","0.0","3"
"C0166602","코스피200 P 202606   602.5 (주간)",,,,,,"0.00",,"0","0.0","3"
"C0166605","코스피200 P 202606   605.0 (야간)",,,,,,"0.00",,"0","0.0","2"
"C0166605","코스피200 P 202606   605.0 (주간)",,,,,,"0.00",,"0","0.0","2"
"C0166607","코스피200 P 202606   607.5 (야간)",,,,,,"0.00",,"0","0.0","0"
"C0166607","코스피200 P 202606   607.5 (주간)",,,,,,"0.00",,"0","0.0","0"
"C0166610","코스피200 P 202606   610.0 (야간)",,,,,,"0.00",,"0","0.0","204"
"C0166610","코스피200 P 202606   610.0 (주간)",,,,,,"0.00",,"0","0.0","204"
"C0166612","코스피200 P 202606   612.5 (야간)",,,,,,"0.00",,"0","0.0","0"
"C0166612","코스피200 P 202606   612.5 (주간)",,,,,,"0.00",,"0","0.0","0"
"C0166615","코스피200 P 202606   615.0 (야간)",,,,,,"0.00",,"0","0.0","198"
"C0166615","코스피200 P 202606   615.0 (주간)","4.05","-0.23","3.66","4.05","3.66","0.00",,"2","2.0","200"
"C0166617","코스피200 P 202606   617.5 (야간)",,,,,,"0.00",,"0","0.0","1"
"C0166617","코스피200 P 202606   617.5 (주간)",,,,,,"0.00",,"0","0.0","1"
"C0166620","코스피200 P 202606   620.0 (야간)",,,,,,"0.00",,"0","0.0","622"
"C0166620","코스피200 P 202606   620.0 (주간)",,,,,,"0.00",,"0","0.0","622"
"C0166622","코스피200 P 202606   622.5 (야간)",,,,,,"0.00",,"0","0.0","0"
"C0166622","코스피200 P 202606   622.5 (주간)",,,,,,"0.00",,"0","0.0","0"
"C0166625","코스피200 P 202606   625.0 (야간)",,,,,,"0.00",,"0","0.0","2622"
"C0166625","코스피200 P 202606   625.0 (주간)",,,,,,"0.00",,"0","0.0","2622"
"C0166627","코스피200 P 202606   627.5 (야간)",,,,,,"0.00",,"0","0.0","1"
"C0166627","코스피200 P 202606   627.5 (주간)",,,,,,"0.00",,"0","0.0","1"
"C0166630","코스피200 P 202606   630.0 (야간)",,,,,,"0.00",,"0","0.0","195"
"C0166630","코스피200 P 202606   630.0 (주간)",,,,,,"0.00",,"0","0.0","195"
"C0166632","코스피200 P 202606   632.5 (야간)",,,,,,"0.00",,"0","0.0","2"
"C0166632","코스피200 P 202606   632.5 (주간)",,,,,,"0.00",,"0","0.0","2"
"C0166635","코스피200 P 202606   635.0 (야간)",,,,,,"0.00",,"0","0.0","10"
"C0166635","코스피200 P 202606   635.0 (주간)",,,,,,"0.00",,"0","0.0","10"
"C0166637","코스피200 P 202606   637.5 (야간)",,,,,,"0.00",,"0","0.0","3"
"C0166637","코스피200 P 202606   637.5 (주간)",,,,,,"0.00",,"0","0.0","3"
"C0166640","코스피200 P 202606   640.0 (야간)",,,,,,"0.00",,"0","0.0","1544"
"C0166640","코스피200 P 202606   640.0 (주간)","5.25","0.25","5.25","5.25","5.25","0.00",,"2","3.0","1543"
"C0166642","코스피200 P 202606   642.5 (야간)",,,,,,"0.00",,"0","0.0","2"
"C0166642","코스피200 P 202606   642.5 (주간)",,,,,,"0.00",,"0","0.0","2"
"C0166645","코스피200 P 202606   645.0 (야간)",,,,,,"0.00",,"0","0.0","139"
"C0166645","코스피200 P 202606   645.0 (주간)",,,,,,"0.00",,"0","0.0","139"
"C0166647","코스피200 P 202606   647.5 (야간)",,,,,,"0.00",,"0","0.0","0"
"C0166647","코스피200 P 202606   647.5 (주간)",,,,,,"0.00",,"0","0.0","0"
"C0166650","코스피200 P 202606   650.0 (야간)",,,,,,"0.00",,"0","0.0","4977"
"C0166650","코스피200 P 202606   650.0 (주간)","5.70","-0.40","5.48","5.70","5.47","0.00",,"13","18.0","4979"
"C0166652","코스피200 P 202606   652.5 (야간)",,,,,,"0.00",,"0","0.0","0"
"C0166652","코스피200 P 202606   652.5 (주간)",,,,,,"0.00",,"0","0.0","0"
"C0166655","코스피200 P 202606   655.0 (야간)",,,,,,"0.00",,"0","0.0","506"
"C0166655","코스피200 P 202606   655.0 (주간)",,,,,,"0.00",,"0","0.0","506"
"C0166657","코스피200 P 202606   657.5 (야간)",,,,,,"0.00",,"0","0.0","0"
"C0166657","코스피200 P 202606   657.5 (주간)",,,,,,"0.00",,"0","0.0","0"
"C0166660","코스피200 P 202606   660.0 (야간)",,,,,,"0.00",,"0","0.0","1215"
"C0166660","코스피200 P 202606   660.0 (주간)",,,,,,"0.00",,"0","0.0","1215"
"C0166662","코스피200 P 202606   662.5 (야간)",,,,,,"0.00",,"0","0.0","0"
"C0166662","코스피200 P 202606   662.5 (주간)",,,,,,"0.00",,"0","0.0","0"
"C0166665","코스피200 P 202606   665.0 (야간)",,,,,,"0.00",,"0","0.0","3"
"C0166665","코스피200 P 202606   665.0 (주간)",,,,,,"0.00",,"0","0.0","3"
"C0166667","코스피200 P 202606   667.5 (야간)",,,,,,"0.00",,"0","0.0","0"
"C0166667","코스피200 P 202606   667.5 (주간)",,,,,,"0.00",,"0","0.0","0"
"C0166670","코스피200 P 202606   670.0 (야간)",,,,,,"0.00",,"0","0.0","2126"
"C0166670","코스피200 P 202606   670.0 (주간)",,,,,,"0.00",,"0","0.0","2126"
"C0166672","코스피200 P 202606   672.5 (야간)",,,,,,"0.00",,"0","0.0","0"
"C0166672","코스피200 P 202606   672.5 (주간)",,,,,,"0.00",,"0","0.0","0"
"C0166675","코스피200 P 202606   675.0 (야간)",,,,,,"0.00",,"0","0.0","489"
"C0166675","코스피200 P 202606   675.0 (주간)",,,,,,"0.00",,"0","0.0","489"
"C0166677","코스피200 P 202606   677.5 (야간)",,,,,,"0.00",,"0","0.0","8"
"C0166677","코스피200 P 202606   677.5 (주간)",,,,,,"0.00",,"0","0.0","8"
"C0166680","코스피200 P 202606   680.0 (야간)",,,,,,"0.00",,"0","0.0","684"
"C0166680","코스피200 P 202606   680.0 (주간)","7.50","-0.50","7.50","7.50","7.50","0.00",,"4","8.0","688"
"C0166682","코스피200 P 202606   682.5 (야간)",,,,,,"0.00",,"0","0.0","5"
"C0166682","코스피200 P 202606   682.5 (주간)",,,,,,"0.00",,"0","0.0","5"
"C0166685","코스피200 P 202606   685.0 (야간)",,,,,,"0.00",,"0","0.0","12"
"C0166685","코스피200 P 202606   685.0 (주간)",,,,,,"0.00",,"0","0.0","12"
"C0166687","코스피200 P 202606   687.5 (야간)",,,,,,"0.00",,"0","0.0","7"
"C0166687","코스피200 P 202606   687.5 (주간)",,,,,,"0.00",,"0","0.0","7"
"C0166690","코스피200 P 202606   690.0 (야간)",,,,,,"0.00",,"0","0.0","515"
"C0166690","코스피200 P 202606   690.0 (주간)",,,,,,"0.00",,"0","0.0","515"
"C0166692","코스피200 P 202606   692.5 (야간)",,,,,,"0.00",,"0","0.0","5"
"C0166692","코스피200 P 202606   692.5 (주간)",,,,,,"0.00",,"0","0.0","5"
"C0166695","코스피200 P 202606   695.0 (야간)",,,,,,"0.00",,"0","0.0","10"
"C0166695","코스피200 P 202606   695.0 (주간)",,,,,,"0.00",,"0","0.0","10"
"C0166697","코스피200 P 202606   697.5 (야간)",,,,,,"0.00",,"0","0.0","5"
"C0166697","코스피200 P 202606   697.5 (주간)",,,,,,"0.00",,"0","0.0","5"
"C0166700","코스피200 P 202606   700.0 (야간)",,,,,,"0.00",,"0","0.0","10248"
"C0166700","코스피200 P 202606   700.0 (주간)","7.77","-2.43","7.77","7.77","7.77","0.00",,"1","2.0","10248"
"C0166702","코스피200 P 202606   702.5 (야간)",,,,,,"0.00",,"0","0.0","0"
"C0166702","코스피200 P 202606   702.5 (주간)",,,,,,"0.00",,"0","0.0","0"
"C0166705","코스피200 P 202606   705.0 (야간)",,,,,,"0.00",,"0","0.0","65"
"C0166705","코스피200 P 202606   705.0 (주간)",,,,,,"0.00",,"0","0.0","65"
"C0166707","코스피200 P 202606   707.5 (야간)",,,,,,"0.00",,"0","0.0","13"
"C0166707","코스피200 P 202606   707.5 (주간)",,,,,,"0.00",,"0","0.0","13"
"C0166710","코스피200 P 202606   710.0 (야간)",,,,,,"0.00",,"0","0.0","913"
"C0166710","코스피200 P 202606   710.0 (주간)",,,,,,"0.00",,"0","0.0","913"
"C0166712","코스피200 P 202606   712.5 (야간)",,,,,,"0.00",,"0","0.0","0"
"C0166712","코스피200 P 202606   712.5 (주간)",,,,,,"0.00",,"0","0.0","0"
"C0166715","코스피200 P 202606   715.0 (야간)",,,,,,"0.00",,"0","0.0","575"
"C0166715","코스피200 P 202606   715.0 (주간)",,,,,,"0.00",,"0","0.0","575"
"C0166717","코스피200 P 202606   717.5 (야간)",,,,,,"0.00",,"0","0.0","5"
"C0166717","코스피200 P 202606   717.5 (주간)",,,,,,"0.00",,"0","0.0","5"
"C0166720","코스피200 P 202606   720.0 (야간)",,,,,,"0.00",,"0","0.0","2581"
"C0166720","코스피200 P 202606   720.0 (주간)","10.40","-1.70","10.40","10.40","10.40","0.00",,"1","3.0","2581"
"C0166722","코스피200 P 202606   722.5 (야간)",,,,,,"0.00",,"0","0.0","0"
"C0166722","코스피200 P 202606   722.5 (주간)",,,,,,"0.00",,"0","0.0","0"
"C0166725","코스피200 P 202606   725.0 (야간)",,,,,,"0.00",,"0","0.0","598"
"C0166725","코스피200 P 202606   725.0 (주간)",,,,,,"0.00",,"0","0.0","598"
"C0166727","코스피200 P 202606   727.5 (야간)",,,,,,"0.00",,"0","0.0","0"
"C0166727","코스피200 P 202606   727.5 (주간)",,,,,,"0.00",,"0","0.0","0"
"C0166730","코스피200 P 202606   730.0 (야간)",,,,,,"0.00",,"0","0.0","3852"
"C0166730","코스피200 P 202606   730.0 (주간)",,,,,,"0.00",,"0","0.0","3852"
"C0166732","코스피200 P 202606   732.5 (야간)",,,,,,"0.00",,"0","0.0","12"
"C0166732","코스피200 P 202606   732.5 (주간)",,,,,,"0.00",,"0","0.0","12"
"C0166735","코스피200 P 202606   735.0 (야간)",,,,,,"0.00",,"0","0.0","650"
"C0166735","코스피200 P 202606   735.0 (주간)",,,,,,"0.00",,"0","0.0","650"
"C0166737","코스피200 P 202606   737.5 (야간)",,,,,,"0.00",,"0","0.0","0"
"C0166737","코스피200 P 202606   737.5 (주간)",,,,,,"0.00",,"0","0.0","0"
"C0166740","코스피200 P 202606   740.0 (야간)",,,,,,"0.00",,"0","0.0","876"
"C0166740","코스피200 P 202606   740.0 (주간)",,,,,,"0.00",,"0","0.0","876"
"C0166742","코스피200 P 202606   742.5 (야간)",,,,,,"0.00",,"0","0.0","0"
"C0166742","코스피200 P 202606   742.5 (주간)",,,,,,"0.00",,"0","0.0","0"
"C0166745","코스피200 P 202606   745.0 (야간)",,,,,,"0.00",,"0","0.0","4"
"C0166745","코스피200 P 202606   745.0 (주간)","12.50","-2.15","12.50","12.50","12.50","0.00",,"1","3.0","4"
"C0166747","코스피200 P 202606   747.5 (야간)",,,,,,"0.00",,"0","0.0","1"
"C0166747","코스피200 P 202606   747.5 (주간)",,,,,,"0.00",,"0","0.0","1"
"C0166750","코스피200 P 202606   750.0 (야간)",,,,,,"0.00",,"0","0.0","3504"
"C0166750","코스피200 P 202606   750.0 (주간)","12.70","-3.00","12.70","12.70","12.70","0.00",,"1","3.0","3505"
"C0166752","코스피200 P 202606   752.5 (야간)",,,,,,"0.00",,"0","0.0","0"
"C0166752","코스피200 P 202606   752.5 (주간)",,,,,,"0.00",,"0","0.0","0"
"C0166755","코스피200 P 202606   755.0 (야간)",,,,,,"0.00",,"0","0.0","10"
"C0166755","코스피200 P 202606   755.0 (주간)",,,,,,"0.00",,"0","0.0","10"
"C0166757","코스피200 P 202606   757.5 (야간)",,,,,,"0.00",,"0","0.0","0"
"C0166757","코스피200 P 202606   757.5 (주간)",,,,,,"0.00",,"0","0.0","0"
"C0166760","코스피200 P 202606   760.0 (야간)",,,,,,"0.00",,"0","0.0","429"
"C0166760","코스피200 P 202606   760.0 (주간)","15.20","-1.50","14.30","15.20","14.30","0.00",,"4","15.0","429"
"C0166762","코스피200 P 202606   762.5 (야간)",,,,,,"0.00",,"0","0.0","0"
"C0166762","코스피200 P 202606   762.5 (주간)",,,,,,"0.00",,"0","0.0","0"
"C0166765","코스피200 P 202606   765.0 (야간)",,,,,,"0.00",,"0","0.0","0"
"C0166765","코스피200 P 202606   765.0 (주간)",,,,,,"0.00",,"0","0.0","0"
"C0166767","코스피200 P 202606   767.5 (야간)",,,,,,"0.00",,"0","0.0","0"
"C0166767","코스피200 P 202606   767.5 (주간)",,,,,,"0.00",,"0","0.0","0"
"C0166770","코스피200 P 202606   770.0 (야간)",,,,,,"0.00",,"0","0.0","4"
"C0166770","코스피200 P 202606   770.0 (주간)",,,,,,"0.00",,"0","0.0","4"
"C0166772","코스피200 P 202606   772.5 (야간)",,,,,,"0.00",,"0","0.0","0"
"C0166772","코스피200 P 202606   772.5 (주간)",,,,,,"0.00",,"0","0.0","0"
"C0166775","코스피200 P 202606   775.0 (야간)",,,,,,"0.00",,"0","0.0","889"
"C0166775","코스피200 P 202606   775.0 (주간)",,,,,,"0.00",,"0","0.0","889"
"C0166777","코스피200 P 202606   777.5 (야간)",,,,,,"0.00",,"0","0.0","0"
"C0166777","코스피200 P 202606   777.5 (주간)",,,,,,"0.00",,"0","0.0","0"
"C0166780","코스피200 P 202606   780.0 (야간)",,,,,,"0.00",,"0","0.0","681"
"C0166780","코스피200 P 202606   780.0 (주간)",,,,,,"0.00",,"0","0.0","681"
"C0166782","코스피200 P 202606   782.5 (야간)",,,,,,"0.00",,"0","0.0","0"
"C0166782","코스피200 P 202606   782.5 (주간)",,,,,,"0.00",,"0","0.0","0"
"C0166785","코스피200 P 202606   785.0 (야간)",,,,,,"0.00",,"0","0.0","185"
"C0166785","코스피200 P 202606   785.0 (주간)",,,,,,"0.00",,"0","0.0","185"
"C0166787","코스피200 P 202606   787.5 (야간)",,,,,,"0.00",,"0","0.0","5"
"C0166787","코스피200 P 202606   787.5 (주간)",,,,,,"0.00",,"0","0.0","5"
"C0166790","코스피200 P 202606   790.0 (야간)",,,,,,"0.00",,"0","0.0","1"
"C0166790","코스피200 P 202606   790.0 (주간)",,,,,,"0.00",,"0","0.0","1"
"C0166792","코스피200 P 202606   792.5 (야간)","22.85","0.30","22.85","22.85","22.85","0.00",,"1","6.0","2"
"C0166792","코스피200 P 202606   792.5 (주간)",,,,,,"0.00",,"0","0.0","2"
"C0166795","코스피200 P 202606   795.0 (야간)",,,,,,"0.00",,"0","0.0","0"
"C0166795","코스피200 P 202606   795.0 (주간)",,,,,,"0.00",,"0","0.0","0"
"C0166797","코스피200 P 202606   797.5 (야간)",,,,,,"0.00",,"0","0.0","0"
"C0166797","코스피200 P 202606   797.5 (주간)",,,,,,"0.00",,"0","0.0","0"
"C0166800","코스피200 P 202606   800.0 (야간)",,,,,,"0.00",,"0","0.0","4864"
"C0166800","코스피200 P 202606   800.0 (주간)","21.85","-3.80","21.90","21.90","21.30","0.00",,"9","49.0","4857"
"C0166802","코스피200 P 202606   802.5 (야간)",,,,,,"0.00",,"0","0.0","0"
"C0166802","코스피200 P 202606   802.5 (주간)",,,,,,"0.00",,"0","0.0","0"
"C0166805","코스피200 P 202606   805.0 (야간)",,,,,,"0.00",,"0","0.0","6"
"C0166805","코스피200 P 202606   805.0 (주간)",,,,,,"0.00",,"0","0.0","6"
"C0166807","코스피200 P 202606   807.5 (야간)",,,,,,"0.00",,"0","0.0","0"
"C0166807","코스피200 P 202606   807.5 (주간)",,,,,,"0.00",,"0","0.0","0"
"C0166810","코스피200 P 202606   810.0 (야간)",,,,,,"0.00",,"0","0.0","557"
"C0166810","코스피200 P 202606   810.0 (주간)","23.85","-4.50","23.85","23.85","23.85","0.00",,"4","24.0","557"
"C0166812","코스피200 P 202606   812.5 (야간)",,,,,,"0.00",,"0","0.0","2"
"C0166812","코스피200 P 202606   812.5 (주간)",,,,,,"0.00",,"0","0.0","2"
"C0166815","코스피200 P 202606   815.0 (야간)",,,,,,"0.00",,"0","0.0","232"
"C0166815","코스피200 P 202606   815.0 (주간)",,,,,,"0.00",,"0","0.0","232"
"C0166817","코스피200 P 202606   817.5 (야간)",,,,,,"0.00",,"0","0.0","0"
"C0166817","코스피200 P 202606   817.5 (주간)",,,,,,"0.00",,"0","0.0","0"
"C0166820","코스피200 P 202606   820.0 (야간)",,,,,,"0.00",,"0","0.0","885"
"C0166820","코스피200 P 202606   820.0 (주간)","25.80","-3.90","25.00","25.80","25.00","0.00",,"2","13.0","884"
"C0166822","코스피200 P 202606   822.5 (야간)",,,,,,"0.00",,"0","0.0","3"
"C0166822","코스피200 P 202606   822.5 (주간)","25.35","-5.70","25.35","25.35","25.35","0.00",,"1","6.0","4"
"C0166825","코스피200 P 202606   825.0 (야간)",,,,,,"0.00",,"0","0.0","207"
"C0166825","코스피200 P 202606   825.0 (주간)",,,,,,"0.00",,"0","0.0","207"
"C0166827","코스피200 P 202606   827.5 (야간)",,,,,,"0.00",,"0","0.0","0"
"C0166827","코스피200 P 202606   827.5 (주간)",,,,,,"0.00",,"0","0.0","0"
"C0166830","코스피200 P 202606   830.0 (야간)",,,,,,"0.00",,"0","0.0","2401"
"C0166830","코스피200 P 202606   830.0 (주간)",,,,,,"0.00",,"0","0.0","2401"
"C0166832","코스피200 P 202606   832.5 (야간)",,,,,,"0.00",,"0","0.0","4"
"C0166832","코스피200 P 202606   832.5 (주간)",,,,,,"0.00",,"0","0.0","4"
"C0166835","코스피200 P 202606   835.0 (야간)",,,,,,"0.00",,"0","0.0","30"
"C0166835","코스피200 P 202606   835.0 (주간)",,,,,,"0.00",,"0","0.0","30"
"C0166837","코스피200 P 202606   837.5 (야간)",,,,,,"0.00",,"0","0.0","0"
"C0166837","코스피200 P 202606   837.5 (주간)",,,,,,"0.00",,"0","0.0","0"
"C0166840","코스피200 P 202606   840.0 (야간)",,,,,,"0.00",,"0","0.0","1646"
"C0166840","코스피200 P 202606   840.0 (주간)","31.65","-4.70","32.05","32.90","31.65","0.00",,"3","24.0","1649"
"C0166842","코스피200 P 202606   842.5 (야간)",,,,,,"0.00",,"0","0.0","0"
"C0166842","코스피200 P 202606   842.5 (주간)",,,,,,"0.00",,"0","0.0","0"
"C0166845","코스피200 P 202606   845.0 (야간)","38.20","0.50","38.20","38.20","38.20","0.00",,"1","10.0","38"
"C0166845","코스피200 P 202606   845.0 (주간)",,,,,,"0.00",,"0","0.0","38"
"C0166847","코스피200 P 202606   847.5 (야간)",,,,,,"0.00",,"0","0.0","0"
"C0166847","코스피200 P 202606   847.5 (주간)",,,,,,"0.00",,"0","0.0","0"
"C0166850","코스피200 P 202606   850.0 (야간)",,,,,,"0.00",,"0","0.0","1972"
"C0166850","코스피200 P 202606   850.0 (주간)",,,,,,"0.00",,"0","0.0","1972"
"C0166852","코스피200 P 202606   852.5 (야간)",,,,,,"0.00",,"0","0.0","2"
"C0166852","코스피200 P 202606   852.5 (주간)",,,,,,"0.00",,"0","0.0","2"
"C0166855","코스피200 P 202606   855.0 (야간)",,,,,,"0.00",,"0","0.0","19"
"C0166855","코스피200 P 202606   855.0 (주간)",,,,,,"0.00",,"0","0.0","19"
"C0166857","코스피200 P 202606   857.5 (야간)",,,,,,"0.00",,"0","0.0","0"
"C0166857","코스피200 P 202606   857.5 (주간)",,,,,,"0.00",,"0","0.0","0"
"C0166860","코스피200 P 202606   860.0 (야간)",,,,,,"0.00",,"0","0.0","602"
"C0166860","코스피200 P 202606   860.0 (주간)","38.75","-5.25","38.75","38.75","38.75","0.00",,"1","10.0","603"
"C0166862","코스피200 P 202606   862.5 (야간)",,,,,,"0.00",,"0","0.0","8"
"C0166862","코스피200 P 202606   862.5 (주간)",,,,,,"0.00",,"0","0.0","8"
"C0166865","코스피200 P 202606   865.0 (야간)",,,,,,"0.00",,"0","0.0","17"
"C0166865","코스피200 P 202606   865.0 (주간)",,,,,,"0.00",,"0","0.0","17"
"C0166867","코스피200 P 202606   867.5 (야간)",,,,,,"0.00",,"0","0.0","0"
"C0166867","코스피200 P 202606   867.5 (주간)",,,,,,"0.00",,"0","0.0","0"
"C0166870","코스피200 P 202606   870.0 (야간)",,,,,,"0.00",,"0","0.0","1395"
"C0166870","코스피200 P 202606   870.0 (주간)",,,,,,"0.00",,"0","0.0","1395"
"C0166872","코스피200 P 202606   872.5 (야간)",,,,,,"0.00",,"0","0.0","2"
"C0166872","코스피200 P 202606   872.5 (주간)",,,,,,"0.00",,"0","0.0","2"
"C0166875","코스피200 P 202606   875.0 (야간)",,,,,,"0.00",,"0","0.0","101"
"C0166875","코스피200 P 202606   875.0 (주간)",,,,,,"0.00",,"0","0.0","101"
"C0166877","코스피200 P 202606   877.5 (야간)",,,,,,"0.00",,"0","0.0","0"
"C0166877","코스피200 P 202606   877.5 (주간)",,,,,,"0.00",,"0","0.0","0"
"C0166880","코스피200 P 202606   880.0 (야간)",,,,,,"0.00",,"0","0.0","2792"
"C0166880","코스피200 P 202606   880.0 (주간)",,,,,,"0.00",,"0","0.0","2792"
"C0166882","코스피200 P 202606   882.5 (야간)",,,,,,"0.00",,"0","0.0","13"
"C0166882","코스피200 P 202606   882.5 (주간)",,,,,,"0.00",,"0","0.0","13"
"C0166885","코스피200 P 202606   885.0 (야간)",,,,,,"0.00",,"0","0.0","8"
"C0166885","코스피200 P 202606   885.0 (주간)",,,,,,"0.00",,"0","0.0","8"
"C0166887","코스피200 P 202606   887.5 (야간)",,,,,,"0.00",,"0","0.0","0"
"C0166887","코스피200 P 202606   887.5 (주간)",,,,,,"0.00",,"0","0.0","0"
"C0166890","코스피200 P 202606   890.0 (야간)",,,,,,"0.00",,"0","0.0","301"
"C0166890","코스피200 P 202606   890.0 (주간)",,,,,,"0.00",,"0","0.0","301"
"C0166892","코스피200 P 202606   892.5 (야간)",,,,,,"0.00",,"0","0.0","0"
"C0166892","코스피200 P 202606   892.5 (주간)",,,,,,"0.00",,"0","0.0","0"
"C0166895","코스피200 P 202606   895.0 (야간)",,,,,,"0.00",,"0","0.0","0"
"C0166895","코스피200 P 202606   895.0 (주간)",,,,,,"0.00",,"0","0.0","0"
"C0166897","코스피200 P 202606   897.5 (야간)",,,,,,"0.00",,"0","0.0","0"
"C0166897","코스피200 P 202606   897.5 (주간)",,,,,,"0.00",,"0","0.0","0"
"C0166900","코스피200 P 202606   900.0 (야간)",,,,,,"0.00",,"0","0.0","1873"
"C0166900","코스피200 P 202606   900.0 (주간)",,,,,,"0.00",,"0","0.0","1873"
"C0166902","코스피200 P 202606   902.5 (야간)",,,,,,"0.00",,"0","0.0","0"
"C0166902","코스피200 P 202606   902.5 (주간)",,,,,,"0.00",,"0","0.0","0"
"C0166905","코스피200 P 202606   905.0 (야간)",,,,,,"0.00",,"0","0.0","0"
"C0166905","코스피200 P 202606   905.0 (주간)",,,,,,"0.00",,"0","0.0","0"
"C0166907","코스피200 P 202606   907.5 (야간)",,,,,,"0.00",,"0","0.0","0"
"C0166907","코스피200 P 202606   907.5 (주간)",,,,,,"0.00",,"0","0.0","0"
"C0166910","코스피200 P 202606   910.0 (야간)",,,,,,"0.00",,"0","0.0","2"
"C0166910","코스피200 P 202606   910.0 (주간)",,,,,,"0.00",,"0","0.0","2"
"C0166912","코스피200 P 202606   912.5 (야간)",,,,,,"0.00",,"0","0.0","0"
"C0166912","코스피200 P 202606   912.5 (주간)",,,,,,"0.00",,"0","0.0","0"
"C0166915","코스피200 P 202606   915.0 (야간)",,,,,,"0.00",,"0","0.0","0"
"C0166915","코스피200 P 202606   915.0 (주간)",,,,,,"0.00",,"0","0.0","0"
"C0166917","코스피200 P 202606   917.5 (야간)",,,,,,"0.00",,"0","0.0","0"
"C0166917","코스피200 P 202606   917.5 (주간)",,,,,,"0.00",,"0","0.0","0"
"C0166920","코스피200 P 202606   920.0 (야간)",,,,,,"0.00",,"0","0.0","1"
"C0166920","코스피200 P 202606   920.0 (주간)",,,,,,"0.00",,"0","0.0","1"
"C0166922","코스피200 P 202606   922.5 (야간)",,,,,,"0.00",,"0","0.0","0"
"C0166922","코스피200 P 202606   922.5 (주간)",,,,,,"0.00",,"0","0.0","0"
"C0166925","코스피200 P 202606   925.0 (야간)",,,,,,"0.00",,"0","0.0","0"
"C0166925","코스피200 P 202606   925.0 (주간)",,,,,,"0.00",,"0","0.0","0"
"C0166927","코스피200 P 202606   927.5 (야간)",,,,,,"0.00",,"0","0.0","0"
"C0166927","코스피200 P 202606   927.5 (주간)",,,,,,"0.00",,"0","0.0","0"
"C0166930","코스피200 P 202606   930.0 (야간)",,,,,,"0.00",,"0","0.0","3"
"C0166930","코스피200 P 202606   930.0 (주간)",,,,,,"0.00",,"0","0.0","3"
"C0166932","코스피200 P 202606   932.5 (야간)",,,,,,"0.00",,"0","0.0","0"
"C0166932","코스피200 P 202606   932.5 (주간)",,,,,,"0.00",,"0","0.0","0"
"C0166935","코스피200 P 202606   935.0 (야간)",,,,,,"0.00",,"0","0.0","0"
"C0166935","코스피200 P 202606   935.0 (주간)",,,,,,"0.00",,"0","0.0","0"
"C0166937","코스피200 P 202606   937.5 (야간)",,,,,,"0.00",,"0","0.0","0"
"C0166937","코스피200 P 202606   937.5 (주간)",,,,,,"0.00",,"0","0.0","0"
"C0166940","코스피200 P 202606   940.0 (야간)",,,,,,"0.00",,"0","0.0","0"
"C0166940","코스피200 P 202606   940.0 (주간)",,,,,,"0.00",,"0","0.0","0"
"C0166942","코스피200 P 202606   942.5 (야간)",,,,,,"0.00",,"0","0.0","0"
"C0166942","코스피200 P 202606   942.5 (주간)",,,,,,"0.00",,"0","0.0","0"
"C0166945","코스피200 P 202606   945.0 (야간)",,,,,,"0.00",,"0","0.0","0"
"C0166945","코스피200 P 202606   945.0 (주간)",,,,,,"0.00",,"0","0.0","0"
"C0166947","코스피200 P 202606   947.5 (야간)",,,,,,"0.00",,"0","0.0","0"
"C0166947","코스피200 P 202606   947.5 (주간)",,,,,,"0.00",,"0","0.0","0"
"C0166950","코스피200 P 202606   950.0 (야간)",,,,,,"0.00",,"0","0.0","0"
"C0166950","코스피200 P 202606   950.0 (주간)",,,,,,"0.00",,"0","0.0","0"
"C0166952","코스피200 P 202606   952.5 (야간)",,,,,,"0.00",,"0","0.0","0"
"C0166952","코스피200 P 202606   952.5 (주간)",,,,,,"0.00",,"0","0.0","0"
"C0166955","코스피200 P 202606   955.0 (야간)",,,,,,"0.00",,"0","0.0","0"
"C0166955","코스피200 P 202606   955.0 (주간)",,,,,,"0.00",,"0","0.0","0"
"C0166957","코스피200 P 202606   957.5 (야간)",,,,,,"0.00",,"0","0.0","0"
"C0166957","코스피200 P 202606   957.5 (주간)",,,,,,"0.00",,"0","0.0","0"
"C0166960","코스피200 P 202606   960.0 (야간)",,,,,,"0.00",,"0","0.0","1"
"C0166960","코스피200 P 202606   960.0 (주간)",,,,,,"0.00",,"0","0.0","1"
"C0166962","코스피200 P 202606   962.5 (야간)",,,,,,"0.00",,"0","0.0","0"
"C0166962","코스피200 P 202606   962.5 (주간)",,,,,,"0.00",,"0","0.0","0"
"C0166965","코스피200 P 202606   965.0 (야간)",,,,,,"0.00",,"0","0.0","0"
"C0166965","코스피200 P 202606   965.0 (주간)",,,,,,"0.00",,"0","0.0","0"
"C0166967","코스피200 P 202606   967.5 (야간)",,,,,,"0.00",,"0","0.0","0"
"C0166967","코스피200 P 202606   967.5 (주간)",,,,,,"0.00",,"0","0.0","0"
"C0166970","코스피200 P 202606   970.0 (야간)",,,,,,"0.00",,"0","0.0","0"
"C0166970","코스피200 P 202606   970.0 (주간)",,,,,,"0.00",,"0","0.0","0"
"C0166972","코스피200 P 202606   972.5 (야간)",,,,,,"0.00",,"0","0.0","0"
"C0166972","코스피200 P 202606   972.5 (주간)",,,,,,"0.00",,"0","0.0","0"
"C0166975","코스피200 P 202606   975.0 (야간)",,,,,,"0.00",,"0","0.0","0"
"C0166975","코스피200 P 202606   975.0 (주간)",,,,,,"0.00",,"0","0.0","0"
"C0166977","코스피200 P 202606   977.5 (야간)",,,,,,"0.00",,"0","0.0","0"
"C0166977","코스피200 P 202606   977.5 (주간)",,,,,,"0.00",,"0","0.0","0"
"C0166980","코스피200 P 202606   980.0 (야간)",,,,,,"0.00",,"0","0.0","51"
"C0166980","코스피200 P 202606   980.0 (주간)",,,,,,"0.00",,"0","0.0","51"
"C0166982","코스피200 P 202606   982.5 (야간)",,,,,,"0.00",,"0","0.0","0"
"C0166982","코스피200 P 202606   982.5 (주간)",,,,,,"0.00",,"0","0.0","0"
"C0166985","코스피200 P 202606   985.0 (야간)",,,,,,"0.00",,"0","0.0","39"
"C0166985","코스피200 P 202606   985.0 (주간)",,,,,,"0.00",,"0","0.0","39"
"C0166987","코스피200 P 202606   987.5 (야간)",,,,,,"0.00",,"0","0.0","0"
"C0166987","코스피200 P 202606   987.5 (주간)",,,,,,"0.00",,"0","0.0","0"
"C0166990","코스피200 P 202606   990.0 (야간)",,,,,,"0.00",,"0","0.0","0"
"C0166990","코스피200 P 202606   990.0 (주간)",,,,,,"0.00",,"0","0.0","0"
"C0166992","코스피200 P 202606   992.5 (야간)",,,,,,"0.00",,"0","0.0","0"
"C0166992","코스피200 P 202606   992.5 (주간)",,,,,,"0.00",,"0","0.0","0"
"C0166995","코스피200 P 202606   995.0 (야간)",,,,,,"0.00",,"0","0.0","0"
"C0166995","코스피200 P 202606   995.0 (주간)",,,,,,"0.00",,"0","0.0","0"
"C0166997","코스피200 P 202606   997.5 (야간)",,,,,,"0.00",,"0","0.0","0"
"C0166997","코스피200 P 202606   997.5 (주간)",,,,,,"0.00",,"0","0.0","0"
"C0166A01","코스피200 P 202606 1,000.0 (야간)",,,,,,"0.00",,"0","0.0","5"
"C0166A01","코스피200 P 202606 1,000.0 (주간)",,,,,,"0.00",,"0","0.0","5"
"C0166A07","코스피200 P 202606 1,002.5 (야간)",,,,,,"0.00",,"0","0.0","0"
"C0166A07","코스피200 P 202606 1,002.5 (주간)",,,,,,"0.00",,"0","0.0","0"
"C0166A02","코스피200 P 202606 1,005.0 (야간)",,,,,,"0.00",,"0","0.0","3"
"C0166A02","코스피200 P 202606 1,005.0 (주간)",,,,,,"0.00",,"0","0.0","3"
"C0166A08","코스피200 P 202606 1,007.5 (야간)",,,,,,"0.00",,"0","0.0","0"
"C0166A08","코스피200 P 202606 1,007.5 (주간)",,,,,,"0.00",,"0","0.0","0"
"C0166A03","코스피200 P 202606 1,010.0 (야간)",,,,,,"0.00",,"0","0.0","0"
"C0166A03","코스피200 P 202606 1,010.0 (주간)",,,,,,"0.00",,"0","0.0","0"
"C0166A09","코스피200 P 202606 1,012.5 (야간)",,,,,,"0.00",,"0","0.0","0"
"C0166A09","코스피200 P 202606 1,012.5 (주간)",,,,,,"0.00",,"0","0.0","0"
"C0166A04","코스피200 P 202606 1,015.0 (야간)",,,,,,"0.00",,"0","0.0","0"
"C0166A04","코스피200 P 202606 1,015.0 (주간)",,,,,,"0.00",,"0","0.0","0"
"C0166A10","코스피200 P 202606 1,017.5 (야간)",,,,,,"0.00",,"0","0.0","0"
"C0166A10","코스피200 P 202606 1,017.5 (주간)",,,,,,"0.00",,"0","0.0","0"
"C0166A05","코스피200 P 202606 1,020.0 (야간)",,,,,,"0.00",,"0","0.0","0"
"C0166A05","코스피200 P 202606 1,020.0 (주간)",,,,,,"0.00",,"0","0.0","0"
"C0166A11","코스피200 P 202606 1,022.5 (야간)",,,,,,"0.00",,"0","0.0","0"
"C0166A11","코스피200 P 202606 1,022.5 (주간)",,,,,,"0.00",,"0","0.0","0"
"C0166A06","코스피200 P 202606 1,025.0 (야간)",,,,,,"0.00",,"0","0.0","17"
"C0166A06","코스피200 P 202606 1,025.0 (주간)",,,,,,"0.00",,"0","0.0","17"
"C0166A20","코스피200 P 202606 1,027.5 (야간)",,,,,,"0.00",,"0","0.0","0"
"C0166A20","코스피200 P 202606 1,027.5 (주간)",,,,,,"0.00",,"0","0.0","0"
"C0166A12","코스피200 P 202606 1,030.0 (야간)",,,,,,"0.00",,"0","0.0","0"
"C0166A12","코스피200 P 202606 1,030.0 (주간)",,,,,,"0.00",,"0","0.0","0"
"C0166A21","코스피200 P 202606 1,032.5 (야간)",,,,,,"0.00",,"0","0.0","0"
"C0166A21","코스피200 P 202606 1,032.5 (주간)",,,,,,"0.00",,"0","0.0","0"
"C0166A13","코스피200 P 202606 1,035.0 (야간)",,,,,,"0.00",,"0","0.0","0"
"C0166A13","코스피200 P 202606 1,035.0 (주간)",,,,,,"0.00",,"0","0.0","0"
"C0166A22","코스피200 P 202606 1,037.5 (야간)",,,,,,"0.00",,"0","0.0","0"
"C0166A22","코스피200 P 202606 1,037.5 (주간)",,,,,,"0.00",,"0","0.0","0"
"C0166A14","코스피200 P 202606 1,040.0 (야간)",,,,,,"0.00",,"0","0.0","1"
"C0166A14","코스피200 P 202606 1,040.0 (주간)",,,,,,"0.00",,"0","0.0","1"
"C0166A23","코스피200 P 202606 1,042.5 (야간)",,,,,,"0.00",,"0","0.0","0"
"C0166A23","코스피200 P 202606 1,042.5 (주간)",,,,,,"0.00",,"0","0.0","0"
"C0166A15","코스피200 P 202606 1,045.0 (야간)",,,,,,"0.00",,"0","0.0","0"
"C0166A15","코스피200 P 202606 1,045.0 (주간)",,,,,,"0.00",,"0","0.0","0"
"C0166A24","코스피200 P 202606 1,047.5 (야간)",,,,,,"0.00",,"0","0.0","0"
"C0166A24","코스피200 P 202606 1,047.5 (주간)",,,,,,"0.00",,"0","0.0","0"
"C0166A16","코스피200 P 202606 1,050.0 (야간)",,,,,,"0.00",,"0","0.0","0"
"C0166A16","코스피200 P 202606 1,050.0 (주간)",,,,,,"0.00",,"0","0.0","0"
"C0166A25","코스피200 P 202606 1,052.5 (야간)",,,,,,"0.00",,"0","0.0","0"
"C0166A25","코스피200 P 202606 1,052.5 (주간)",,,,,,"0.00",,"0","0.0","0"
"C0166A17","코스피200 P 202606 1,055.0 (야간)",,,,,,"0.00",,"0","0.0","0"
"C0166A17","코스피200 P 202606 1,055.0 (주간)",,,,,,"0.00",,"0","0.0","0"
"C0166A26","코스피200 P 202606 1,057.5 (야간)",,,,,,"0.00",,"0","0.0","0"
"C0166A26","코스피200 P 202606 1,057.5 (주간)",,,,,,"0.00",,"0","0.0","0"
"C0166A18","코스피200 P 202606 1,060.0 (야간)",,,,,,"0.00",,"0","0.0","0"
"C0166A18","코스피200 P 202606 1,060.0 (주간)",,,,,,"0.00",,"0","0.0","0"
"C0166A27","코스피200 P 202606 1,062.5 (야간)",,,,,,"0.00",,"0","0.0","0"
"C0166A27","코스피200 P 202606 1,062.5 (주간)",,,,,,"0.00",,"0","0.0","0"
"C0166A19","코스피200 P 202606 1,065.0 (야간)",,,,,,"0.00",,"0","0.0","32"
"C0166A19","코스피200 P 202606 1,065.0 (주간)",,,,,,"0.00",,"0","0.0","32"
"C0167545","코스피200 P 202607   545.0 (야간)",,,,,,"0.00",,"0","0.0","97"
"C0167545","코스피200 P 202607   545.0 (주간)",,,,,,"0.00",,"0","0.0","97"
"C0167547","코스피200 P 202607   547.5 (야간)",,,,,,"0.00",,"0","0.0","0"
"C0167547","코스피200 P 202607   547.5 (주간)",,,,,,"0.00",,"0","0.0","0"
"C0167550","코스피200 P 202607   550.0 (야간)",,,,,,"0.00",,"0","0.0","35"
"C0167550","코스피200 P 202607   550.0 (주간)",,,,,,"0.00",,"0","0.0","35"
"C0167552","코스피200 P 202607   552.5 (야간)",,,,,,"0.00",,"0","0.0","0"
"C0167552","코스피200 P 202607   552.5 (주간)",,,,,,"0.00",,"0","0.0","0"
"C0167555","코스피200 P 202607   555.0 (야간)",,,,,,"0.00",,"0","0.0","0"
"C0167555","코스피200 P 202607   555.0 (주간)",,,,,,"0.00",,"0","0.0","0"
"C0167557","코스피200 P 202607   557.5 (야간)",,,,,,"0.00",,"0","0.0","0"
"C0167557","코스피200 P 202607   557.5 (주간)",,,,,,"0.00",,"0","0.0","0"
"C0167560","코스피200 P 202607   560.0 (야간)",,,,,,"0.00",,"0","0.0","1"
"C0167560","코스피200 P 202607   560.0 (주간)",,,,,,"0.00",,"0","0.0","1"
"C0167562","코스피200 P 202607   562.5 (야간)",,,,,,"0.00",,"0","0.0","0"
"C0167562","코스피200 P 202607   562.5 (주간)",,,,,,"0.00",,"0","0.0","0"
"C0167565","코스피200 P 202607   565.0 (야간)",,,,,,"0.00",,"0","0.0","0"
"C0167565","코스피200 P 202607   565.0 (주간)",,,,,,"0.00",,"0","0.0","0"
"C0167567","코스피200 P 202607   567.5 (야간)",,,,,,"0.00",,"0","0.0","1"
"C0167567","코스피200 P 202607   567.5 (주간)",,,,,,"0.00",,"0","0.0","1"
"C0167570","코스피200 P 202607   570.0 (야간)",,,,,,"0.00",,"0","0.0","260"
"C0167570","코스피200 P 202607   570.0 (주간)",,,,,,"0.00",,"0","0.0","260"
"C0167572","코스피200 P 202607   572.5 (야간)",,,,,,"0.00",,"0","0.0","0"
"C0167572","코스피200 P 202607   572.5 (주간)",,,,,,"0.00",,"0","0.0","0"
"C0167575","코스피200 P 202607   575.0 (야간)",,,,,,"0.00",,"0","0.0","25"
"C0167575","코스피200 P 202607   575.0 (주간)",,,,,,"0.00",,"0","0.0","25"
"C0167577","코스피200 P 202607   577.5 (야간)",,,,,,"0.00",,"0","0.0","0"
"C0167577","코스피200 P 202607   577.5 (주간)",,,,,,"0.00",,"0","0.0","0"
"C0167580","코스피200 P 202607   580.0 (야간)",,,,,,"0.00",,"0","0.0","330"
"C0167580","코스피200 P 202607   580.0 (주간)",,,,,,"0.00",,"0","0.0","330"
"C0167582","코스피200 P 202607   582.5 (야간)",,,,,,"0.00",,"0","0.0","0"
"C0167582","코스피200 P 202607   582.5 (주간)",,,,,,"0.00",,"0","0.0","0"
"C0167585","코스피200 P 202607   585.0 (야간)",,,,,,"0.00",,"0","0.0","1"
"C0167585","코스피200 P 202607   585.0 (주간)",,,,,,"0.00",,"0","0.0","1"
"C0167587","코스피200 P 202607   587.5 (야간)",,,,,,"0.00",,"0","0.0","0"
"C0167587","코스피200 P 202607   587.5 (주간)",,,,,,"0.00",,"0","0.0","0"
"C0167590","코스피200 P 202607   590.0 (야간)",,,,,,"0.00",,"0","0.0","6"
"C0167590","코스피200 P 202607   590.0 (주간)",,,,,,"0.00",,"0","0.0","6"
"C0167592","코스피200 P 202607   592.5 (야간)",,,,,,"0.00",,"0","0.0","2"
"C0167592","코스피200 P 202607   592.5 (주간)",,,,,,"0.00",,"0","0.0","2"
"C0167595","코스피200 P 202607   595.0 (야간)",,,,,,"0.00",,"0","0.0","2"
"C0167595","코스피200 P 202607   595.0 (주간)",,,,,,"0.00",,"0","0.0","2"
"C0167597","코스피200 P 202607   597.5 (야간)",,,,,,"0.00",,"0","0.0","0"
"C0167597","코스피200 P 202607   597.5 (주간)",,,,,,"0.00",,"0","0.0","0"
"C0167600","코스피200 P 202607   600.0 (야간)",,,,,,"0.00",,"0","0.0","134"
"C0167600","코스피200 P 202607   600.0 (주간)",,,,,,"0.00",,"0","0.0","134"
"C0167602","코스피200 P 202607   602.5 (야간)",,,,,,"0.00",,"0","0.0","0"
"C0167602","코스피200 P 202607   602.5 (주간)",,,,,,"0.00",,"0","0.0","0"
"C0167605","코스피200 P 202607   605.0 (야간)",,,,,,"0.00",,"0","0.0","0"
"C0167605","코스피200 P 202607   605.0 (주간)",,,,,,"0.00",,"0","0.0","0"
"C0167607","코스피200 P 202607   607.5 (야간)",,,,,,"0.00",,"0","0.0","0"
"C0167607","코스피200 P 202607   607.5 (주간)",,,,,,"0.00",,"0","0.0","0"
"C0167610","코스피200 P 202607   610.0 (야간)",,,,,,"0.00",,"0","0.0","0"
"C0167610","코스피200 P 202607   610.0 (주간)",,,,,,"0.00",,"0","0.0","0"
"C0167612","코스피200 P 202607   612.5 (야간)",,,,,,"0.00",,"0","0.0","0"
"C0167612","코스피200 P 202607   612.5 (주간)",,,,,,"0.00",,"0","0.0","0"
"C0167615","코스피200 P 202607   615.0 (야간)",,,,,,"0.00",,"0","0.0","0"
"C0167615","코스피200 P 202607   615.0 (주간)",,,,,,"0.00",,"0","0.0","0"
"C0167617","코스피200 P 202607   617.5 (야간)",,,,,,"0.00",,"0","0.0","1"
"C0167617","코스피200 P 202607   617.5 (주간)",,,,,,"0.00",,"0","0.0","1"
"C0167620","코스피200 P 202607   620.0 (야간)",,,,,,"0.00",,"0","0.0","0"
"C0167620","코스피200 P 202607   620.0 (주간)",,,,,,"0.00",,"0","0.0","0"
"C0167622","코스피200 P 202607   622.5 (야간)",,,,,,"0.00",,"0","0.0","0"
"C0167622","코스피200 P 202607   622.5 (주간)",,,,,,"0.00",,"0","0.0","0"
"C0167625","코스피200 P 202607   625.0 (야간)",,,,,,"0.00",,"0","0.0","106"
"C0167625","코스피200 P 202607   625.0 (주간)",,,,,,"0.00",,"0","0.0","106"
"C0167627","코스피200 P 202607   627.5 (야간)",,,,,,"0.00",,"0","0.0","0"
"C0167627","코스피200 P 202607   627.5 (주간)",,,,,,"0.00",,"0","0.0","0"
"C0167630","코스피200 P 202607   630.0 (야간)",,,,,,"0.00",,"0","0.0","10"
"C0167630","코스피200 P 202607   630.0 (주간)",,,,,,"0.00",,"0","0.0","10"
"C0167632","코스피200 P 202607   632.5 (야간)",,,,,,"0.00",,"0","0.0","0"
"C0167632","코스피200 P 202607   632.5 (주간)",,,,,,"0.00",,"0","0.0","0"
"C0167635","코스피200 P 202607   635.0 (야간)",,,,,,"0.00",,"0","0.0","0"
"C0167635","코스피200 P 202607   635.0 (주간)",,,,,,"0.00",,"0","0.0","0"
"C0167637","코스피200 P 202607   637.5 (야간)",,,,,,"0.00",,"0","0.0","1"
"C0167637","코스피200 P 202607   637.5 (주간)",,,,,,"0.00",,"0","0.0","1"
"C0167640","코스피200 P 202607   640.0 (야간)",,,,,,"0.00",,"0","0.0","153"
"C0167640","코스피200 P 202607   640.0 (주간)","7.82","-1.13","7.65","7.82","7.65","0.00",,"2","4.0","153"
"C0167642","코스피200 P 202607   642.5 (야간)",,,,,,"0.00",,"0","0.0","1"
"C0167642","코스피200 P 202607   642.5 (주간)",,,,,,"0.00",,"0","0.0","1"
"C0167645","코스피200 P 202607   645.0 (야간)",,,,,,"0.00",,"0","0.0","0"
"C0167645","코스피200 P 202607   645.0 (주간)",,,,,,"0.00",,"0","0.0","0"
"C0167647","코스피200 P 202607   647.5 (야간)",,,,,,"0.00",,"0","0.0","0"
"C0167647","코스피200 P 202607   647.5 (주간)",,,,,,"0.00",,"0","0.0","0"
"C0167650","코스피200 P 202607   650.0 (야간)",,,,,,"0.00",,"0","0.0","1"
"C0167650","코스피200 P 202607   650.0 (주간)",,,,,,"0.00",,"0","0.0","1"
"C0167652","코스피200 P 202607   652.5 (야간)",,,,,,"0.00",,"0","0.0","0"
"C0167652","코스피200 P 202607   652.5 (주간)",,,,,,"0.00",,"0","0.0","0"
"C0167655","코스피200 P 202607   655.0 (야간)",,,,,,"0.00",,"0","0.0","0"
"C0167655","코스피200 P 202607   655.0 (주간)",,,,,,"0.00",,"0","0.0","0"
"C0167657","코스피200 P 202607   657.5 (야간)",,,,,,"0.00",,"0","0.0","0"
"C0167657","코스피200 P 202607   657.5 (주간)",,,,,,"0.00",,"0","0.0","0"
"C0167660","코스피200 P 202607   660.0 (야간)",,,,,,"0.00",,"0","0.0","0"
"C0167660","코스피200 P 202607   660.0 (주간)",,,,,,"0.00",,"0","0.0","0"
"C0167662","코스피200 P 202607   662.5 (야간)",,,,,,"0.00",,"0","0.0","0"
"C0167662","코스피200 P 202607   662.5 (주간)",,,,,,"0.00",,"0","0.0","0"
"C0167665","코스피200 P 202607   665.0 (야간)",,,,,,"0.00",,"0","0.0","0"
"C0167665","코스피200 P 202607   665.0 (주간)",,,,,,"0.00",,"0","0.0","0"
"C0167667","코스피200 P 202607   667.5 (야간)",,,,,,"0.00",,"0","0.0","0"
"C0167667","코스피200 P 202607   667.5 (주간)",,,,,,"0.00",,"0","0.0","0"
"C0167670","코스피200 P 202607   670.0 (야간)",,,,,,"0.00",,"0","0.0","0"
"C0167670","코스피200 P 202607   670.0 (주간)",,,,,,"0.00",,"0","0.0","0"
"C0167672","코스피200 P 202607   672.5 (야간)",,,,,,"0.00",,"0","0.0","0"
"C0167672","코스피200 P 202607   672.5 (주간)",,,,,,"0.00",,"0","0.0","0"
"C0167675","코스피200 P 202607   675.0 (야간)",,,,,,"0.00",,"0","0.0","0"
"C0167675","코스피200 P 202607   675.0 (주간)",,,,,,"0.00",,"0","0.0","0"
"C0167677","코스피200 P 202607   677.5 (야간)",,,,,,"0.00",,"0","0.0","0"
"C0167677","코스피200 P 202607   677.5 (주간)",,,,,,"0.00",,"0","0.0","0"
"C0167680","코스피200 P 202607   680.0 (야간)",,,,,,"0.00",,"0","0.0","0"
"C0167680","코스피200 P 202607   680.0 (주간)",,,,,,"0.00",,"0","0.0","0"
"C0167682","코스피200 P 202607   682.5 (야간)",,,,,,"0.00",,"0","0.0","0"
"C0167682","코스피200 P 202607   682.5 (주간)",,,,,,"0.00",,"0","0.0","0"
"C0167685","코스피200 P 202607   685.0 (야간)",,,,,,"0.00",,"0","0.0","0"
"C0167685","코스피200 P 202607   685.0 (주간)",,,,,,"0.00",,"0","0.0","0"
"C0167687","코스피200 P 202607   687.5 (야간)",,,,,,"0.00",,"0","0.0","0"
"C0167687","코스피200 P 202607   687.5 (주간)",,,,,,"0.00",,"0","0.0","0"
"C0167690","코스피200 P 202607   690.0 (야간)",,,,,,"0.00",,"0","0.0","0"
"C0167690","코스피200 P 202607   690.0 (주간)",,,,,,"0.00",,"0","0.0","0"
"C0167692","코스피200 P 202607   692.5 (야간)",,,,,,"0.00",,"0","0.0","0"
"C0167692","코스피200 P 202607   692.5 (주간)",,,,,,"0.00",,"0","0.0","0"
"C0167695","코스피200 P 202607   695.0 (야간)",,,,,,"0.00",,"0","0.0","0"
"C0167695","코스피200 P 202607   695.0 (주간)",,,,,,"0.00",,"0","0.0","0"
"C0167697","코스피200 P 202607   697.5 (야간)",,,,,,"0.00",,"0","0.0","0"
"C0167697","코스피200 P 202607   697.5 (주간)",,,,,,"0.00",,"0","0.0","0"
"C0167700","코스피200 P 202607   700.0 (야간)",,,,,,"0.00",,"0","0.0","304"
"C0167700","코스피200 P 202607   700.0 (주간)","13.50","-1.50","12.80","13.50","12.80","0.00",,"4","13.0","304"
"C0167702","코스피200 P 202607   702.5 (야간)",,,,,,"0.00",,"0","0.0","0"
"C0167702","코스피200 P 202607   702.5 (주간)",,,,,,"0.00",,"0","0.0","0"
"C0167705","코스피200 P 202607   705.0 (야간)",,,,,,"0.00",,"0","0.0","0"
"C0167705","코스피200 P 202607   705.0 (주간)",,,,,,"0.00",,"0","0.0","0"
"C0167707","코스피200 P 202607   707.5 (야간)",,,,,,"0.00",,"0","0.0","0"
"C0167707","코스피200 P 202607   707.5 (주간)",,,,,,"0.00",,"0","0.0","0"
"C0167710","코스피200 P 202607   710.0 (야간)",,,,,,"0.00",,"0","0.0","0"
"C0167710","코스피200 P 202607   710.0 (주간)",,,,,,"0.00",,"0","0.0","0"
"C0167712","코스피200 P 202607   712.5 (야간)",,,,,,"0.00",,"0","0.0","0"
"C0167712","코스피200 P 202607   712.5 (주간)",,,,,,"0.00",,"0","0.0","0"
"C0167715","코스피200 P 202607   715.0 (야간)",,,,,,"0.00",,"0","0.0","0"
"C0167715","코스피200 P 202607   715.0 (주간)",,,,,,"0.00",,"0","0.0","0"
"C0167717","코스피200 P 202607   717.5 (야간)",,,,,,"0.00",,"0","0.0","0"
"C0167717","코스피200 P 202607   717.5 (주간)",,,,,,"0.00",,"0","0.0","0"
"C0167720","코스피200 P 202607   720.0 (야간)",,,,,,"0.00",,"0","0.0","13"
"C0167720","코스피200 P 202607   720.0 (주간)",,,,,,"0.00",,"0","0.0","13"
"C0167722","코스피200 P 202607   722.5 (야간)",,,,,,"0.00",,"0","0.0","0"
"C0167722","코스피200 P 202607   722.5 (주간)",,,,,,"0.00",,"0","0.0","0"
"C0167725","코스피200 P 202607   725.0 (야간)",,,,,,"0.00",,"0","0.0","0"
"C0167725","코스피200 P 202607   725.0 (주간)",,,,,,"0.00",,"0","0.0","0"
"C0167727","코스피200 P 202607   727.5 (야간)",,,,,,"0.00",,"0","0.0","0"
"C0167727","코스피200 P 202607   727.5 (주간)",,,,,,"0.00",,"0","0.0","0"
"C0167730","코스피200 P 202607   730.0 (야간)",,,,,,"0.00",,"0","0.0","7"
"C0167730","코스피200 P 202607   730.0 (주간)",,,,,,"0.00",,"0","0.0","7"
"C0167732","코스피200 P 202607   732.5 (야간)",,,,,,"0.00",,"0","0.0","0"
"C0167732","코스피200 P 202607   732.5 (주간)",,,,,,"0.00",,"0","0.0","0"
"C0167735","코스피200 P 202607   735.0 (야간)",,,,,,"0.00",,"0","0.0","5"
"C0167735","코스피200 P 202607   735.0 (주간)",,,,,,"0.00",,"0","0.0","5"
"C0167737","코스피200 P 202607   737.5 (야간)",,,,,,"0.00",,"0","0.0","0"
"C0167737","코스피200 P 202607   737.5 (주간)",,,,,,"0.00",,"0","0.0","0"
"C0167740","코스피200 P 202607   740.0 (야간)",,,,,,"0.00",,"0","0.0","0"
"C0167740","코스피200 P 202607   740.0 (주간)",,,,,,"0.00",,"0","0.0","0"
"C0167742","코스피200 P 202607   742.5 (야간)",,,,,,"0.00",,"0","0.0","0"
"C0167742","코스피200 P 202607   742.5 (주간)",,,,,,"0.00",,"0","0.0","0"
"C0167745","코스피200 P 202607   745.0 (야간)",,,,,,"0.00",,"0","0.0","106"
"C0167745","코스피200 P 202607   745.0 (주간)",,,,,,"0.00",,"0","0.0","106"
"C0167747","코스피200 P 202607   747.5 (야간)",,,,,,"0.00",,"0","0.0","0"
"C0167747","코스피200 P 202607   747.5 (주간)",,,,,,"0.00",,"0","0.0","0"
"C0167750","코스피200 P 202607   750.0 (야간)",,,,,,"0.00",,"0","0.0","13"
"C0167750","코스피200 P 202607   750.0 (주간)",,,,,,"0.00",,"0","0.0","13"
"C0167752","코스피200 P 202607   752.5 (야간)",,,,,,"0.00",,"0","0.0","0"
"C0167752","코스피200 P 202607   752.5 (주간)",,,,,,"0.00",,"0","0.0","0"
"C0167755","코스피200 P 202607   755.0 (야간)",,,,,,"0.00",,"0","0.0","0"
"C0167755","코스피200 P 202607   755.0 (주간)",,,,,,"0.00",,"0","0.0","0"
"C0167757","코스피200 P 202607   757.5 (야간)",,,,,,"0.00",,"0","0.0","0"
"C0167757","코스피200 P 202607   757.5 (주간)",,,,,,"0.00",,"0","0.0","0"
"C0167760","코스피200 P 202607   760.0 (야간)",,,,,,"0.00",,"0","0.0","315"
"C0167760","코스피200 P 202607   760.0 (주간)",,,,,,"0.00",,"0","0.0","315"
"C0167762","코스피200 P 202607   762.5 (야간)",,,,,,"0.00",,"0","0.0","0"
"C0167762","코스피200 P 202607   762.5 (주간)",,,,,,"0.00",,"0","0.0","0"
"C0167765","코스피200 P 202607   765.0 (야간)",,,,,,"0.00",,"0","0.0","0"
"C0167765","코스피200 P 202607   765.0 (주간)",,,,,,"0.00",,"0","0.0","0"
"C0167767","코스피200 P 202607   767.5 (야간)",,,,,,"0.00",,"0","0.0","0"
"C0167767","코스피200 P 202607   767.5 (주간)",,,,,,"0.00",,"0","0.0","0"
"C0167770","코스피200 P 202607   770.0 (야간)",,,,,,"0.00",,"0","0.0","1"
"C0167770","코스피200 P 202607   770.0 (주간)",,,,,,"0.00",,"0","0.0","1"
"C0167772","코스피200 P 202607   772.5 (야간)",,,,,,"0.00",,"0","0.0","0"
"C0167772","코스피200 P 202607   772.5 (주간)",,,,,,"0.00",,"0","0.0","0"
"C0167775","코스피200 P 202607   775.0 (야간)",,,,,,"0.00",,"0","0.0","0"
"C0167775","코스피200 P 202607   775.0 (주간)",,,,,,"0.00",,"0","0.0","0"
"C0167777","코스피200 P 202607   777.5 (야간)",,,,,,"0.00",,"0","0.0","0"
"C0167777","코스피200 P 202607   777.5 (주간)",,,,,,"0.00",,"0","0.0","0"
"C0167780","코스피200 P 202607   780.0 (야간)",,,,,,"0.00",,"0","0.0","0"
"C0167780","코스피200 P 202607   780.0 (주간)",,,,,,"0.00",,"0","0.0","0"
"C0167782","코스피200 P 202607   782.5 (야간)",,,,,,"0.00",,"0","0.0","0"
"C0167782","코스피200 P 202607   782.5 (주간)",,,,,,"0.00",,"0","0.0","0"
"C0167785","코스피200 P 202607   785.0 (야간)",,,,,,"0.00",,"0","0.0","0"
"C0167785","코스피200 P 202607   785.0 (주간)",,,,,,"0.00",,"0","0.0","0"
"C0167787","코스피200 P 202607   787.5 (야간)",,,,,,"0.00",,"0","0.0","0"
"C0167787","코스피200 P 202607   787.5 (주간)",,,,,,"0.00",,"0","0.0","0"
"C0167790","코스피200 P 202607   790.0 (야간)",,,,,,"0.00",,"0","0.0","0"
"C0167790","코스피200 P 202607   790.0 (주간)",,,,,,"0.00",,"0","0.0","0"
"C0167792","코스피200 P 202607   792.5 (야간)",,,,,,"0.00",,"0","0.0","0"
"C0167792","코스피200 P 202607   792.5 (주간)",,,,,,"0.00",,"0","0.0","0"
"C0167795","코스피200 P 202607   795.0 (야간)",,,,,,"0.00",,"0","0.0","0"
"C0167795","코스피200 P 202607   795.0 (주간)",,,,,,"0.00",,"0","0.0","0"
"C0167797","코스피200 P 202607   797.5 (야간)",,,,,,"0.00",,"0","0.0","0"
"C0167797","코스피200 P 202607   797.5 (주간)",,,,,,"0.00",,"0","0.0","0"
"C0167800","코스피200 P 202607   800.0 (야간)",,,,,,"0.00",,"0","0.0","6"
"C0167800","코스피200 P 202607   800.0 (주간)",,,,,,"0.00",,"0","0.0","6"
"C0167802","코스피200 P 202607   802.5 (야간)",,,,,,"0.00",,"0","0.0","0"
"C0167802","코스피200 P 202607   802.5 (주간)",,,,,,"0.00",,"0","0.0","0"
"C0167805","코스피200 P 202607   805.0 (야간)",,,,,,"0.00",,"0","0.0","0"
"C0167805","코스피200 P 202607   805.0 (주간)",,,,,,"0.00",,"0","0.0","0"
"C0167807","코스피200 P 202607   807.5 (야간)",,,,,,"0.00",,"0","0.0","0"
"C0167807","코스피200 P 202607   807.5 (주간)",,,,,,"0.00",,"0","0.0","0"
"C0167810","코스피200 P 202607   810.0 (야간)",,,,,,"0.00",,"0","0.0","0"
"C0167810","코스피200 P 202607   810.0 (주간)",,,,,,"0.00",,"0","0.0","0"
"C0167812","코스피200 P 202607   812.5 (야간)",,,,,,"0.00",,"0","0.0","0"
"C0167812","코스피200 P 202607   812.5 (주간)",,,,,,"0.00",,"0","0.0","0"
"C0167815","코스피200 P 202607   815.0 (야간)",,,,,,"0.00",,"0","0.0","0"
"C0167815","코스피200 P 202607   815.0 (주간)",,,,,,"0.00",,"0","0.0","0"
"C0167817","코스피200 P 202607   817.5 (야간)",,,,,,"0.00",,"0","0.0","0"
"C0167817","코스피200 P 202607   817.5 (주간)",,,,,,"0.00",,"0","0.0","0"
"C0167820","코스피200 P 202607   820.0 (야간)",,,,,,"0.00",,"0","0.0","0"
"C0167820","코스피200 P 202607   820.0 (주간)",,,,,,"0.00",,"0","0.0","0"
"C0167822","코스피200 P 202607   822.5 (야간)",,,,,,"0.00",,"0","0.0","0"
"C0167822","코스피200 P 202607   822.5 (주간)",,,,,,"0.00",,"0","0.0","0"
"C0167825","코스피200 P 202607   825.0 (야간)",,,,,,"0.00",,"0","0.0","0"
"C0167825","코스피200 P 202607   825.0 (주간)",,,,,,"0.00",,"0","0.0","0"
"C0167827","코스피200 P 202607   827.5 (야간)",,,,,,"0.00",,"0","0.0","0"
"C0167827","코스피200 P 202607   827.5 (주간)",,,,,,"0.00",,"0","0.0","0"
"C0167830","코스피200 P 202607   830.0 (야간)",,,,,,"0.00",,"0","0.0","10"
"C0167830","코스피200 P 202607   830.0 (주간)",,,,,,"0.00",,"0","0.0","10"
"C0167832","코스피200 P 202607   832.5 (야간)",,,,,,"0.00",,"0","0.0","0"
"C0167832","코스피200 P 202607   832.5 (주간)",,,,,,"0.00",,"0","0.0","0"
"C0167835","코스피200 P 202607   835.0 (야간)",,,,,,"0.00",,"0","0.0","0"
"C0167835","코스피200 P 202607   835.0 (주간)",,,,,,"0.00",,"0","0.0","0"
"C0167837","코스피200 P 202607   837.5 (야간)",,,,,,"0.00",,"0","0.0","0"
"C0167837","코스피200 P 202607   837.5 (주간)",,,,,,"0.00",,"0","0.0","0"
"C0167840","코스피200 P 202607   840.0 (야간)",,,,,,"0.00",,"0","0.0","0"
"C0167840","코스피200 P 202607   840.0 (주간)",,,,,,"0.00",,"0","0.0","0"
"C0167842","코스피200 P 202607   842.5 (야간)",,,,,,"0.00",,"0","0.0","0"
"C0167842","코스피200 P 202607   842.5 (주간)",,,,,,"0.00",,"0","0.0","0"
"C0167845","코스피200 P 202607   845.0 (야간)",,,,,,"0.00",,"0","0.0","2"
"C0167845","코스피200 P 202607   845.0 (주간)",,,,,,"0.00",,"0","0.0","2"
"C0167847","코스피200 P 202607   847.5 (야간)",,,,,,"0.00",,"0","0.0","0"
"C0167847","코스피200 P 202607   847.5 (주간)",,,,,,"0.00",,"0","0.0","0"
"C0167850","코스피200 P 202607   850.0 (야간)",,,,,,"0.00",,"0","0.0","0"
"C0167850","코스피200 P 202607   850.0 (주간)",,,,,,"0.00",,"0","0.0","0"
"C0167852","코스피200 P 202607   852.5 (야간)",,,,,,"0.00",,"0","0.0","0"
"C0167852","코스피200 P 202607   852.5 (주간)",,,,,,"0.00",,"0","0.0","0"
"C0167855","코스피200 P 202607   855.0 (야간)",,,,,,"0.00",,"0","0.0","0"
"C0167855","코스피200 P 202607   855.0 (주간)",,,,,,"0.00",,"0","0.0","0"
"C0167857","코스피200 P 202607   857.5 (야간)",,,,,,"0.00",,"0","0.0","0"
"C0167857","코스피200 P 202607   857.5 (주간)",,,,,,"0.00",,"0","0.0","0"
"C0167860","코스피200 P 202607   860.0 (야간)",,,,,,"0.00",,"0","0.0","0"
"C0167860","코스피200 P 202607   860.0 (주간)",,,,,,"0.00",,"0","0.0","0"
"C0167862","코스피200 P 202607   862.5 (야간)",,,,,,"0.00",,"0","0.0","0"
"C0167862","코스피200 P 202607   862.5 (주간)",,,,,,"0.00",,"0","0.0","0"
"C0167865","코스피200 P 202607   865.0 (야간)",,,,,,"0.00",,"0","0.0","0"
"C0167865","코스피200 P 202607   865.0 (주간)",,,,,,"0.00",,"0","0.0","0"
"C0167867","코스피200 P 202607   867.5 (야간)",,,,,,"0.00",,"0","0.0","0"
"C0167867","코스피200 P 202607   867.5 (주간)",,,,,,"0.00",,"0","0.0","0"
"C0167870","코스피200 P 202607   870.0 (야간)",,,,,,"0.00",,"0","0.0","0"
"C0167870","코스피200 P 202607   870.0 (주간)",,,,,,"0.00",,"0","0.0","0"
"C0167872","코스피200 P 202607   872.5 (야간)",,,,,,"0.00",,"0","0.0","0"
"C0167872","코스피200 P 202607   872.5 (주간)",,,,,,"0.00",,"0","0.0","0"
"C0167875","코스피200 P 202607   875.0 (야간)",,,,,,"0.00",,"0","0.0","0"
"C0167875","코스피200 P 202607   875.0 (주간)",,,,,,"0.00",,"0","0.0","0"
"C0167877","코스피200 P 202607   877.5 (야간)",,,,,,"0.00",,"0","0.0","0"
"C0167877","코스피200 P 202607   877.5 (주간)",,,,,,"0.00",,"0","0.0","0"
"C0167880","코스피200 P 202607   880.0 (야간)",,,,,,"0.00",,"0","0.0","0"
"C0167880","코스피200 P 202607   880.0 (주간)",,,,,,"0.00",,"0","0.0","0"
"C0167882","코스피200 P 202607   882.5 (야간)",,,,,,"0.00",,"0","0.0","0"
"C0167882","코스피200 P 202607   882.5 (주간)",,,,,,"0.00",,"0","0.0","0"
"C0167885","코스피200 P 202607   885.0 (야간)",,,,,,"0.00",,"0","0.0","0"
"C0167885","코스피200 P 202607   885.0 (주간)",,,,,,"0.00",,"0","0.0","0"
"C0167887","코스피200 P 202607   887.5 (야간)",,,,,,"0.00",,"0","0.0","0"
"C0167887","코스피200 P 202607   887.5 (주간)",,,,,,"0.00",,"0","0.0","0"
"C0167890","코스피200 P 202607   890.0 (야간)",,,,,,"0.00",,"0","0.0","0"
"C0167890","코스피200 P 202607   890.0 (주간)",,,,,,"0.00",,"0","0.0","0"
"C0167892","코스피200 P 202607   892.5 (야간)",,,,,,"0.00",,"0","0.0","0"
"C0167892","코스피200 P 202607   892.5 (주간)",,,,,,"0.00",,"0","0.0","0"
"C0167895","코스피200 P 202607   895.0 (야간)",,,,,,"0.00",,"0","0.0","0"
"C0167895","코스피200 P 202607   895.0 (주간)",,,,,,"0.00",,"0","0.0","0"
"C0167897","코스피200 P 202607   897.5 (야간)",,,,,,"0.00",,"0","0.0","0"
"C0167897","코스피200 P 202607   897.5 (주간)",,,,,,"0.00",,"0","0.0","0"
"C0167900","코스피200 P 202607   900.0 (야간)",,,,,,"0.00",,"0","0.0","2"
"C0167900","코스피200 P 202607   900.0 (주간)",,,,,,"0.00",,"0","0.0","2"
"C0167902","코스피200 P 202607   902.5 (야간)",,,,,,"0.00",,"0","0.0","0"
"C0167902","코스피200 P 202607   902.5 (주간)",,,,,,"0.00",,"0","0.0","0"
"C0167905","코스피200 P 202607   905.0 (야간)",,,,,,"0.00",,"0","0.0","5"
"C0167905","코스피200 P 202607   905.0 (주간)",,,,,,"0.00",,"0","0.0","5"
"C0167907","코스피200 P 202607   907.5 (야간)",,,,,,"0.00",,"0","0.0","0"
"C0167907","코스피200 P 202607   907.5 (주간)",,,,,,"0.00",,"0","0.0","0"
"C0167910","코스피200 P 202607   910.0 (야간)",,,,,,"0.00",,"0","0.0","0"
"C0167910","코스피200 P 202607   910.0 (주간)",,,,,,"0.00",,"0","0.0","0"
"C0167912","코스피200 P 202607   912.5 (야간)",,,,,,"0.00",,"0","0.0","0"
"C0167912","코스피200 P 202607   912.5 (주간)",,,,,,"0.00",,"0","0.0","0"
"C0167915","코스피200 P 202607   915.0 (야간)",,,,,,"0.00",,"0","0.0","0"
"C0167915","코스피200 P 202607   915.0 (주간)",,,,,,"0.00",,"0","0.0","0"
"C0167917","코스피200 P 202607   917.5 (야간)",,,,,,"0.00",,"0","0.0","0"
"C0167917","코스피200 P 202607   917.5 (주간)",,,,,,"0.00",,"0","0.0","0"
"C0167920","코스피200 P 202607   920.0 (야간)",,,,,,"0.00",,"0","0.0","0"
"C0167920","코스피200 P 202607   920.0 (주간)",,,,,,"0.00",,"0","0.0","0"
"C0167922","코스피200 P 202607   922.5 (야간)",,,,,,"0.00",,"0","0.0","0"
"C0167922","코스피200 P 202607   922.5 (주간)",,,,,,"0.00",,"0","0.0","0"
"C0167925","코스피200 P 202607   925.0 (야간)",,,,,,"0.00",,"0","0.0","0"
"C0167925","코스피200 P 202607   925.0 (주간)",,,,,,"0.00",,"0","0.0","0"
"C0167927","코스피200 P 202607   927.5 (야간)",,,,,,"0.00",,"0","0.0","0"
"C0167927","코스피200 P 202607   927.5 (주간)",,,,,,"0.00",,"0","0.0","0"
"C0167930","코스피200 P 202607   930.0 (야간)",,,,,,"0.00",,"0","0.0","0"
"C0167930","코스피200 P 202607   930.0 (주간)",,,,,,"0.00",,"0","0.0","0"
"C0167932","코스피200 P 202607   932.5 (야간)",,,,,,"0.00",,"0","0.0","0"
"C0167932","코스피200 P 202607   932.5 (주간)",,,,,,"0.00",,"0","0.0","0"
"C0167935","코스피200 P 202607   935.0 (야간)",,,,,,"0.00",,"0","0.0","0"
"C0167935","코스피200 P 202607   935.0 (주간)",,,,,,"0.00",,"0","0.0","0"
"C0167937","코스피200 P 202607   937.5 (야간)",,,,,,"0.00",,"0","0.0","0"
"C0167937","코스피200 P 202607   937.5 (주간)",,,,,,"0.00",,"0","0.0","0"
"C0167940","코스피200 P 202607   940.0 (야간)",,,,,,"0.00",,"0","0.0","0"
"C0167940","코스피200 P 202607   940.0 (주간)",,,,,,"0.00",,"0","0.0","0"
"C0167942","코스피200 P 202607   942.5 (야간)",,,,,,"0.00",,"0","0.0","0"
"C0167942","코스피200 P 202607   942.5 (주간)",,,,,,"0.00",,"0","0.0","0"
"C0167945","코스피200 P 202607   945.0 (야간)",,,,,,"0.00",,"0","0.0","0"
"C0167945","코스피200 P 202607   945.0 (주간)",,,,,,"0.00",,"0","0.0","0"
"C0167947","코스피200 P 202607   947.5 (야간)",,,,,,"0.00",,"0","0.0","0"
"C0167947","코스피200 P 202607   947.5 (주간)",,,,,,"0.00",,"0","0.0","0"
"C0167950","코스피200 P 202607   950.0 (야간)",,,,,,"0.00",,"0","0.0","0"
"C0167950","코스피200 P 202607   950.0 (주간)",,,,,,"0.00",,"0","0.0","0"
"C0167952","코스피200 P 202607   952.5 (야간)",,,,,,"0.00",,"0","0.0","0"
"C0167952","코스피200 P 202607   952.5 (주간)",,,,,,"0.00",,"0","0.0","0"
"C0167955","코스피200 P 202607   955.0 (야간)",,,,,,"0.00",,"0","0.0","0"
"C0167955","코스피200 P 202607   955.0 (주간)",,,,,,"0.00",,"0","0.0","0"
"C0167957","코스피200 P 202607   957.5 (야간)",,,,,,"0.00",,"0","0.0","0"
"C0167957","코스피200 P 202607   957.5 (주간)",,,,,,"0.00",,"0","0.0","0"
"C0167960","코스피200 P 202607   960.0 (야간)",,,,,,"0.00",,"0","0.0","0"
"C0167960","코스피200 P 202607   960.0 (주간)",,,,,,"0.00",,"0","0.0","0"
"C0167962","코스피200 P 202607   962.5 (야간)",,,,,,"0.00",,"0","0.0","0"
"C0167962","코스피200 P 202607   962.5 (주간)",,,,,,"0.00",,"0","0.0","0"
"C0167965","코스피200 P 202607   965.0 (야간)",,,,,,"0.00",,"0","0.0","0"
"C0167965","코스피200 P 202607   965.0 (주간)",,,,,,"0.00",,"0","0.0","0"
"C0167967","코스피200 P 202607   967.5 (야간)",,,,,,"0.00",,"0","0.0","0"
"C0167967","코스피200 P 202607   967.5 (주간)",,,,,,"0.00",,"0","0.0","0"
"C0167970","코스피200 P 202607   970.0 (야간)",,,,,,"0.00",,"0","0.0","0"
"C0167970","코스피200 P 202607   970.0 (주간)",,,,,,"0.00",,"0","0.0","0"
"C0167972","코스피200 P 202607   972.5 (야간)",,,,,,"0.00",,"0","0.0","0"
"C0167972","코스피200 P 202607   972.5 (주간)",,,,,,"0.00",,"0","0.0","0"
"C0167975","코스피200 P 202607   975.0 (야간)",,,,,,"0.00",,"0","0.0","0"
"C0167975","코스피200 P 202607   975.0 (주간)",,,,,,"0.00",,"0","0.0","0"
"C0167977","코스피200 P 202607   977.5 (야간)",,,,,,"0.00",,"0","0.0","0"
"C0167977","코스피200 P 202607   977.5 (주간)",,,,,,"0.00",,"0","0.0","0"
"C0167980","코스피200 P 202607   980.0 (야간)",,,,,,"0.00",,"0","0.0","0"
"C0167980","코스피200 P 202607   980.0 (주간)",,,,,,"0.00",,"0","0.0","0"
"C0167982","코스피200 P 202607   982.5 (야간)",,,,,,"0.00",,"0","0.0","0"
"C0167982","코스피200 P 202607   982.5 (주간)",,,,,,"0.00",,"0","0.0","0"
"C0167985","코스피200 P 202607   985.0 (야간)",,,,,,"0.00",,"0","0.0","0"
"C0167985","코스피200 P 202607   985.0 (주간)",,,,,,"0.00",,"0","0.0","0"
"C0167987","코스피200 P 202607   987.5 (야간)",,,,,,"0.00",,"0","0.0","0"
"C0167987","코스피200 P 202607   987.5 (주간)",,,,,,"0.00",,"0","0.0","0"
"C0167990","코스피200 P 202607   990.0 (야간)",,,,,,"0.00",,"0","0.0","0"
"C0167990","코스피200 P 202607   990.0 (주간)",,,,,,"0.00",,"0","0.0","0"
"C0167992","코스피200 P 202607   992.5 (야간)",,,,,,"0.00",,"0","0.0","0"
"C0167992","코스피200 P 202607   992.5 (주간)",,,,,,"0.00",,"0","0.0","0"
"C0167995","코스피200 P 202607   995.0 (야간)",,,,,,"0.00",,"0","0.0","0"
"C0167995","코스피200 P 202607   995.0 (주간)",,,,,,"0.00",,"0","0.0","0"
"C0167997","코스피200 P 202607   997.5 (야간)",,,,,,"0.00",,"0","0.0","0"
"C0167997","코스피200 P 202607   997.5 (주간)",,,,,,"0.00",,"0","0.0","0"
"C0167A01","코스피200 P 202607 1,000.0 (야간)",,,,,,"0.00",,"0","0.0","0"
"C0167A01","코스피200 P 202607 1,000.0 (주간)",,,,,,"0.00",,"0","0.0","0"
"C0167A07","코스피200 P 202607 1,002.5 (야간)",,,,,,"0.00",,"0","0.0","0"
"C0167A07","코스피200 P 202607 1,002.5 (주간)",,,,,,"0.00",,"0","0.0","0"
"C0167A02","코스피200 P 202607 1,005.0 (야간)",,,,,,"0.00",,"0","0.0","0"
"C0167A02","코스피200 P 202607 1,005.0 (주간)",,,,,,"0.00",,"0","0.0","0"
"C0167A08","코스피200 P 202607 1,007.5 (야간)",,,,,,"0.00",,"0","0.0","0"
"C0167A08","코스피200 P 202607 1,007.5 (주간)",,,,,,"0.00",,"0","0.0","0"
"C0167A03","코스피200 P 202607 1,010.0 (야간)",,,,,,"0.00",,"0","0.0","0"
"C0167A03","코스피200 P 202607 1,010.0 (주간)",,,,,,"0.00",,"0","0.0","0"
"C0167A09","코스피200 P 202607 1,012.5 (야간)",,,,,,"0.00",,"0","0.0","0"
"C0167A09","코스피200 P 202607 1,012.5 (주간)",,,,,,"0.00",,"0","0.0","0"
"C0167A04","코스피200 P 202607 1,015.0 (야간)",,,,,,"0.00",,"0","0.0","0"
"C0167A04","코스피200 P 202607 1,015.0 (주간)",,,,,,"0.00",,"0","0.0","0"
"C0167A10","코스피200 P 202607 1,017.5 (야간)",,,,,,"0.00",,"0","0.0","0"
"C0167A10","코스피200 P 202607 1,017.5 (주간)",,,,,,"0.00",,"0","0.0","0"
"C0167A05","코스피200 P 202607 1,020.0 (야간)",,,,,,"0.00",,"0","0.0","0"
"C0167A05","코스피200 P 202607 1,020.0 (주간)",,,,,,"0.00",,"0","0.0","0"
"C0167A11","코스피200 P 202607 1,022.5 (야간)",,,,,,"0.00",,"0","0.0","0"
"C0167A11","코스피200 P 202607 1,022.5 (주간)",,,,,,"0.00",,"0","0.0","0"
"C0167A06","코스피200 P 202607 1,025.0 (야간)",,,,,,"0.00",,"0","0.0","0"
"C0167A06","코스피200 P 202607 1,025.0 (주간)",,,,,,"0.00",,"0","0.0","0"
"C0167A20","코스피200 P 202607 1,027.5 (야간)",,,,,,"0.00",,"0","0.0","0"
"C0167A20","코스피200 P 202607 1,027.5 (주간)",,,,,,"0.00",,"0","0.0","0"
"C0167A12","코스피200 P 202607 1,030.0 (야간)",,,,,,"0.00",,"0","0.0","0"
"C0167A12","코스피200 P 202607 1,030.0 (주간)",,,,,,"0.00",,"0","0.0","0"
"C0167A21","코스피200 P 202607 1,032.5 (야간)",,,,,,"0.00",,"0","0.0","0"
"C0167A21","코스피200 P 202607 1,032.5 (주간)",,,,,,"0.00",,"0","0.0","0"
"C0167A13","코스피200 P 202607 1,035.0 (야간)",,,,,,"0.00",,"0","0.0","0"
"C0167A13","코스피200 P 202607 1,035.0 (주간)",,,,,,"0.00",,"0","0.0","0"
"C0167A22","코스피200 P 202607 1,037.5 (야간)",,,,,,"0.00",,"0","0.0","0"
"C0167A22","코스피200 P 202607 1,037.5 (주간)",,,,,,"0.00",,"0","0.0","0"
"C0167A14","코스피200 P 202607 1,040.0 (야간)",,,,,,"0.00",,"0","0.0","0"
"C0167A14","코스피200 P 202607 1,040.0 (주간)",,,,,,"0.00",,"0","0.0","0"
"C0167A23","코스피200 P 202607 1,042.5 (야간)",,,,,,"0.00",,"0","0.0","0"
"C0167A23","코스피200 P 202607 1,042.5 (주간)",,,,,,"0.00",,"0","0.0","0"
"C0167A15","코스피200 P 202607 1,045.0 (야간)",,,,,,"0.00",,"0","0.0","0"
"C0167A15","코스피200 P 202607 1,045.0 (주간)",,,,,,"0.00",,"0","0.0","0"
"C0167A24","코스피200 P 202607 1,047.5 (야간)",,,,,,"0.00",,"0","0.0","0"
"C0167A24","코스피200 P 202607 1,047.5 (주간)",,,,,,"0.00",,"0","0.0","0"
"C0167A16","코스피200 P 202607 1,050.0 (야간)",,,,,,"0.00",,"0","0.0","0"
"C0167A16","코스피200 P 202607 1,050.0 (주간)",,,,,,"0.00",,"0","0.0","0"
"C0167A25","코스피200 P 202607 1,052.5 (야간)",,,,,,"0.00",,"0","0.0","0"
"C0167A25","코스피200 P 202607 1,052.5 (주간)",,,,,,"0.00",,"0","0.0","0"
"C0167A17","코스피200 P 202607 1,055.0 (야간)",,,,,,"0.00",,"0","0.0","0"
"C0167A17","코스피200 P 202607 1,055.0 (주간)",,,,,,"0.00",,"0","0.0","0"
"C0167A26","코스피200 P 202607 1,057.5 (야간)",,,,,,"0.00",,"0","0.0","0"
"C0167A26","코스피200 P 202607 1,057.5 (주간)",,,,,,"0.00",,"0","0.0","0"
"C0167A18","코스피200 P 202607 1,060.0 (야간)",,,,,,"0.00",,"0","0.0","0"
"C0167A18","코스피200 P 202607 1,060.0 (주간)",,,,,,"0.00",,"0","0.0","0"
"C0167A27","코스피200 P 202607 1,062.5 (야간)",,,,,,"0.00",,"0","0.0","0"
"C0167A27","코스피200 P 202607 1,062.5 (주간)",,,,,,"0.00",,"0","0.0","0"
"C0167A19","코스피200 P 202607 1,065.0 (야간)",,,,,,"0.00",,"0","0.0","0"
"C0167A19","코스피200 P 202607 1,065.0 (주간)",,,,,,"0.00",,"0","0.0","0"
"C0168625","코스피200 P 202608   625.0 (야간)",,,,,,"0.00",,"0","0.0","452"
"C0168625","코스피200 P 202608   625.0 (주간)",,,,,,"0.00",,"0","0.0","452"
"C0168630","코스피200 P 202608   630.0 (야간)",,,,,,"0.00",,"0","0.0","0"
"C0168630","코스피200 P 202608   630.0 (주간)",,,,,,"0.00",,"0","0.0","0"
"C0168635","코스피200 P 202608   635.0 (야간)",,,,,,"0.00",,"0","0.0","150"
"C0168635","코스피200 P 202608   635.0 (주간)",,,,,,"0.00",,"0","0.0","150"
"C0168640","코스피200 P 202608   640.0 (야간)",,,,,,"0.00",,"0","0.0","0"
"C0168640","코스피200 P 202608   640.0 (주간)",,,,,,"0.00",,"0","0.0","0"
"C0168645","코스피200 P 202608   645.0 (야간)",,,,,,"0.00",,"0","0.0","0"
"C0168645","코스피200 P 202608   645.0 (주간)",,,,,,"0.00",,"0","0.0","0"
"C0168650","코스피200 P 202608   650.0 (야간)",,,,,,"0.00",,"0","0.0","100"
"C0168650","코스피200 P 202608   650.0 (주간)",,,,,,"0.00",,"0","0.0","100"
"C0168655","코스피200 P 202608   655.0 (야간)",,,,,,"0.00",,"0","0.0","0"
"C0168655","코스피200 P 202608   655.0 (주간)",,,,,,"0.00",,"0","0.0","0"
"C0168660","코스피200 P 202608   660.0 (야간)",,,,,,"0.00",,"0","0.0","0"
"C0168660","코스피200 P 202608   660.0 (주간)",,,,,,"0.00",,"0","0.0","0"
"C0168665","코스피200 P 202608   665.0 (야간)",,,,,,"0.00",,"0","0.0","0"
"C0168665","코스피200 P 202608   665.0 (주간)",,,,,,"0.00",,"0","0.0","0"
"C0168670","코스피200 P 202608   670.0 (야간)",,,,,,"0.00",,"0","0.0","0"
"C0168670","코스피200 P 202608   670.0 (주간)",,,,,,"0.00",,"0","0.0","0"
"C0168675","코스피200 P 202608   675.0 (야간)",,,,,,"0.00",,"0","0.0","50"
"C0168675","코스피200 P 202608   675.0 (주간)",,,,,,"0.00",,"0","0.0","50"
"C0168680","코스피200 P 202608   680.0 (야간)",,,,,,"0.00",,"0","0.0","100"
"C0168680","코스피200 P 202608   680.0 (주간)",,,,,,"0.00",,"0","0.0","100"
"C0168685","코스피200 P 202608   685.0 (야간)",,,,,,"0.00",,"0","0.0","0"
"C0168685","코스피200 P 202608   685.0 (주간)",,,,,,"0.00",,"0","0.0","0"
"C0168690","코스피200 P 202608   690.0 (야간)",,,,,,"0.00",,"0","0.0","1"
"C0168690","코스피200 P 202608   690.0 (주간)",,,,,,"0.00",,"0","0.0","1"
"C0168695","코스피200 P 202608   695.0 (야간)",,,,,,"0.00",,"0","0.0","80"
"C0168695","코스피200 P 202608   695.0 (주간)",,,,,,"0.00",,"0","0.0","80"
"C0168700","코스피200 P 202608   700.0 (야간)",,,,,,"0.00",,"0","0.0","200"
"C0168700","코스피200 P 202608   700.0 (주간)",,,,,,"0.00",,"0","0.0","200"
"C0168705","코스피200 P 202608   705.0 (야간)",,,,,,"0.00",,"0","0.0","0"
"C0168705","코스피200 P 202608   705.0 (주간)",,,,,,"0.00",,"0","0.0","0"
"C0168710","코스피200 P 202608   710.0 (야간)",,,,,,"0.00",,"0","0.0","0"
"C0168710","코스피200 P 202608   710.0 (주간)",,,,,,"0.00",,"0","0.0","0"
"C0168715","코스피200 P 202608   715.0 (야간)",,,,,,"0.00",,"0","0.0","0"
"C0168715","코스피200 P 202608   715.0 (주간)",,,,,,"0.00",,"0","0.0","0"
"C0168720","코스피200 P 202608   720.0 (야간)",,,,,,"0.00",,"0","0.0","100"
"C0168720","코스피200 P 202608   720.0 (주간)",,,,,,"0.00",,"0","0.0","100"
"C0168725","코스피200 P 202608   725.0 (야간)",,,,,,"0.00",,"0","0.0","100"
"C0168725","코스피200 P 202608   725.0 (주간)",,,,,,"0.00",,"0","0.0","100"
"C0168730","코스피200 P 202608   730.0 (야간)",,,,,,"0.00",,"0","0.0","0"
"C0168730","코스피200 P 202608   730.0 (주간)",,,,,,"0.00",,"0","0.0","0"
"C0168735","코스피200 P 202608   735.0 (야간)",,,,,,"0.00",,"0","0.0","0"
"C0168735","코스피200 P 202608   735.0 (주간)",,,,,,"0.00",,"0","0.0","0"
"C0168740","코스피200 P 202608   740.0 (야간)",,,,,,"0.00",,"0","0.0","0"
"C0168740","코스피200 P 202608   740.0 (주간)",,,,,,"0.00",,"0","0.0","0"
"C0168745","코스피200 P 202608   745.0 (야간)",,,,,,"0.00",,"0","0.0","0"
"C0168745","코스피200 P 202608   745.0 (주간)",,,,,,"0.00",,"0","0.0","0"
"C0168750","코스피200 P 202608   750.0 (야간)",,,,,,"0.00",,"0","0.0","26"
"C0168750","코스피200 P 202608   750.0 (주간)",,,,,,"0.00",,"0","0.0","26"
"C0168755","코스피200 P 202608   755.0 (야간)",,,,,,"0.00",,"0","0.0","0"
"C0168755","코스피200 P 202608   755.0 (주간)",,,,,,"0.00",,"0","0.0","0"
"C0168760","코스피200 P 202608   760.0 (야간)",,,,,,"0.00",,"0","0.0","0"
"C0168760","코스피200 P 202608   760.0 (주간)",,,,,,"0.00",,"0","0.0","0"
"C0168765","코스피200 P 202608   765.0 (야간)",,,,,,"0.00",,"0","0.0","1"
"C0168765","코스피200 P 202608   765.0 (주간)",,,,,,"0.00",,"0","0.0","1"
"C0168770","코스피200 P 202608   770.0 (야간)",,,,,,"0.00",,"0","0.0","0"
"C0168770","코스피200 P 202608   770.0 (주간)",,,,,,"0.00",,"0","0.0","0"
"C0168775","코스피200 P 202608   775.0 (야간)",,,,,,"0.00",,"0","0.0","0"
"C0168775","코스피200 P 202608   775.0 (주간)",,,,,,"0.00",,"0","0.0","0"
"C0168780","코스피200 P 202608   780.0 (야간)",,,,,,"0.00",,"0","0.0","0"
"C0168780","코스피200 P 202608   780.0 (주간)",,,,,,"0.00",,"0","0.0","0"
"C0168785","코스피200 P 202608   785.0 (야간)",,,,,,"0.00",,"0","0.0","0"
"C0168785","코스피200 P 202608   785.0 (주간)",,,,,,"0.00",,"0","0.0","0"
"C0168790","코스피200 P 202608   790.0 (야간)",,,,,,"0.00",,"0","0.0","0"
"C0168790","코스피200 P 202608   790.0 (주간)",,,,,,"0.00",,"0","0.0","0"
"C0168795","코스피200 P 202608   795.0 (야간)",,,,,,"0.00",,"0","0.0","0"
"C0168795","코스피200 P 202608   795.0 (주간)",,,,,,"0.00",,"0","0.0","0"
"C0168800","코스피200 P 202608   800.0 (야간)",,,,,,"0.00",,"0","0.0","0"
"C0168800","코스피200 P 202608   800.0 (주간)",,,,,,"0.00",,"0","0.0","0"
"C0168805","코스피200 P 202608   805.0 (야간)",,,,,,"0.00",,"0","0.0","0"
"C0168805","코스피200 P 202608   805.0 (주간)",,,,,,"0.00",,"0","0.0","0"
"C0168810","코스피200 P 202608   810.0 (야간)",,,,,,"0.00",,"0","0.0","10"
"C0168810","코스피200 P 202608   810.0 (주간)",,,,,,"0.00",,"0","0.0","10"
"C0168815","코스피200 P 202608   815.0 (야간)",,,,,,"0.00",,"0","0.0","0"
"C0168815","코스피200 P 202608   815.0 (주간)",,,,,,"0.00",,"0","0.0","0"
"C0168820","코스피200 P 202608   820.0 (야간)",,,,,,"0.00",,"0","0.0","0"
"C0168820","코스피200 P 202608   820.0 (주간)",,,,,,"0.00",,"0","0.0","0"
"C0168825","코스피200 P 202608   825.0 (야간)",,,,,,"0.00",,"0","0.0","0"
"C0168825","코스피200 P 202608   825.0 (주간)",,,,,,"0.00",,"0","0.0","0"
"C0168830","코스피200 P 202608   830.0 (야간)",,,,,,"0.00",,"0","0.0","0"
"C0168830","코스피200 P 202608   830.0 (주간)",,,,,,"0.00",,"0","0.0","0"
"C0168835","코스피200 P 202608   835.0 (야간)",,,,,,"0.00",,"0","0.0","0"
"C0168835","코스피200 P 202608   835.0 (주간)",,,,,,"0.00",,"0","0.0","0"
"C0168840","코스피200 P 202608   840.0 (야간)",,,,,,"0.00",,"0","0.0","0"
"C0168840","코스피200 P 202608   840.0 (주간)",,,,,,"0.00",,"0","0.0","0"
"C0168845","코스피200 P 202608   845.0 (야간)",,,,,,"0.00",,"0","0.0","0"
"C0168845","코스피200 P 202608   845.0 (주간)",,,,,,"0.00",,"0","0.0","0"
"C0168850","코스피200 P 202608   850.0 (야간)",,,,,,"0.00",,"0","0.0","0"
"C0168850","코스피200 P 202608   850.0 (주간)",,,,,,"0.00",,"0","0.0","0"
"C0168855","코스피200 P 202608   855.0 (야간)",,,,,,"0.00",,"0","0.0","0"
"C0168855","코스피200 P 202608   855.0 (주간)",,,,,,"0.00",,"0","0.0","0"
"C0168860","코스피200 P 202608   860.0 (야간)",,,,,,"0.00",,"0","0.0","0"
"C0168860","코스피200 P 202608   860.0 (주간)",,,,,,"0.00",,"0","0.0","0"
"C0168865","코스피200 P 202608   865.0 (야간)",,,,,,"0.00",,"0","0.0","0"
"C0168865","코스피200 P 202608   865.0 (주간)",,,,,,"0.00",,"0","0.0","0"
"C0168870","코스피200 P 202608   870.0 (야간)",,,,,,"0.00",,"0","0.0","0"
"C0168870","코스피200 P 202608   870.0 (주간)",,,,,,"0.00",,"0","0.0","0"
"C0168875","코스피200 P 202608   875.0 (야간)",,,,,,"0.00",,"0","0.0","0"
"C0168875","코스피200 P 202608   875.0 (주간)",,,,,,"0.00",,"0","0.0","0"
"C0168880","코스피200 P 202608   880.0 (야간)",,,,,,"0.00",,"0","0.0","0"
"C0168880","코스피200 P 202608   880.0 (주간)",,,,,,"0.00",,"0","0.0","0"
"C0168885","코스피200 P 202608   885.0 (야간)",,,,,,"0.00",,"0","0.0","0"
"C0168885","코스피200 P 202608   885.0 (주간)",,,,,,"0.00",,"0","0.0","0"
"C0168890","코스피200 P 202608   890.0 (야간)",,,,,,"0.00",,"0","0.0","0"
"C0168890","코스피200 P 202608   890.0 (주간)",,,,,,"0.00",,"0","0.0","0"
"C0168895","코스피200 P 202608   895.0 (야간)",,,,,,"0.00",,"0","0.0","0"
"C0168895","코스피200 P 202608   895.0 (주간)",,,,,,"0.00",,"0","0.0","0"
"C0168900","코스피200 P 202608   900.0 (야간)",,,,,,"0.00",,"0","0.0","0"
"C0168900","코스피200 P 202608   900.0 (주간)",,,,,,"0.00",,"0","0.0","0"
"C0168905","코스피200 P 202608   905.0 (야간)",,,,,,"0.00",,"0","0.0","0"
"C0168905","코스피200 P 202608   905.0 (주간)",,,,,,"0.00",,"0","0.0","0"
"C0168910","코스피200 P 202608   910.0 (야간)",,,,,,"0.00",,"0","0.0","8"
"C0168910","코스피200 P 202608   910.0 (주간)",,,,,,"0.00",,"0","0.0","8"
"C0168915","코스피200 P 202608   915.0 (야간)",,,,,,"0.00",,"0","0.0","3"
"C0168915","코스피200 P 202608   915.0 (주간)",,,,,,"0.00",,"0","0.0","3"
"C0168920","코스피200 P 202608   920.0 (야간)",,,,,,"0.00",,"0","0.0","0"
"C0168920","코스피200 P 202608   920.0 (주간)",,,,,,"0.00",,"0","0.0","0"
"C0168925","코스피200 P 202608   925.0 (야간)",,,,,,"0.00",,"0","0.0","0"
"C0168925","코스피200 P 202608   925.0 (주간)",,,,,,"0.00",,"0","0.0","0"
"C0168930","코스피200 P 202608   930.0 (야간)",,,,,,"0.00",,"0","0.0","0"
"C0168930","코스피200 P 202608   930.0 (주간)",,,,,,"0.00",,"0","0.0","0"
"C0168935","코스피200 P 202608   935.0 (야간)",,,,,,"0.00",,"0","0.0","0"
"C0168935","코스피200 P 202608   935.0 (주간)",,,,,,"0.00",,"0","0.0","0"
"C0168940","코스피200 P 202608   940.0 (야간)",,,,,,"0.00",,"0","0.0","0"
"C0168940","코스피200 P 202608   940.0 (주간)",,,,,,"0.00",,"0","0.0","0"
"C0168945","코스피200 P 202608   945.0 (야간)",,,,,,"0.00",,"0","0.0","5"
"C0168945","코스피200 P 202608   945.0 (주간)",,,,,,"0.00",,"0","0.0","5"
"C0168950","코스피200 P 202608   950.0 (야간)",,,,,,"0.00",,"0","0.0","0"
"C0168950","코스피200 P 202608   950.0 (주간)",,,,,,"0.00",,"0","0.0","0"
"C0168955","코스피200 P 202608   955.0 (야간)",,,,,,"0.00",,"0","0.0","0"
"C0168955","코스피200 P 202608   955.0 (주간)",,,,,,"0.00",,"0","0.0","0"
"C0168960","코스피200 P 202608   960.0 (야간)",,,,,,"0.00",,"0","0.0","0"
"C0168960","코스피200 P 202608   960.0 (주간)",,,,,,"0.00",,"0","0.0","0"
"C0168965","코스피200 P 202608   965.0 (야간)",,,,,,"0.00",,"0","0.0","0"
"C0168965","코스피200 P 202608   965.0 (주간)",,,,,,"0.00",,"0","0.0","0"
"C0168970","코스피200 P 202608   970.0 (야간)",,,,,,"0.00",,"0","0.0","0"
"C0168970","코스피200 P 202608   970.0 (주간)",,,,,,"0.00",,"0","0.0","0"
"C0168975","코스피200 P 202608   975.0 (야간)",,,,,,"0.00",,"0","0.0","0"
"C0168975","코스피200 P 202608   975.0 (주간)",,,,,,"0.00",,"0","0.0","0"
"C0168980","코스피200 P 202608   980.0 (야간)",,,,,,"0.00",,"0","0.0","0"
"C0168980","코스피200 P 202608   980.0 (주간)",,,,,,"0.00",,"0","0.0","0"
"C0168985","코스피200 P 202608   985.0 (야간)",,,,,,"0.00",,"0","0.0","0"
"C0168985","코스피200 P 202608   985.0 (주간)",,,,,,"0.00",,"0","0.0","0"
"C0168990","코스피200 P 202608   990.0 (야간)",,,,,,"0.00",,"0","0.0","0"
"C0168990","코스피200 P 202608   990.0 (주간)",,,,,,"0.00",,"0","0.0","0"
"C0168995","코스피200 P 202608   995.0 (야간)",,,,,,"0.00",,"0","0.0","0"
"C0168995","코스피200 P 202608   995.0 (주간)",,,,,,"0.00",,"0","0.0","0"
"C0168A01","코스피200 P 202608 1,000.0 (야간)",,,,,,"0.00",,"0","0.0","0"
"C0168A01","코스피200 P 202608 1,000.0 (주간)",,,,,,"0.00",,"0","0.0","0"
"C0168A02","코스피200 P 202608 1,005.0 (야간)",,,,,,"0.00",,"0","0.0","0"
"C0168A02","코스피200 P 202608 1,005.0 (주간)",,,,,,"0.00",,"0","0.0","0"
"C0168A03","코스피200 P 202608 1,010.0 (야간)",,,,,,"0.00",,"0","0.0","0"
"C0168A03","코스피200 P 202608 1,010.0 (주간)",,,,,,"0.00",,"0","0.0","0"
"C0168A04","코스피200 P 202608 1,015.0 (야간)",,,,,,"0.00",,"0","0.0","0"
"C0168A04","코스피200 P 202608 1,015.0 (주간)",,,,,,"0.00",,"0","0.0","0"
"C0168A05","코스피200 P 202608 1,020.0 (야간)",,,,,,"0.00",,"0","0.0","0"
"C0168A05","코스피200 P 202608 1,020.0 (주간)",,,,,,"0.00",,"0","0.0","0"
"C0168A06","코스피200 P 202608 1,025.0 (야간)",,,,,,"0.00",,"0","0.0","0"
"C0168A06","코스피200 P 202608 1,025.0 (주간)",,,,,,"0.00",,"0","0.0","0"
"C0168A12","코스피200 P 202608 1,030.0 (야간)",,,,,,"0.00",,"0","0.0","0"
"C0168A12","코스피200 P 202608 1,030.0 (주간)",,,,,,"0.00",,"0","0.0","0"
"C0168A13","코스피200 P 202608 1,035.0 (야간)",,,,,,"0.00",,"0","0.0","0"
"C0168A13","코스피200 P 202608 1,035.0 (주간)",,,,,,"0.00",,"0","0.0","0"
"C0168A14","코스피200 P 202608 1,040.0 (야간)",,,,,,"0.00",,"0","0.0","0"
"C0168A14","코스피200 P 202608 1,040.0 (주간)",,,,,,"0.00",,"0","0.0","0"
"C0168A15","코스피200 P 202608 1,045.0 (야간)",,,,,,"0.00",,"0","0.0","0"
"C0168A15","코스피200 P 202608 1,045.0 (주간)",,,,,,"0.00",,"0","0.0","0"
"C0168A16","코스피200 P 202608 1,050.0 (야간)",,,,,,"0.00",,"0","0.0","0"
"C0168A16","코스피200 P 202608 1,050.0 (주간)",,,,,,"0.00",,"0","0.0","0"
"C0168A17","코스피200 P 202608 1,055.0 (야간)",,,,,,"0.00",,"0","0.0","0"
"C0168A17","코스피200 P 202608 1,055.0 (주간)",,,,,,"0.00",,"0","0.0","0"
"C0168A18","코스피200 P 202608 1,060.0 (야간)",,,,,,"0.00",,"0","0.0","0"
"C0168A18","코스피200 P 202608 1,060.0 (주간)",,,,,,"0.00",,"0","0.0","0"
"C0168A19","코스피200 P 202608 1,065.0 (야간)",,,,,,"0.00",,"0","0.0","0"
"C0168A19","코스피200 P 202608 1,065.0 (주간)",,,,,,"0.00",,"0","0.0","0"
"C0169335","코스피200 P 202609   335.0 (야간)",,,,,,"0.00",,"0","0.0","29"
"C0169335","코스피200 P 202609   335.0 (주간)",,,,,,"0.00",,"0","0.0","29"
"C0169340","코스피200 P 202609   340.0 (야간)",,,,,,"0.00",,"0","0.0","13"
"C0169340","코스피200 P 202609   340.0 (주간)",,,,,,"0.00",,"0","0.0","13"
"C0169345","코스피200 P 202609   345.0 (야간)",,,,,,"0.00",,"0","0.0","10"
"C0169345","코스피200 P 202609   345.0 (주간)",,,,,,"0.00",,"0","0.0","10"
"C0169350","코스피200 P 202609   350.0 (야간)",,,,,,"0.00",,"0","0.0","10"
"C0169350","코스피200 P 202609   350.0 (주간)",,,,,,"0.00",,"0","0.0","10"
"C0169355","코스피200 P 202609   355.0 (야간)",,,,,,"0.00",,"0","0.0","5"
"C0169355","코스피200 P 202609   355.0 (주간)",,,,,,"0.00",,"0","0.0","5"
"C0169360","코스피200 P 202609   360.0 (야간)",,,,,,"0.00",,"0","0.0","84"
"C0169360","코스피200 P 202609   360.0 (주간)",,,,,,"0.00",,"0","0.0","84"
"C0169365","코스피200 P 202609   365.0 (야간)",,,,,,"0.00",,"0","0.0","11"
"C0169365","코스피200 P 202609   365.0 (주간)",,,,,,"0.00",,"0","0.0","11"
"C0169370","코스피200 P 202609   370.0 (야간)",,,,,,"0.00",,"0","0.0","5"
"C0169370","코스피200 P 202609   370.0 (주간)",,,,,,"0.00",,"0","0.0","5"
"C0169375","코스피200 P 202609   375.0 (야간)",,,,,,"0.00",,"0","0.0","6"
"C0169375","코스피200 P 202609   375.0 (주간)",,,,,,"0.00",,"0","0.0","6"
"C0169380","코스피200 P 202609   380.0 (야간)",,,,,,"0.00",,"0","0.0","5"
"C0169380","코스피200 P 202609   380.0 (주간)",,,,,,"0.00",,"0","0.0","5"
"C0169385","코스피200 P 202609   385.0 (야간)",,,,,,"0.00",,"0","0.0","5"
"C0169385","코스피200 P 202609   385.0 (주간)",,,,,,"0.00",,"0","0.0","5"
"C0169390","코스피200 P 202609   390.0 (야간)",,,,,,"0.00",,"0","0.0","5"
"C0169390","코스피200 P 202609   390.0 (주간)",,,,,,"0.00",,"0","0.0","5"
"C0169395","코스피200 P 202609   395.0 (야간)",,,,,,"0.00",,"0","0.0","5"
"C0169395","코스피200 P 202609   395.0 (주간)",,,,,,"0.00",,"0","0.0","5"
"C0169400","코스피200 P 202609   400.0 (야간)",,,,,,"0.00",,"0","0.0","107"
"C0169400","코스피200 P 202609   400.0 (주간)",,,,,,"0.00",,"0","0.0","107"
"C0169405","코스피200 P 202609   405.0 (야간)",,,,,,"0.00",,"0","0.0","0"
"C0169405","코스피200 P 202609   405.0 (주간)",,,,,,"0.00",,"0","0.0","0"
"C0169410","코스피200 P 202609   410.0 (야간)",,,,,,"0.00",,"0","0.0","109"
"C0169410","코스피200 P 202609   410.0 (주간)",,,,,,"0.00",,"0","0.0","109"
"C0169415","코스피200 P 202609   415.0 (야간)",,,,,,"0.00",,"0","0.0","50"
"C0169415","코스피200 P 202609   415.0 (주간)",,,,,,"0.00",,"0","0.0","50"
"C0169420","코스피200 P 202609   420.0 (야간)",,,,,,"0.00",,"0","0.0","32"
"C0169420","코스피200 P 202609   420.0 (주간)",,,,,,"0.00",,"0","0.0","32"
"C0169425","코스피200 P 202609   425.0 (야간)",,,,,,"0.00",,"0","0.0","75"
"C0169425","코스피200 P 202609   425.0 (주간)",,,,,,"0.00",,"0","0.0","75"
"C0169430","코스피200 P 202609   430.0 (야간)",,,,,,"0.00",,"0","0.0","10"
"C0169430","코스피200 P 202609   430.0 (주간)",,,,,,"0.00",,"0","0.0","10"
"C0169435","코스피200 P 202609   435.0 (야간)",,,,,,"0.00",,"0","0.0","170"
"C0169435","코스피200 P 202609   435.0 (주간)",,,,,,"0.00",,"0","0.0","170"
"C0169440","코스피200 P 202609   440.0 (야간)",,,,,,"0.00",,"0","0.0","23"
"C0169440","코스피200 P 202609   440.0 (주간)",,,,,,"0.00",,"0","0.0","23"
"C0169445","코스피200 P 202609   445.0 (야간)",,,,,,"0.00",,"0","0.0","0"
"C0169445","코스피200 P 202609   445.0 (주간)",,,,,,"0.00",,"0","0.0","0"
"C0169450","코스피200 P 202609   450.0 (야간)",,,,,,"0.00",,"0","0.0","803"
"C0169450","코스피200 P 202609   450.0 (주간)",,,,,,"0.00",,"0","0.0","803"
"C0169455","코스피200 P 202609   455.0 (야간)",,,,,,"0.00",,"0","0.0","0"
"C0169455","코스피200 P 202609   455.0 (주간)",,,,,,"0.00",,"0","0.0","0"
"C0169460","코스피200 P 202609   460.0 (야간)",,,,,,"0.00",,"0","0.0","10"
"C0169460","코스피200 P 202609   460.0 (주간)",,,,,,"0.00",,"0","0.0","10"
"C0169465","코스피200 P 202609   465.0 (야간)",,,,,,"0.00",,"0","0.0","1"
"C0169465","코스피200 P 202609   465.0 (주간)",,,,,,"0.00",,"0","0.0","1"
"C0169470","코스피200 P 202609   470.0 (야간)",,,,,,"0.00",,"0","0.0","1"
"C0169470","코스피200 P 202609   470.0 (주간)",,,,,,"0.00",,"0","0.0","1"
"C0169475","코스피200 P 202609   475.0 (야간)",,,,,,"0.00",,"0","0.0","1"
"C0169475","코스피200 P 202609   475.0 (주간)",,,,,,"0.00",,"0","0.0","1"
"C0169480","코스피200 P 202609   480.0 (야간)",,,,,,"0.00",,"0","0.0","151"
"C0169480","코스피200 P 202609   480.0 (주간)",,,,,,"0.00",,"0","0.0","151"
"C0169485","코스피200 P 202609   485.0 (야간)",,,,,,"0.00",,"0","0.0","3"
"C0169485","코스피200 P 202609   485.0 (주간)",,,,,,"0.00",,"0","0.0","3"
"C0169490","코스피200 P 202609   490.0 (야간)",,,,,,"0.00",,"0","0.0","1"
"C0169490","코스피200 P 202609   490.0 (주간)",,,,,,"0.00",,"0","0.0","1"
"C0169495","코스피200 P 202609   495.0 (야간)",,,,,,"0.00",,"0","0.0","4"
"C0169495","코스피200 P 202609   495.0 (주간)",,,,,,"0.00",,"0","0.0","4"
"C0169500","코스피200 P 202609   500.0 (야간)",,,,,,"0.00",,"0","0.0","2289"
"C0169500","코스피200 P 202609   500.0 (주간)",,,,,,"0.00",,"0","0.0","2289"
"C0169505","코스피200 P 202609   505.0 (야간)",,,,,,"0.00",,"0","0.0","1"
"C0169505","코스피200 P 202609   505.0 (주간)",,,,,,"0.00",,"0","0.0","1"
"C0169510","코스피200 P 202609   510.0 (야간)",,,,,,"0.00",,"0","0.0","173"
"C0169510","코스피200 P 202609   510.0 (주간)",,,,,,"0.00",,"0","0.0","173"
"C0169515","코스피200 P 202609   515.0 (야간)",,,,,,"0.00",,"0","0.0","0"
"C0169515","코스피200 P 202609   515.0 (주간)",,,,,,"0.00",,"0","0.0","0"
"C0169520","코스피200 P 202609   520.0 (야간)",,,,,,"0.00",,"0","0.0","204"
"C0169520","코스피200 P 202609   520.0 (주간)",,,,,,"0.00",,"0","0.0","204"
"C0169525","코스피200 P 202609   525.0 (야간)",,,,,,"0.00",,"0","0.0","0"
"C0169525","코스피200 P 202609   525.0 (주간)",,,,,,"0.00",,"0","0.0","0"
"C0169530","코스피200 P 202609   530.0 (야간)",,,,,,"0.00",,"0","0.0","0"
"C0169530","코스피200 P 202609   530.0 (주간)",,,,,,"0.00",,"0","0.0","0"
"C0169535","코스피200 P 202609   535.0 (야간)",,,,,,"0.00",,"0","0.0","1"
"C0169535","코스피200 P 202609   535.0 (주간)",,,,,,"0.00",,"0","0.0","1"
"C0169540","코스피200 P 202609   540.0 (야간)",,,,,,"0.00",,"0","0.0","203"
"C0169540","코스피200 P 202609   540.0 (주간)",,,,,,"0.00",,"0","0.0","203"
"C0169545","코스피200 P 202609   545.0 (야간)",,,,,,"0.00",,"0","0.0","75"
"C0169545","코스피200 P 202609   545.0 (주간)",,,,,,"0.00",,"0","0.0","75"
"C0169550","코스피200 P 202609   550.0 (야간)",,,,,,"0.00",,"0","0.0","30"
"C0169550","코스피200 P 202609   550.0 (주간)",,,,,,"0.00",,"0","0.0","30"
"C0169555","코스피200 P 202609   555.0 (야간)",,,,,,"0.00",,"0","0.0","35"
"C0169555","코스피200 P 202609   555.0 (주간)",,,,,,"0.00",,"0","0.0","35"
"C0169560","코스피200 P 202609   560.0 (야간)",,,,,,"0.00",,"0","0.0","0"
"C0169560","코스피200 P 202609   560.0 (주간)",,,,,,"0.00",,"0","0.0","0"
"C0169565","코스피200 P 202609   565.0 (야간)",,,,,,"0.00",,"0","0.0","131"
"C0169565","코스피200 P 202609   565.0 (주간)",,,,,,"0.00",,"0","0.0","131"
"C0169570","코스피200 P 202609   570.0 (야간)",,,,,,"0.00",,"0","0.0","100"
"C0169570","코스피200 P 202609   570.0 (주간)",,,,,,"0.00",,"0","0.0","100"
"C0169575","코스피200 P 202609   575.0 (야간)",,,,,,"0.00",,"0","0.0","0"
"C0169575","코스피200 P 202609   575.0 (주간)",,,,,,"0.00",,"0","0.0","0"
"C0169580","코스피200 P 202609   580.0 (야간)",,,,,,"0.00",,"0","0.0","363"
"C0169580","코스피200 P 202609   580.0 (주간)",,,,,,"0.00",,"0","0.0","363"
"C0169585","코스피200 P 202609   585.0 (야간)",,,,,,"0.00",,"0","0.0","0"
"C0169585","코스피200 P 202609   585.0 (주간)",,,,,,"0.00",,"0","0.0","0"
"C0169590","코스피200 P 202609   590.0 (야간)",,,,,,"0.00",,"0","0.0","361"
"C0169590","코스피200 P 202609   590.0 (주간)",,,,,,"0.00",,"0","0.0","361"
"C0169595","코스피200 P 202609   595.0 (야간)",,,,,,"0.00",,"0","0.0","1"
"C0169595","코스피200 P 202609   595.0 (주간)",,,,,,"0.00",,"0","0.0","1"
"C0169600","코스피200 P 202609   600.0 (야간)",,,,,,"0.00",,"0","0.0","2492"
"C0169600","코스피200 P 202609   600.0 (주간)",,,,,,"0.00",,"0","0.0","2492"
"C0169605","코스피200 P 202609   605.0 (야간)",,,,,,"0.00",,"0","0.0","0"
"C0169605","코스피200 P 202609   605.0 (주간)",,,,,,"0.00",,"0","0.0","0"
"C0169610","코스피200 P 202609   610.0 (야간)",,,,,,"0.00",,"0","0.0","0"
"C0169610","코스피200 P 202609   610.0 (주간)",,,,,,"0.00",,"0","0.0","0"
"C0169615","코스피200 P 202609   615.0 (야간)",,,,,,"0.00",,"0","0.0","64"
"C0169615","코스피200 P 202609   615.0 (주간)",,,,,,"0.00",,"0","0.0","64"
"C0169620","코스피200 P 202609   620.0 (야간)",,,,,,"0.00",,"0","0.0","802"
"C0169620","코스피200 P 202609   620.0 (주간)",,,,,,"0.00",,"0","0.0","802"
"C0169625","코스피200 P 202609   625.0 (야간)",,,,,,"0.00",,"0","0.0","214"
"C0169625","코스피200 P 202609   625.0 (주간)",,,,,,"0.00",,"0","0.0","214"
"C0169630","코스피200 P 202609   630.0 (야간)",,,,,,"0.00",,"0","0.0","1115"
"C0169630","코스피200 P 202609   630.0 (주간)",,,,,,"0.00",,"0","0.0","1115"
"C0169635","코스피200 P 202609   635.0 (야간)",,,,,,"0.00",,"0","0.0","15"
"C0169635","코스피200 P 202609   635.0 (주간)",,,,,,"0.00",,"0","0.0","15"
"C0169640","코스피200 P 202609   640.0 (야간)",,,,,,"0.00",,"0","0.0","1000"
"C0169640","코스피200 P 202609   640.0 (주간)",,,,,,"0.00",,"0","0.0","1000"
"C0169645","코스피200 P 202609   645.0 (야간)",,,,,,"0.00",,"0","0.0","0"
"C0169645","코스피200 P 202609   645.0 (주간)",,,,,,"0.00",,"0","0.0","0"
"C0169650","코스피200 P 202609   650.0 (야간)",,,,,,"0.00",,"0","0.0","2367"
"C0169650","코스피200 P 202609   650.0 (주간)",,,,,,"0.00",,"0","0.0","2367"
"C0169655","코스피200 P 202609   655.0 (야간)",,,,,,"0.00",,"0","0.0","1"
"C0169655","코스피200 P 202609   655.0 (주간)",,,,,,"0.00",,"0","0.0","1"
"C0169660","코스피200 P 202609   660.0 (야간)",,,,,,"0.00",,"0","0.0","56"
"C0169660","코스피200 P 202609   660.0 (주간)",,,,,,"0.00",,"0","0.0","56"
"C0169665","코스피200 P 202609   665.0 (야간)",,,,,,"0.00",,"0","0.0","226"
"C0169665","코스피200 P 202609   665.0 (주간)",,,,,,"0.00",,"0","0.0","226"
"C0169670","코스피200 P 202609   670.0 (야간)",,,,,,"0.00",,"0","0.0","1000"
"C0169670","코스피200 P 202609   670.0 (주간)",,,,,,"0.00",,"0","0.0","1000"
"C0169675","코스피200 P 202609   675.0 (야간)",,,,,,"0.00",,"0","0.0","751"
"C0169675","코스피200 P 202609   675.0 (주간)",,,,,,"0.00",,"0","0.0","751"
"C0169680","코스피200 P 202609   680.0 (야간)",,,,,,"0.00",,"0","0.0","468"
"C0169680","코스피200 P 202609   680.0 (주간)",,,,,,"0.00",,"0","0.0","468"
"C0169685","코스피200 P 202609   685.0 (야간)",,,,,,"0.00",,"0","0.0","22"
"C0169685","코스피200 P 202609   685.0 (주간)",,,,,,"0.00",,"0","0.0","22"
"C0169690","코스피200 P 202609   690.0 (야간)",,,,,,"0.00",,"0","0.0","790"
"C0169690","코스피200 P 202609   690.0 (주간)",,,,,,"0.00",,"0","0.0","790"
"C0169695","코스피200 P 202609   695.0 (야간)",,,,,,"0.00",,"0","0.0","0"
"C0169695","코스피200 P 202609   695.0 (주간)",,,,,,"0.00",,"0","0.0","0"
"C0169700","코스피200 P 202609   700.0 (야간)",,,,,,"0.00",,"0","0.0","1795"
"C0169700","코스피200 P 202609   700.0 (주간)",,,,,,"0.00",,"0","0.0","1795"
"C0169705","코스피200 P 202609   705.0 (야간)",,,,,,"0.00",,"0","0.0","150"
"C0169705","코스피200 P 202609   705.0 (주간)",,,,,,"0.00",,"0","0.0","150"
"C0169710","코스피200 P 202609   710.0 (야간)",,,,,,"0.00",,"0","0.0","0"
"C0169710","코스피200 P 202609   710.0 (주간)",,,,,,"0.00",,"0","0.0","0"
"C0169715","코스피200 P 202609   715.0 (야간)",,,,,,"0.00",,"0","0.0","0"
"C0169715","코스피200 P 202609   715.0 (주간)",,,,,,"0.00",,"0","0.0","0"
"C0169720","코스피200 P 202609   720.0 (야간)",,,,,,"0.00",,"0","0.0","0"
"C0169720","코스피200 P 202609   720.0 (주간)",,,,,,"0.00",,"0","0.0","0"
"C0169725","코스피200 P 202609   725.0 (야간)",,,,,,"0.00",,"0","0.0","126"
"C0169725","코스피200 P 202609   725.0 (주간)",,,,,,"0.00",,"0","0.0","126"
"C0169730","코스피200 P 202609   730.0 (야간)",,,,,,"0.00",,"0","0.0","0"
"C0169730","코스피200 P 202609   730.0 (주간)",,,,,,"0.00",,"0","0.0","0"
"C0169735","코스피200 P 202609   735.0 (야간)",,,,,,"0.00",,"0","0.0","0"
"C0169735","코스피200 P 202609   735.0 (주간)",,,,,,"0.00",,"0","0.0","0"
"C0169740","코스피200 P 202609   740.0 (야간)",,,,,,"0.00",,"0","0.0","200"
"C0169740","코스피200 P 202609   740.0 (주간)",,,,,,"0.00",,"0","0.0","200"
"C0169745","코스피200 P 202609   745.0 (야간)",,,,,,"0.00",,"0","0.0","106"
"C0169745","코스피200 P 202609   745.0 (주간)",,,,,,"0.00",,"0","0.0","106"
"C0169750","코스피200 P 202609   750.0 (야간)",,,,,,"0.00",,"0","0.0","805"
"C0169750","코스피200 P 202609   750.0 (주간)",,,,,,"0.00",,"0","0.0","805"
"C0169755","코스피200 P 202609   755.0 (야간)",,,,,,"0.00",,"0","0.0","0"
"C0169755","코스피200 P 202609   755.0 (주간)",,,,,,"0.00",,"0","0.0","0"
"C0169760","코스피200 P 202609   760.0 (야간)",,,,,,"0.00",,"0","0.0","0"
"C0169760","코스피200 P 202609   760.0 (주간)",,,,,,"0.00",,"0","0.0","0"
"C0169765","코스피200 P 202609   765.0 (야간)",,,,,,"0.00",,"0","0.0","0"
"C0169765","코스피200 P 202609   765.0 (주간)",,,,,,"0.00",,"0","0.0","0"
"C0169770","코스피200 P 202609   770.0 (야간)",,,,,,"0.00",,"0","0.0","0"
"C0169770","코스피200 P 202609   770.0 (주간)",,,,,,"0.00",,"0","0.0","0"
"C0169775","코스피200 P 202609   775.0 (야간)",,,,,,"0.00",,"0","0.0","0"
"C0169775","코스피200 P 202609   775.0 (주간)",,,,,,"0.00",,"0","0.0","0"
"C0169780","코스피200 P 202609   780.0 (야간)",,,,,,"0.00",,"0","0.0","360"
"C0169780","코스피200 P 202609   780.0 (주간)",,,,,,"0.00",,"0","0.0","360"
"C0169785","코스피200 P 202609   785.0 (야간)",,,,,,"0.00",,"0","0.0","0"
"C0169785","코스피200 P 202609   785.0 (주간)",,,,,,"0.00",,"0","0.0","0"
"C0169790","코스피200 P 202609   790.0 (야간)",,,,,,"0.00",,"0","0.0","0"
"C0169790","코스피200 P 202609   790.0 (주간)",,,,,,"0.00",,"0","0.0","0"
"C0169795","코스피200 P 202609   795.0 (야간)",,,,,,"0.00",,"0","0.0","0"
"C0169795","코스피200 P 202609   795.0 (주간)",,,,,,"0.00",,"0","0.0","0"
"C0169800","코스피200 P 202609   800.0 (야간)",,,,,,"0.00",,"0","0.0","251"
"C0169800","코스피200 P 202609   800.0 (주간)",,,,,,"0.00",,"0","0.0","251"
"C0169805","코스피200 P 202609   805.0 (야간)",,,,,,"0.00",,"0","0.0","1"
"C0169805","코스피200 P 202609   805.0 (주간)",,,,,,"0.00",,"0","0.0","1"
"C0169810","코스피200 P 202609   810.0 (야간)",,,,,,"0.00",,"0","0.0","0"
"C0169810","코스피200 P 202609   810.0 (주간)",,,,,,"0.00",,"0","0.0","0"
"C0169815","코스피200 P 202609   815.0 (야간)",,,,,,"0.00",,"0","0.0","135"
"C0169815","코스피200 P 202609   815.0 (주간)",,,,,,"0.00",,"0","0.0","135"
"C0169820","코스피200 P 202609   820.0 (야간)",,,,,,"0.00",,"0","0.0","300"
"C0169820","코스피200 P 202609   820.0 (주간)",,,,,,"0.00",,"0","0.0","300"
"C0169825","코스피200 P 202609   825.0 (야간)",,,,,,"0.00",,"0","0.0","0"
"C0169825","코스피200 P 202609   825.0 (주간)",,,,,,"0.00",,"0","0.0","0"
"C0169830","코스피200 P 202609   830.0 (야간)",,,,,,"0.00",,"0","0.0","0"
"C0169830","코스피200 P 202609   830.0 (주간)",,,,,,"0.00",,"0","0.0","0"
"C0169835","코스피200 P 202609   835.0 (야간)",,,,,,"0.00",,"0","0.0","0"
"C0169835","코스피200 P 202609   835.0 (주간)",,,,,,"0.00",,"0","0.0","0"
"C0169840","코스피200 P 202609   840.0 (야간)",,,,,,"0.00",,"0","0.0","1"
"C0169840","코스피200 P 202609   840.0 (주간)",,,,,,"0.00",,"0","0.0","1"
"C0169845","코스피200 P 202609   845.0 (야간)",,,,,,"0.00",,"0","0.0","0"
"C0169845","코스피200 P 202609   845.0 (주간)",,,,,,"0.00",,"0","0.0","0"
"C0169850","코스피200 P 202609   850.0 (야간)",,,,,,"0.00",,"0","0.0","0"
"C0169850","코스피200 P 202609   850.0 (주간)",,,,,,"0.00",,"0","0.0","0"
"C0169855","코스피200 P 202609   855.0 (야간)",,,,,,"0.00",,"0","0.0","0"
"C0169855","코스피200 P 202609   855.0 (주간)",,,,,,"0.00",,"0","0.0","0"
"C0169860","코스피200 P 202609   860.0 (야간)",,,,,,"0.00",,"0","0.0","0"
"C0169860","코스피200 P 202609   860.0 (주간)",,,,,,"0.00",,"0","0.0","0"
"C0169865","코스피200 P 202609   865.0 (야간)",,,,,,"0.00",,"0","0.0","13"
"C0169865","코스피200 P 202609   865.0 (주간)",,,,,,"0.00",,"0","0.0","13"
"C0169870","코스피200 P 202609   870.0 (야간)",,,,,,"0.00",,"0","0.0","0"
"C0169870","코스피200 P 202609   870.0 (주간)",,,,,,"0.00",,"0","0.0","0"
"C0169875","코스피200 P 202609   875.0 (야간)",,,,,,"0.00",,"0","0.0","200"
"C0169875","코스피200 P 202609   875.0 (주간)",,,,,,"0.00",,"0","0.0","200"
"C0169880","코스피200 P 202609   880.0 (야간)",,,,,,"0.00",,"0","0.0","201"
"C0169880","코스피200 P 202609   880.0 (주간)",,,,,,"0.00",,"0","0.0","201"
"C0169885","코스피200 P 202609   885.0 (야간)",,,,,,"0.00",,"0","0.0","0"
"C0169885","코스피200 P 202609   885.0 (주간)",,,,,,"0.00",,"0","0.0","0"
"C0169890","코스피200 P 202609   890.0 (야간)",,,,,,"0.00",,"0","0.0","0"
"C0169890","코스피200 P 202609   890.0 (주간)",,,,,,"0.00",,"0","0.0","0"
"C0169895","코스피200 P 202609   895.0 (야간)",,,,,,"0.00",,"0","0.0","0"
"C0169895","코스피200 P 202609   895.0 (주간)",,,,,,"0.00",,"0","0.0","0"
"C0169900","코스피200 P 202609   900.0 (야간)",,,,,,"0.00",,"0","0.0","63"
"C0169900","코스피200 P 202609   900.0 (주간)",,,,,,"0.00",,"0","0.0","63"
"C0169905","코스피200 P 202609   905.0 (야간)",,,,,,"0.00",,"0","0.0","0"
"C0169905","코스피200 P 202609   905.0 (주간)",,,,,,"0.00",,"0","0.0","0"
"C0169910","코스피200 P 202609   910.0 (야간)",,,,,,"0.00",,"0","0.0","80"
"C0169910","코스피200 P 202609   910.0 (주간)",,,,,,"0.00",,"0","0.0","80"
"C0169915","코스피200 P 202609   915.0 (야간)",,,,,,"0.00",,"0","0.0","0"
"C0169915","코스피200 P 202609   915.0 (주간)",,,,,,"0.00",,"0","0.0","0"
"C0169920","코스피200 P 202609   920.0 (야간)",,,,,,"0.00",,"0","0.0","0"
"C0169920","코스피200 P 202609   920.0 (주간)",,,,,,"0.00",,"0","0.0","0"
"C0169925","코스피200 P 202609   925.0 (야간)",,,,,,"0.00",,"0","0.0","796"
"C0169925","코스피200 P 202609   925.0 (주간)",,,,,,"0.00",,"0","0.0","796"
"C0169930","코스피200 P 202609   930.0 (야간)",,,,,,"0.00",,"0","0.0","0"
"C0169930","코스피200 P 202609   930.0 (주간)",,,,,,"0.00",,"0","0.0","0"
"C0169935","코스피200 P 202609   935.0 (야간)",,,,,,"0.00",,"0","0.0","0"
"C0169935","코스피200 P 202609   935.0 (주간)",,,,,,"0.00",,"0","0.0","0"
"C0169940","코스피200 P 202609   940.0 (야간)",,,,,,"0.00",,"0","0.0","0"
"C0169940","코스피200 P 202609   940.0 (주간)",,,,,,"0.00",,"0","0.0","0"
"C0169945","코스피200 P 202609   945.0 (야간)",,,,,,"0.00",,"0","0.0","0"
"C0169945","코스피200 P 202609   945.0 (주간)",,,,,,"0.00",,"0","0.0","0"
"C0169950","코스피200 P 202609   950.0 (야간)",,,,,,"0.00",,"0","0.0","0"
"C0169950","코스피200 P 202609   950.0 (주간)",,,,,,"0.00",,"0","0.0","0"
"C0169955","코스피200 P 202609   955.0 (야간)",,,,,,"0.00",,"0","0.0","0"
"C0169955","코스피200 P 202609   955.0 (주간)",,,,,,"0.00",,"0","0.0","0"
"C0169960","코스피200 P 202609   960.0 (야간)",,,,,,"0.00",,"0","0.0","0"
"C0169960","코스피200 P 202609   960.0 (주간)",,,,,,"0.00",,"0","0.0","0"
"C0169965","코스피200 P 202609   965.0 (야간)",,,,,,"0.00",,"0","0.0","0"
"C0169965","코스피200 P 202609   965.0 (주간)",,,,,,"0.00",,"0","0.0","0"
"C0169970","코스피200 P 202609   970.0 (야간)",,,,,,"0.00",,"0","0.0","0"
"C0169970","코스피200 P 202609   970.0 (주간)",,,,,,"0.00",,"0","0.0","0"
"C0169975","코스피200 P 202609   975.0 (야간)",,,,,,"0.00",,"0","0.0","0"
"C0169975","코스피200 P 202609   975.0 (주간)",,,,,,"0.00",,"0","0.0","0"
"C0169980","코스피200 P 202609   980.0 (야간)",,,,,,"0.00",,"0","0.0","0"
"C0169980","코스피200 P 202609   980.0 (주간)",,,,,,"0.00",,"0","0.0","0"
"C0169985","코스피200 P 202609   985.0 (야간)",,,,,,"0.00",,"0","0.0","0"
"C0169985","코스피200 P 202609   985.0 (주간)",,,,,,"0.00",,"0","0.0","0"
"C0169990","코스피200 P 202609   990.0 (야간)",,,,,,"0.00",,"0","0.0","0"
"C0169990","코스피200 P 202609   990.0 (주간)",,,,,,"0.00",,"0","0.0","0"
"C0169995","코스피200 P 202609   995.0 (야간)",,,,,,"0.00",,"0","0.0","0"
"C0169995","코스피200 P 202609   995.0 (주간)",,,,,,"0.00",,"0","0.0","0"
"C0169A01","코스피200 P 202609 1,000.0 (야간)",,,,,,"0.00",,"0","0.0","0"
"C0169A01","코스피200 P 202609 1,000.0 (주간)",,,,,,"0.00",,"0","0.0","0"
"C0169A02","코스피200 P 202609 1,005.0 (야간)",,,,,,"0.00",,"0","0.0","0"
"C0169A02","코스피200 P 202609 1,005.0 (주간)",,,,,,"0.00",,"0","0.0","0"
"C0169A03","코스피200 P 202609 1,010.0 (야간)",,,,,,"0.00",,"0","0.0","0"
"C0169A03","코스피200 P 202609 1,010.0 (주간)",,,,,,"0.00",,"0","0.0","0"
"C0169A04","코스피200 P 202609 1,015.0 (야간)",,,,,,"0.00",,"0","0.0","0"
"C0169A04","코스피200 P 202609 1,015.0 (주간)",,,,,,"0.00",,"0","0.0","0"
"C0169A05","코스피200 P 202609 1,020.0 (야간)",,,,,,"0.00",,"0","0.0","0"
"C0169A05","코스피200 P 202609 1,020.0 (주간)",,,,,,"0.00",,"0","0.0","0"
"C0169A06","코스피200 P 202609 1,025.0 (야간)",,,,,,"0.00",,"0","0.0","0"
"C0169A06","코스피200 P 202609 1,025.0 (주간)",,,,,,"0.00",,"0","0.0","0"
"C0169A12","코스피200 P 202609 1,030.0 (야간)",,,,,,"0.00",,"0","0.0","0"
"C0169A12","코스피200 P 202609 1,030.0 (주간)",,,,,,"0.00",,"0","0.0","0"
"C0169A13","코스피200 P 202609 1,035.0 (야간)",,,,,,"0.00",,"0","0.0","0"
"C0169A13","코스피200 P 202609 1,035.0 (주간)",,,,,,"0.00",,"0","0.0","0"
"C0169A14","코스피200 P 202609 1,040.0 (야간)",,,,,,"0.00",,"0","0.0","0"
"C0169A14","코스피200 P 202609 1,040.0 (주간)",,,,,,"0.00",,"0","0.0","0"
"C0169A15","코스피200 P 202609 1,045.0 (야간)",,,,,,"0.00",,"0","0.0","0"
"C0169A15","코스피200 P 202609 1,045.0 (주간)",,,,,,"0.00",,"0","0.0","0"
"C0169A16","코스피200 P 202609 1,050.0 (야간)",,,,,,"0.00",,"0","0.0","0"
"C0169A16","코스피200 P 202609 1,050.0 (주간)",,,,,,"0.00",,"0","0.0","0"
"C0169A17","코스피200 P 202609 1,055.0 (야간)",,,,,,"0.00",,"0","0.0","0"
"C0169A17","코스피200 P 202609 1,055.0 (주간)",,,,,,"0.00",,"0","0.0","0"
"C0169A18","코스피200 P 202609 1,060.0 (야간)",,,,,,"0.00",,"0","0.0","0"
"C0169A18","코스피200 P 202609 1,060.0 (주간)",,,,,,"0.00",,"0","0.0","0"
"C0169A19","코스피200 P 202609 1,065.0 (야간)",,,,,,"0.00",,"0","0.0","0"
"C0169A19","코스피200 P 202609 1,065.0 (주간)",,,,,,"0.00",,"0","0.0","0"
"C016A745","코스피200 P 202610   745.0 (야간)",,,,,,"0.00",,"0","0.0","22"
"C016A745","코스피200 P 202610   745.0 (주간)",,,,,,"0.00",,"0","0.0","22"
"C016A750","코스피200 P 202610   750.0 (야간)",,,,,,"0.00",,"0","0.0","0"
"C016A750","코스피200 P 202610   750.0 (주간)",,,,,,"0.00",,"0","0.0","0"
"C016A755","코스피200 P 202610   755.0 (야간)",,,,,,"0.00",,"0","0.0","0"
"C016A755","코스피200 P 202610   755.0 (주간)",,,,,,"0.00",,"0","0.0","0"
"C016A760","코스피200 P 202610   760.0 (야간)",,,,,,"0.00",,"0","0.0","0"
"C016A760","코스피200 P 202610   760.0 (주간)",,,,,,"0.00",,"0","0.0","0"
"C016A765","코스피200 P 202610   765.0 (야간)",,,,,,"0.00",,"0","0.0","0"
"C016A765","코스피200 P 202610   765.0 (주간)",,,,,,"0.00",,"0","0.0","0"
"C016A770","코스피200 P 202610   770.0 (야간)",,,,,,"0.00",,"0","0.0","0"
"C016A770","코스피200 P 202610   770.0 (주간)",,,,,,"0.00",,"0","0.0","0"
"C016A775","코스피200 P 202610   775.0 (야간)",,,,,,"0.00",,"0","0.0","0"
"C016A775","코스피200 P 202610   775.0 (주간)",,,,,,"0.00",,"0","0.0","0"
"C016A780","코스피200 P 202610   780.0 (야간)",,,,,,"0.00",,"0","0.0","0"
"C016A780","코스피200 P 202610   780.0 (주간)",,,,,,"0.00",,"0","0.0","0"
"C016A785","코스피200 P 202610   785.0 (야간)",,,,,,"0.00",,"0","0.0","0"
"C016A785","코스피200 P 202610   785.0 (주간)",,,,,,"0.00",,"0","0.0","0"
"C016A790","코스피200 P 202610   790.0 (야간)",,,,,,"0.00",,"0","0.0","0"
"C016A790","코스피200 P 202610   790.0 (주간)",,,,,,"0.00",,"0","0.0","0"
"C016A795","코스피200 P 202610   795.0 (야간)",,,,,,"0.00",,"0","0.0","0"
"C016A795","코스피200 P 202610   795.0 (주간)",,,,,,"0.00",,"0","0.0","0"
"C016A800","코스피200 P 202610   800.0 (야간)",,,,,,"0.00",,"0","0.0","0"
"C016A800","코스피200 P 202610   800.0 (주간)",,,,,,"0.00",,"0","0.0","0"
"C016A805","코스피200 P 202610   805.0 (야간)",,,,,,"0.00",,"0","0.0","0"
"C016A805","코스피200 P 202610   805.0 (주간)",,,,,,"0.00",,"0","0.0","0"
"C016A810","코스피200 P 202610   810.0 (야간)",,,,,,"0.00",,"0","0.0","0"
"C016A810","코스피200 P 202610   810.0 (주간)",,,,,,"0.00",,"0","0.0","0"
"C016A815","코스피200 P 202610   815.0 (야간)",,,,,,"0.00",,"0","0.0","0"
"C016A815","코스피200 P 202610   815.0 (주간)",,,,,,"0.00",,"0","0.0","0"
"C016A820","코스피200 P 202610   820.0 (야간)",,,,,,"0.00",,"0","0.0","0"
"C016A820","코스피200 P 202610   820.0 (주간)",,,,,,"0.00",,"0","0.0","0"
"C016A825","코스피200 P 202610   825.0 (야간)",,,,,,"0.00",,"0","0.0","0"
"C016A825","코스피200 P 202610   825.0 (주간)",,,,,,"0.00",,"0","0.0","0"
"C016A830","코스피200 P 202610   830.0 (야간)",,,,,,"0.00",,"0","0.0","0"
"C016A830","코스피200 P 202610   830.0 (주간)",,,,,,"0.00",,"0","0.0","0"
"C016A835","코스피200 P 202610   835.0 (야간)",,,,,,"0.00",,"0","0.0","0"
"C016A835","코스피200 P 202610   835.0 (주간)",,,,,,"0.00",,"0","0.0","0"
"C016A840","코스피200 P 202610   840.0 (야간)",,,,,,"0.00",,"0","0.0","0"
"C016A840","코스피200 P 202610   840.0 (주간)",,,,,,"0.00",,"0","0.0","0"
"C016A845","코스피200 P 202610   845.0 (야간)",,,,,,"0.00",,"0","0.0","0"
"C016A845","코스피200 P 202610   845.0 (주간)",,,,,,"0.00",,"0","0.0","0"
"C016A850","코스피200 P 202610   850.0 (야간)",,,,,,"0.00",,"0","0.0","0"
"C016A850","코스피200 P 202610   850.0 (주간)",,,,,,"0.00",,"0","0.0","0"
"C016A855","코스피200 P 202610   855.0 (야간)",,,,,,"0.00",,"0","0.0","0"
"C016A855","코스피200 P 202610   855.0 (주간)",,,,,,"0.00",,"0","0.0","0"
"C016A860","코스피200 P 202610   860.0 (야간)",,,,,,"0.00",,"0","0.0","0"
"C016A860","코스피200 P 202610   860.0 (주간)",,,,,,"0.00",,"0","0.0","0"
"C016A865","코스피200 P 202610   865.0 (야간)",,,,,,"0.00",,"0","0.0","0"
"C016A865","코스피200 P 202610   865.0 (주간)",,,,,,"0.00",,"0","0.0","0"
"C016A870","코스피200 P 202610   870.0 (야간)",,,,,,"0.00",,"0","0.0","0"
"C016A870","코스피200 P 202610   870.0 (주간)",,,,,,"0.00",,"0","0.0","0"
"C016A875","코스피200 P 202610   875.0 (야간)",,,,,,"0.00",,"0","0.0","0"
"C016A875","코스피200 P 202610   875.0 (주간)",,,,,,"0.00",,"0","0.0","0"
"C016A880","코스피200 P 202610   880.0 (야간)",,,,,,"0.00",,"0","0.0","0"
"C016A880","코스피200 P 202610   880.0 (주간)",,,,,,"0.00",,"0","0.0","0"
"C016A885","코스피200 P 202610   885.0 (야간)",,,,,,"0.00",,"0","0.0","0"
"C016A885","코스피200 P 202610   885.0 (주간)",,,,,,"0.00",,"0","0.0","0"
"C016A890","코스피200 P 202610   890.0 (야간)",,,,,,"0.00",,"0","0.0","0"
"C016A890","코스피200 P 202610   890.0 (주간)",,,,,,"0.00",,"0","0.0","0"
"C016A895","코스피200 P 202610   895.0 (야간)",,,,,,"0.00",,"0","0.0","0"
"C016A895","코스피200 P 202610   895.0 (주간)",,,,,,"0.00",,"0","0.0","0"
"C016A900","코스피200 P 202610   900.0 (야간)",,,,,,"0.00",,"0","0.0","0"
"C016A900","코스피200 P 202610   900.0 (주간)",,,,,,"0.00",,"0","0.0","0"
"C016A905","코스피200 P 202610   905.0 (야간)",,,,,,"0.00",,"0","0.0","0"
"C016A905","코스피200 P 202610   905.0 (주간)",,,,,,"0.00",,"0","0.0","0"
"C016A910","코스피200 P 202610   910.0 (야간)",,,,,,"0.00",,"0","0.0","0"
"C016A910","코스피200 P 202610   910.0 (주간)",,,,,,"0.00",,"0","0.0","0"
"C016A915","코스피200 P 202610   915.0 (야간)",,,,,,"0.00",,"0","0.0","0"
"C016A915","코스피200 P 202610   915.0 (주간)",,,,,,"0.00",,"0","0.0","0"
"C016A920","코스피200 P 202610   920.0 (야간)",,,,,,"0.00",,"0","0.0","0"
"C016A920","코스피200 P 202610   920.0 (주간)",,,,,,"0.00",,"0","0.0","0"
"C016A925","코스피200 P 202610   925.0 (야간)",,,,,,"0.00",,"0","0.0","0"
"C016A925","코스피200 P 202610   925.0 (주간)",,,,,,"0.00",,"0","0.0","0"
"C016A930","코스피200 P 202610   930.0 (야간)",,,,,,"0.00",,"0","0.0","0"
"C016A930","코스피200 P 202610   930.0 (주간)",,,,,,"0.00",,"0","0.0","0"
"C016A935","코스피200 P 202610   935.0 (야간)",,,,,,"0.00",,"0","0.0","0"
"C016A935","코스피200 P 202610   935.0 (주간)",,,,,,"0.00",,"0","0.0","0"
"C016A940","코스피200 P 202610   940.0 (야간)",,,,,,"0.00",,"0","0.0","0"
"C016A940","코스피200 P 202610   940.0 (주간)",,,,,,"0.00",,"0","0.0","0"
"C016A945","코스피200 P 202610   945.0 (야간)",,,,,,"0.00",,"0","0.0","0"
"C016A945","코스피200 P 202610   945.0 (주간)",,,,,,"0.00",,"0","0.0","0"
"C016A950","코스피200 P 202610   950.0 (야간)",,,,,,"0.00",,"0","0.0","0"
"C016A950","코스피200 P 202610   950.0 (주간)",,,,,,"0.00",,"0","0.0","0"
"C016A955","코스피200 P 202610   955.0 (야간)",,,,,,"0.00",,"0","0.0","0"
"C016A955","코스피200 P 202610   955.0 (주간)",,,,,,"0.00",,"0","0.0","0"
"C016A960","코스피200 P 202610   960.0 (야간)",,,,,,"0.00",,"0","0.0","0"
"C016A960","코스피200 P 202610   960.0 (주간)",,,,,,"0.00",,"0","0.0","0"
"C016A965","코스피200 P 202610   965.0 (야간)",,,,,,"0.00",,"0","0.0","0"
"C016A965","코스피200 P 202610   965.0 (주간)",,,,,,"0.00",,"0","0.0","0"
"C016A970","코스피200 P 202610   970.0 (야간)",,,,,,"0.00",,"0","0.0","0"
"C016A970","코스피200 P 202610   970.0 (주간)",,,,,,"0.00",,"0","0.0","0"
"C016A975","코스피200 P 202610   975.0 (야간)",,,,,,"0.00",,"0","0.0","0"
"C016A975","코스피200 P 202610   975.0 (주간)",,,,,,"0.00",,"0","0.0","0"
"C016A980","코스피200 P 202610   980.0 (야간)",,,,,,"0.00",,"0","0.0","0"
"C016A980","코스피200 P 202610   980.0 (주간)",,,,,,"0.00",,"0","0.0","0"
"C016A985","코스피200 P 202610   985.0 (야간)",,,,,,"0.00",,"0","0.0","0"
"C016A985","코스피200 P 202610   985.0 (주간)",,,,,,"0.00",,"0","0.0","0"
"C016A990","코스피200 P 202610   990.0 (야간)",,,,,,"0.00",,"0","0.0","0"
"C016A990","코스피200 P 202610   990.0 (주간)",,,,,,"0.00",,"0","0.0","0"
"C016A995","코스피200 P 202610   995.0 (야간)",,,,,,"0.00",,"0","0.0","0"
"C016A995","코스피200 P 202610   995.0 (주간)",,,,,,"0.00",,"0","0.0","0"
"C016AA01","코스피200 P 202610 1,000.0 (야간)",,,,,,"0.00",,"0","0.0","0"
"C016AA01","코스피200 P 202610 1,000.0 (주간)",,,,,,"0.00",,"0","0.0","0"
"C016AA02","코스피200 P 202610 1,005.0 (야간)",,,,,,"0.00",,"0","0.0","0"
"C016AA02","코스피200 P 202610 1,005.0 (주간)",,,,,,"0.00",,"0","0.0","0"
"C016AA03","코스피200 P 202610 1,010.0 (야간)",,,,,,"0.00",,"0","0.0","0"
"C016AA03","코스피200 P 202610 1,010.0 (주간)",,,,,,"0.00",,"0","0.0","0"
"C016AA04","코스피200 P 202610 1,015.0 (야간)",,,,,,"0.00",,"0","0.0","0"
"C016AA04","코스피200 P 202610 1,015.0 (주간)",,,,,,"0.00",,"0","0.0","0"
"C016C180","코스피200 P 202612   180.0 (야간)",,,,,,"0.00",,"0","0.0","132"
"C016C180","코스피200 P 202612   180.0 (주간)",,,,,,"0.00",,"0","0.0","132"
"C016C185","코스피200 P 202612   185.0 (야간)",,,,,,"0.00",,"0","0.0","13"
"C016C185","코스피200 P 202612   185.0 (주간)",,,,,,"0.00",,"0","0.0","13"
"C016C190","코스피200 P 202612   190.0 (야간)",,,,,,"0.00",,"0","0.0","57"
"C016C190","코스피200 P 202612   190.0 (주간)",,,,,,"0.00",,"0","0.0","57"
"C016C195","코스피200 P 202612   195.0 (야간)",,,,,,"0.00",,"0","0.0","12"
"C016C195","코스피200 P 202612   195.0 (주간)",,,,,,"0.00",,"0","0.0","12"
"C016C200","코스피200 P 202612   200.0 (야간)",,,,,,"0.00",,"0","0.0","166"
"C016C200","코스피200 P 202612   200.0 (주간)",,,,,,"0.00",,"0","0.0","166"
"C016C205","코스피200 P 202612   205.0 (야간)",,,,,,"0.00",,"0","0.0","6"
"C016C205","코스피200 P 202612   205.0 (주간)",,,,,,"0.00",,"0","0.0","6"
"C016C210","코스피200 P 202612   210.0 (야간)",,,,,,"0.00",,"0","0.0","2084"
"C016C210","코스피200 P 202612   210.0 (주간)",,,,,,"0.00",,"0","0.0","2084"
"C016C215","코스피200 P 202612   215.0 (야간)",,,,,,"0.00",,"0","0.0","1"
"C016C215","코스피200 P 202612   215.0 (주간)",,,,,,"0.00",,"0","0.0","1"
"C016C220","코스피200 P 202612   220.0 (야간)",,,,,,"0.00",,"0","0.0","1042"
"C016C220","코스피200 P 202612   220.0 (주간)",,,,,,"0.00",,"0","0.0","1042"
"C016C225","코스피200 P 202612   225.0 (야간)",,,,,,"0.00",,"0","0.0","1"
"C016C225","코스피200 P 202612   225.0 (주간)",,,,,,"0.00",,"0","0.0","1"
"C016C230","코스피200 P 202612   230.0 (야간)",,,,,,"0.00",,"0","0.0","280"
"C016C230","코스피200 P 202612   230.0 (주간)",,,,,,"0.00",,"0","0.0","280"
"C016C235","코스피200 P 202612   235.0 (야간)",,,,,,"0.00",,"0","0.0","5"
"C016C235","코스피200 P 202612   235.0 (주간)",,,,,,"0.00",,"0","0.0","5"
"C016C240","코스피200 P 202612   240.0 (야간)",,,,,,"0.00",,"0","0.0","1649"
"C016C240","코스피200 P 202612   240.0 (주간)",,,,,,"0.00",,"0","0.0","1649"
"C016C245","코스피200 P 202612   245.0 (야간)",,,,,,"0.00",,"0","0.0","5"
"C016C245","코스피200 P 202612   245.0 (주간)",,,,,,"0.00",,"0","0.0","5"
"C016C250","코스피200 P 202612   250.0 (야간)",,,,,,"0.00",,"0","0.0","484"
"C016C250","코스피200 P 202612   250.0 (주간)",,,,,,"0.00",,"0","0.0","484"
"C016C255","코스피200 P 202612   255.0 (야간)",,,,,,"0.00",,"0","0.0","0"
"C016C255","코스피200 P 202612   255.0 (주간)",,,,,,"0.00",,"0","0.0","0"
"C016C260","코스피200 P 202612   260.0 (야간)",,,,,,"0.00",,"0","0.0","726"
"C016C260","코스피200 P 202612   260.0 (주간)",,,,,,"0.00",,"0","0.0","726"
"C016C265","코스피200 P 202612   265.0 (야간)",,,,,,"0.00",,"0","0.0","0"
"C016C265","코스피200 P 202612   265.0 (주간)",,,,,,"0.00",,"0","0.0","0"
"C016C270","코스피200 P 202612   270.0 (야간)",,,,,,"0.00",,"0","0.0","1554"
"C016C270","코스피200 P 202612   270.0 (주간)",,,,,,"0.00",,"0","0.0","1554"
"C016C275","코스피200 P 202612   275.0 (야간)",,,,,,"0.00",,"0","0.0","1"
"C016C275","코스피200 P 202612   275.0 (주간)",,,,,,"0.00",,"0","0.0","1"
"C016C280","코스피200 P 202612   280.0 (야간)",,,,,,"0.00",,"0","0.0","6943"
"C016C280","코스피200 P 202612   280.0 (주간)",,,,,,"0.00",,"0","0.0","6943"
"C016C285","코스피200 P 202612   285.0 (야간)",,,,,,"0.00",,"0","0.0","1"
"C016C285","코스피200 P 202612   285.0 (주간)",,,,,,"0.00",,"0","0.0","1"
"C016C290","코스피200 P 202612   290.0 (야간)",,,,,,"0.00",,"0","0.0","1608"
"C016C290","코스피200 P 202612   290.0 (주간)",,,,,,"0.00",,"0","0.0","1608"
"C016C295","코스피200 P 202612   295.0 (야간)",,,,,,"0.00",,"0","0.0","0"
"C016C295","코스피200 P 202612   295.0 (주간)",,,,,,"0.00",,"0","0.0","0"
"C016C300","코스피200 P 202612   300.0 (야간)",,,,,,"0.00",,"0","0.0","7811"
"C016C300","코스피200 P 202612   300.0 (주간)",,,,,,"0.00",,"0","0.0","7811"
"C016C305","코스피200 P 202612   305.0 (야간)",,,,,,"0.00",,"0","0.0","1"
"C016C305","코스피200 P 202612   305.0 (주간)",,,,,,"0.00",,"0","0.0","1"
"C016C310","코스피200 P 202612   310.0 (야간)",,,,,,"0.00",,"0","0.0","1269"
"C016C310","코스피200 P 202612   310.0 (주간)",,,,,,"0.00",,"0","0.0","1269"
"C016C315","코스피200 P 202612   315.0 (야간)",,,,,,"0.00",,"0","0.0","0"
"C016C315","코스피200 P 202612   315.0 (주간)",,,,,,"0.00",,"0","0.0","0"
"C016C320","코스피200 P 202612   320.0 (야간)",,,,,,"0.00",,"0","0.0","3060"
"C016C320","코스피200 P 202612   320.0 (주간)",,,,,,"0.00",,"0","0.0","3060"
"C016C325","코스피200 P 202612   325.0 (야간)",,,,,,"0.00",,"0","0.0","0"
"C016C325","코스피200 P 202612   325.0 (주간)",,,,,,"0.00",,"0","0.0","0"
"C016C330","코스피200 P 202612   330.0 (야간)",,,,,,"0.00",,"0","0.0","23"
"C016C330","코스피200 P 202612   330.0 (주간)",,,,,,"0.00",,"0","0.0","23"
"C016C335","코스피200 P 202612   335.0 (야간)",,,,,,"0.00",,"0","0.0","0"
"C016C335","코스피200 P 202612   335.0 (주간)",,,,,,"0.00",,"0","0.0","0"
"C016C340","코스피200 P 202612   340.0 (야간)",,,,,,"0.00",,"0","0.0","1059"
"C016C340","코스피200 P 202612   340.0 (주간)",,,,,,"0.00",,"0","0.0","1059"
"C016C345","코스피200 P 202612   345.0 (야간)",,,,,,"0.00",,"0","0.0","0"
"C016C345","코스피200 P 202612   345.0 (주간)",,,,,,"0.00",,"0","0.0","0"
"C016C350","코스피200 P 202612   350.0 (야간)",,,,,,"0.00",,"0","0.0","2817"
"C016C350","코스피200 P 202612   350.0 (주간)",,,,,,"0.00",,"0","0.0","2817"
"C016C355","코스피200 P 202612   355.0 (야간)",,,,,,"0.00",,"0","0.0","0"
"C016C355","코스피200 P 202612   355.0 (주간)",,,,,,"0.00",,"0","0.0","0"
"C016C360","코스피200 P 202612   360.0 (야간)",,,,,,"0.00",,"0","0.0","971"
"C016C360","코스피200 P 202612   360.0 (주간)",,,,,,"0.00",,"0","0.0","971"
"C016C365","코스피200 P 202612   365.0 (야간)",,,,,,"0.00",,"0","0.0","0"
"C016C365","코스피200 P 202612   365.0 (주간)",,,,,,"0.00",,"0","0.0","0"
"C016C370","코스피200 P 202612   370.0 (야간)",,,,,,"0.00",,"0","0.0","422"
"C016C370","코스피200 P 202612   370.0 (주간)",,,,,,"0.00",,"0","0.0","422"
"C016C375","코스피200 P 202612   375.0 (야간)",,,,,,"0.00",,"0","0.0","0"
"C016C375","코스피200 P 202612   375.0 (주간)",,,,,,"0.00",,"0","0.0","0"
"C016C380","코스피200 P 202612   380.0 (야간)",,,,,,"0.00",,"0","0.0","3105"
"C016C380","코스피200 P 202612   380.0 (주간)",,,,,,"0.00",,"0","0.0","3105"
"C016C385","코스피200 P 202612   385.0 (야간)",,,,,,"0.00",,"0","0.0","15"
"C016C385","코스피200 P 202612   385.0 (주간)",,,,,,"0.00",,"0","0.0","15"
"C016C390","코스피200 P 202612   390.0 (야간)",,,,,,"0.00",,"0","0.0","200"
"C016C390","코스피200 P 202612   390.0 (주간)",,,,,,"0.00",,"0","0.0","200"
"C016C395","코스피200 P 202612   395.0 (야간)",,,,,,"0.00",,"0","0.0","0"
"C016C395","코스피200 P 202612   395.0 (주간)",,,,,,"0.00",,"0","0.0","0"
"C016C400","코스피200 P 202612   400.0 (야간)",,,,,,"0.00",,"0","0.0","3713"
"C016C400","코스피200 P 202612   400.0 (주간)",,,,,,"0.00",,"0","0.0","3713"
"C016C405","코스피200 P 202612   405.0 (야간)",,,,,,"0.00",,"0","0.0","15"
"C016C405","코스피200 P 202612   405.0 (주간)",,,,,,"0.00",,"0","0.0","15"
"C016C410","코스피200 P 202612   410.0 (야간)",,,,,,"0.00",,"0","0.0","851"
"C016C410","코스피200 P 202612   410.0 (주간)",,,,,,"0.00",,"0","0.0","851"
"C016C415","코스피200 P 202612   415.0 (야간)",,,,,,"0.00",,"0","0.0","15"
"C016C415","코스피200 P 202612   415.0 (주간)",,,,,,"0.00",,"0","0.0","15"
"C016C420","코스피200 P 202612   420.0 (야간)",,,,,,"0.00",,"0","0.0","1731"
"C016C420","코스피200 P 202612   420.0 (주간)",,,,,,"0.00",,"0","0.0","1731"
"C016C425","코스피200 P 202612   425.0 (야간)",,,,,,"0.00",,"0","0.0","15"
"C016C425","코스피200 P 202612   425.0 (주간)",,,,,,"0.00",,"0","0.0","15"
"C016C430","코스피200 P 202612   430.0 (야간)",,,,,,"0.00",,"0","0.0","1428"
"C016C430","코스피200 P 202612   430.0 (주간)",,,,,,"0.00",,"0","0.0","1428"
"C016C435","코스피200 P 202612   435.0 (야간)",,,,,,"0.00",,"0","0.0","17"
"C016C435","코스피200 P 202612   435.0 (주간)",,,,,,"0.00",,"0","0.0","17"
"C016C440","코스피200 P 202612   440.0 (야간)",,,,,,"0.00",,"0","0.0","292"
"C016C440","코스피200 P 202612   440.0 (주간)",,,,,,"0.00",,"0","0.0","292"
"C016C445","코스피200 P 202612   445.0 (야간)",,,,,,"0.00",,"0","0.0","2"
"C016C445","코스피200 P 202612   445.0 (주간)",,,,,,"0.00",,"0","0.0","2"
"C016C450","코스피200 P 202612   450.0 (야간)",,,,,,"0.00",,"0","0.0","1577"
"C016C450","코스피200 P 202612   450.0 (주간)",,,,,,"0.00",,"0","0.0","1577"
"C016C455","코스피200 P 202612   455.0 (야간)",,,,,,"0.00",,"0","0.0","15"
"C016C455","코스피200 P 202612   455.0 (주간)",,,,,,"0.00",,"0","0.0","15"
"C016C460","코스피200 P 202612   460.0 (야간)",,,,,,"0.00",,"0","0.0","14"
"C016C460","코스피200 P 202612   460.0 (주간)",,,,,,"0.00",,"0","0.0","14"
"C016C465","코스피200 P 202612   465.0 (야간)",,,,,,"0.00",,"0","0.0","15"
"C016C465","코스피200 P 202612   465.0 (주간)",,,,,,"0.00",,"0","0.0","15"
"C016C470","코스피200 P 202612   470.0 (야간)",,,,,,"0.00",,"0","0.0","530"
"C016C470","코스피200 P 202612   470.0 (주간)",,,,,,"0.00",,"0","0.0","530"
"C016C475","코스피200 P 202612   475.0 (야간)",,,,,,"0.00",,"0","0.0","0"
"C016C475","코스피200 P 202612   475.0 (주간)",,,,,,"0.00",,"0","0.0","0"
"C016C480","코스피200 P 202612   480.0 (야간)",,,,,,"0.00",,"0","0.0","939"
"C016C480","코스피200 P 202612   480.0 (주간)",,,,,,"0.00",,"0","0.0","939"
"C016C485","코스피200 P 202612   485.0 (야간)",,,,,,"0.00",,"0","0.0","16"
"C016C485","코스피200 P 202612   485.0 (주간)",,,,,,"0.00",,"0","0.0","16"
"C016C490","코스피200 P 202612   490.0 (야간)",,,,,,"0.00",,"0","0.0","636"
"C016C490","코스피200 P 202612   490.0 (주간)",,,,,,"0.00",,"0","0.0","636"
"C016C495","코스피200 P 202612   495.0 (야간)",,,,,,"0.00",,"0","0.0","15"
"C016C495","코스피200 P 202612   495.0 (주간)",,,,,,"0.00",,"0","0.0","15"
"C016C500","코스피200 P 202612   500.0 (야간)",,,,,,"0.00",,"0","0.0","887"
"C016C500","코스피200 P 202612   500.0 (주간)",,,,,,"0.00",,"0","0.0","887"
"C016C505","코스피200 P 202612   505.0 (야간)",,,,,,"0.00",,"0","0.0","3"
"C016C505","코스피200 P 202612   505.0 (주간)",,,,,,"0.00",,"0","0.0","3"
"C016C510","코스피200 P 202612   510.0 (야간)",,,,,,"0.00",,"0","0.0","734"
"C016C510","코스피200 P 202612   510.0 (주간)",,,,,,"0.00",,"0","0.0","734"
"C016C515","코스피200 P 202612   515.0 (야간)",,,,,,"0.00",,"0","0.0","8"
"C016C515","코스피200 P 202612   515.0 (주간)",,,,,,"0.00",,"0","0.0","8"
"C016C520","코스피200 P 202612   520.0 (야간)",,,,,,"0.00",,"0","0.0","389"
"C016C520","코스피200 P 202612   520.0 (주간)",,,,,,"0.00",,"0","0.0","389"
"C016C525","코스피200 P 202612   525.0 (야간)",,,,,,"0.00",,"0","0.0","1"
"C016C525","코스피200 P 202612   525.0 (주간)",,,,,,"0.00",,"0","0.0","1"
"C016C530","코스피200 P 202612   530.0 (야간)",,,,,,"0.00",,"0","0.0","1762"
"C016C530","코스피200 P 202612   530.0 (주간)",,,,,,"0.00",,"0","0.0","1762"
"C016C535","코스피200 P 202612   535.0 (야간)",,,,,,"0.00",,"0","0.0","1"
"C016C535","코스피200 P 202612   535.0 (주간)",,,,,,"0.00",,"0","0.0","1"
"C016C540","코스피200 P 202612   540.0 (야간)",,,,,,"0.00",,"0","0.0","482"
"C016C540","코스피200 P 202612   540.0 (주간)","10.50","-1.25","10.50","10.50","10.50","0.00",,"1","3.0","483"
"C016C545","코스피200 P 202612   545.0 (야간)",,,,,,"0.00",,"0","0.0","3"
"C016C545","코스피200 P 202612   545.0 (주간)",,,,,,"0.00",,"0","0.0","3"
"C016C550","코스피200 P 202612   550.0 (야간)",,,,,,"0.00",,"0","0.0","1098"
"C016C550","코스피200 P 202612   550.0 (주간)",,,,,,"0.00",,"0","0.0","1098"
"C016C555","코스피200 P 202612   555.0 (야간)",,,,,,"0.00",,"0","0.0","0"
"C016C555","코스피200 P 202612   555.0 (주간)",,,,,,"0.00",,"0","0.0","0"
"C016C560","코스피200 P 202612   560.0 (야간)",,,,,,"0.00",,"0","0.0","705"
"C016C560","코스피200 P 202612   560.0 (주간)",,,,,,"0.00",,"0","0.0","705"
"C016C565","코스피200 P 202612   565.0 (야간)",,,,,,"0.00",,"0","0.0","0"
"C016C565","코스피200 P 202612   565.0 (주간)",,,,,,"0.00",,"0","0.0","0"
"C016C570","코스피200 P 202612   570.0 (야간)",,,,,,"0.00",,"0","0.0","800"
"C016C570","코스피200 P 202612   570.0 (주간)",,,,,,"0.00",,"0","0.0","800"
"C016C575","코스피200 P 202612   575.0 (야간)",,,,,,"0.00",,"0","0.0","12"
"C016C575","코스피200 P 202612   575.0 (주간)",,,,,,"0.00",,"0","0.0","12"
"C016C580","코스피200 P 202612   580.0 (야간)",,,,,,"0.00",,"0","0.0","606"
"C016C580","코스피200 P 202612   580.0 (주간)",,,,,,"0.00",,"0","0.0","606"
"C016C585","코스피200 P 202612   585.0 (야간)",,,,,,"0.00",,"0","0.0","0"
"C016C585","코스피200 P 202612   585.0 (주간)",,,,,,"0.00",,"0","0.0","0"
"C016C590","코스피200 P 202612   590.0 (야간)",,,,,,"0.00",,"0","0.0","216"
"C016C590","코스피200 P 202612   590.0 (주간)",,,,,,"0.00",,"0","0.0","216"
"C016C595","코스피200 P 202612   595.0 (야간)",,,,,,"0.00",,"0","0.0","1"
"C016C595","코스피200 P 202612   595.0 (주간)",,,,,,"0.00",,"0","0.0","1"
"C016C600","코스피200 P 202612   600.0 (야간)",,,,,,"0.00",,"0","0.0","1622"
"C016C600","코스피200 P 202612   600.0 (주간)",,,,,,"0.00",,"0","0.0","1622"
"C016C605","코스피200 P 202612   605.0 (야간)",,,,,,"0.00",,"0","0.0","0"
"C016C605","코스피200 P 202612   605.0 (주간)",,,,,,"0.00",,"0","0.0","0"
"C016C610","코스피200 P 202612   610.0 (야간)",,,,,,"0.00",,"0","0.0","5"
"C016C610","코스피200 P 202612   610.0 (주간)",,,,,,"0.00",,"0","0.0","5"
"C016C615","코스피200 P 202612   615.0 (야간)",,,,,,"0.00",,"0","0.0","0"
"C016C615","코스피200 P 202612   615.0 (주간)",,,,,,"0.00",,"0","0.0","0"
"C016C620","코스피200 P 202612   620.0 (야간)",,,,,,"0.00",,"0","0.0","34"
"C016C620","코스피200 P 202612   620.0 (주간)",,,,,,"0.00",,"0","0.0","34"
"C016C625","코스피200 P 202612   625.0 (야간)",,,,,,"0.00",,"0","0.0","106"
"C016C625","코스피200 P 202612   625.0 (주간)",,,,,,"0.00",,"0","0.0","106"
"C016C630","코스피200 P 202612   630.0 (야간)",,,,,,"0.00",,"0","0.0","205"
"C016C630","코스피200 P 202612   630.0 (주간)",,,,,,"0.00",,"0","0.0","205"
"C016C635","코스피200 P 202612   635.0 (야간)",,,,,,"0.00",,"0","0.0","1"
"C016C635","코스피200 P 202612   635.0 (주간)",,,,,,"0.00",,"0","0.0","1"
"C016C640","코스피200 P 202612   640.0 (야간)",,,,,,"0.00",,"0","0.0","16"
"C016C640","코스피200 P 202612   640.0 (주간)",,,,,,"0.00",,"0","0.0","16"
"C016C645","코스피200 P 202612   645.0 (야간)",,,,,,"0.00",,"0","0.0","0"
"C016C645","코스피200 P 202612   645.0 (주간)",,,,,,"0.00",,"0","0.0","0"
"C016C650","코스피200 P 202612   650.0 (야간)",,,,,,"0.00",,"0","0.0","2593"
"C016C650","코스피200 P 202612   650.0 (주간)",,,,,,"0.00",,"0","0.0","2593"
"C016C655","코스피200 P 202612   655.0 (야간)",,,,,,"0.00",,"0","0.0","0"
"C016C655","코스피200 P 202612   655.0 (주간)",,,,,,"0.00",,"0","0.0","0"
"C016C660","코스피200 P 202612   660.0 (야간)",,,,,,"0.00",,"0","0.0","614"
"C016C660","코스피200 P 202612   660.0 (주간)",,,,,,"0.00",,"0","0.0","614"
"C016C665","코스피200 P 202612   665.0 (야간)",,,,,,"0.00",,"0","0.0","0"
"C016C665","코스피200 P 202612   665.0 (주간)",,,,,,"0.00",,"0","0.0","0"
"C016C670","코스피200 P 202612   670.0 (야간)",,,,,,"0.00",,"0","0.0","148"
"C016C670","코스피200 P 202612   670.0 (주간)",,,,,,"0.00",,"0","0.0","148"
"C016C675","코스피200 P 202612   675.0 (야간)",,,,,,"0.00",,"0","0.0","0"
"C016C675","코스피200 P 202612   675.0 (주간)",,,,,,"0.00",,"0","0.0","0"
"C016C680","코스피200 P 202612   680.0 (야간)",,,,,,"0.00",,"0","0.0","1377"
"C016C680","코스피200 P 202612   680.0 (주간)",,,,,,"0.00",,"0","0.0","1377"
"C016C685","코스피200 P 202612   685.0 (야간)",,,,,,"0.00",,"0","0.0","0"
"C016C685","코스피200 P 202612   685.0 (주간)",,,,,,"0.00",,"0","0.0","0"
"C016C690","코스피200 P 202612   690.0 (야간)",,,,,,"0.00",,"0","0.0","1220"
"C016C690","코스피200 P 202612   690.0 (주간)",,,,,,"0.00",,"0","0.0","1220"
"C016C695","코스피200 P 202612   695.0 (야간)",,,,,,"0.00",,"0","0.0","0"
"C016C695","코스피200 P 202612   695.0 (주간)",,,,,,"0.00",,"0","0.0","0"
"C016C700","코스피200 P 202612   700.0 (야간)",,,,,,"0.00",,"0","0.0","1275"
"C016C700","코스피200 P 202612   700.0 (주간)","30.85","-2.05","30.85","30.85","30.85","0.00",,"1","8.0","1275"
"C016C705","코스피200 P 202612   705.0 (야간)",,,,,,"0.00",,"0","0.0","1"
"C016C705","코스피200 P 202612   705.0 (주간)",,,,,,"0.00",,"0","0.0","1"
"C016C710","코스피200 P 202612   710.0 (야간)",,,,,,"0.00",,"0","0.0","1"
"C016C710","코스피200 P 202612   710.0 (주간)",,,,,,"0.00",,"0","0.0","1"
"C016C715","코스피200 P 202612   715.0 (야간)",,,,,,"0.00",,"0","0.0","600"
"C016C715","코스피200 P 202612   715.0 (주간)",,,,,,"0.00",,"0","0.0","600"
"C016C720","코스피200 P 202612   720.0 (야간)",,,,,,"0.00",,"0","0.0","548"
"C016C720","코스피200 P 202612   720.0 (주간)","38.70","0.85","38.70","38.70","38.70","0.00",,"7","68.0","546"
"C016C725","코스피200 P 202612   725.0 (야간)",,,,,,"0.00",,"0","0.0","8"
"C016C725","코스피200 P 202612   725.0 (주간)",,,,,,"0.00",,"0","0.0","8"
"C016C730","코스피200 P 202612   730.0 (야간)",,,,,,"0.00",,"0","0.0","792"
"C016C730","코스피200 P 202612   730.0 (주간)",,,,,,"0.00",,"0","0.0","792"
"C016C735","코스피200 P 202612   735.0 (야간)",,,,,,"0.00",,"0","0.0","0"
"C016C735","코스피200 P 202612   735.0 (주간)",,,,,,"0.00",,"0","0.0","0"
"C016C740","코스피200 P 202612   740.0 (야간)",,,,,,"0.00",,"0","0.0","42"
"C016C740","코스피200 P 202612   740.0 (주간)","38.75","-2.95","38.75","38.75","38.75","0.00",,"1","10.0","43"
"C016C745","코스피200 P 202612   745.0 (야간)",,,,,,"0.00",,"0","0.0","107"
"C016C745","코스피200 P 202612   745.0 (주간)",,,,,,"0.00",,"0","0.0","107"
"C016C750","코스피200 P 202612   750.0 (야간)",,,,,,"0.00",,"0","0.0","701"
"C016C750","코스피200 P 202612   750.0 (주간)",,,,,,"0.00",,"0","0.0","701"
"C016C755","코스피200 P 202612   755.0 (야간)",,,,,,"0.00",,"0","0.0","0"
"C016C755","코스피200 P 202612   755.0 (주간)",,,,,,"0.00",,"0","0.0","0"
"C016C760","코스피200 P 202612   760.0 (야간)",,,,,,"0.00",,"0","0.0","200"
"C016C760","코스피200 P 202612   760.0 (주간)",,,,,,"0.00",,"0","0.0","200"
"C016C765","코스피200 P 202612   765.0 (야간)",,,,,,"0.00",,"0","0.0","0"
"C016C765","코스피200 P 202612   765.0 (주간)",,,,,,"0.00",,"0","0.0","0"
"C016C770","코스피200 P 202612   770.0 (야간)",,,,,,"0.00",,"0","0.0","0"
"C016C770","코스피200 P 202612   770.0 (주간)",,,,,,"0.00",,"0","0.0","0"
"C016C775","코스피200 P 202612   775.0 (야간)",,,,,,"0.00",,"0","0.0","0"
"C016C775","코스피200 P 202612   775.0 (주간)",,,,,,"0.00",,"0","0.0","0"
"C016C780","코스피200 P 202612   780.0 (야간)",,,,,,"0.00",,"0","0.0","0"
"C016C780","코스피200 P 202612   780.0 (주간)",,,,,,"0.00",,"0","0.0","0"
"C016C785","코스피200 P 202612   785.0 (야간)",,,,,,"0.00",,"0","0.0","2"
"C016C785","코스피200 P 202612   785.0 (주간)",,,,,,"0.00",,"0","0.0","2"
"C016C790","코스피200 P 202612   790.0 (야간)",,,,,,"0.00",,"0","0.0","7"
"C016C790","코스피200 P 202612   790.0 (주간)",,,,,,"0.00",,"0","0.0","7"
"C016C795","코스피200 P 202612   795.0 (야간)",,,,,,"0.00",,"0","0.0","0"
"C016C795","코스피200 P 202612   795.0 (주간)",,,,,,"0.00",,"0","0.0","0"
"C016C800","코스피200 P 202612   800.0 (야간)",,,,,,"0.00",,"0","0.0","1055"
"C016C800","코스피200 P 202612   800.0 (주간)","61.50","-1.10","59.40","61.50","59.40","0.00",,"6","92.0","1054"
"C016C805","코스피200 P 202612   805.0 (야간)",,,,,,"0.00",,"0","0.0","0"
"C016C805","코스피200 P 202612   805.0 (주간)",,,,,,"0.00",,"0","0.0","0"
"C016C810","코스피200 P 202612   810.0 (야간)",,,,,,"0.00",,"0","0.0","0"
"C016C810","코스피200 P 202612   810.0 (주간)",,,,,,"0.00",,"0","0.0","0"
"C016C815","코스피200 P 202612   815.0 (야간)",,,,,,"0.00",,"0","0.0","2"
"C016C815","코스피200 P 202612   815.0 (주간)",,,,,,"0.00",,"0","0.0","2"
"C016C820","코스피200 P 202612   820.0 (야간)",,,,,,"0.00",,"0","0.0","16"
"C016C820","코스피200 P 202612   820.0 (주간)",,,,,,"0.00",,"0","0.0","16"
"C016C825","코스피200 P 202612   825.0 (야간)",,,,,,"0.00",,"0","0.0","52"
"C016C825","코스피200 P 202612   825.0 (주간)",,,,,,"0.00",,"0","0.0","52"
"C016C830","코스피200 P 202612   830.0 (야간)",,,,,,"0.00",,"0","0.0","0"
"C016C830","코스피200 P 202612   830.0 (주간)",,,,,,"0.00",,"0","0.0","0"
"C016C835","코스피200 P 202612   835.0 (야간)",,,,,,"0.00",,"0","0.0","0"
"C016C835","코스피200 P 202612   835.0 (주간)",,,,,,"0.00",,"0","0.0","0"
"C016C840","코스피200 P 202612   840.0 (야간)",,,,,,"0.00",,"0","0.0","125"
"C016C840","코스피200 P 202612   840.0 (주간)",,,,,,"0.00",,"0","0.0","125"
"C016C845","코스피200 P 202612   845.0 (야간)",,,,,,"0.00",,"0","0.0","0"
"C016C845","코스피200 P 202612   845.0 (주간)",,,,,,"0.00",,"0","0.0","0"
"C016C850","코스피200 P 202612   850.0 (야간)",,,,,,"0.00",,"0","0.0","557"
"C016C850","코스피200 P 202612   850.0 (주간)",,,,,,"0.00",,"0","0.0","557"
"C016C855","코스피200 P 202612   855.0 (야간)",,,,,,"0.00",,"0","0.0","0"
"C016C855","코스피200 P 202612   855.0 (주간)",,,,,,"0.00",,"0","0.0","0"
"C016C860","코스피200 P 202612   860.0 (야간)",,,,,,"0.00",,"0","0.0","0"
"C016C860","코스피200 P 202612   860.0 (주간)",,,,,,"0.00",,"0","0.0","0"
"C016C865","코스피200 P 202612   865.0 (야간)",,,,,,"0.00",,"0","0.0","345"
"C016C865","코스피200 P 202612   865.0 (주간)",,,,,,"0.00",,"0","0.0","345"
"C016C870","코스피200 P 202612   870.0 (야간)",,,,,,"0.00",,"0","0.0","300"
"C016C870","코스피200 P 202612   870.0 (주간)",,,,,,"0.00",,"0","0.0","300"
"C016C875","코스피200 P 202612   875.0 (야간)",,,,,,"0.00",,"0","0.0","0"
"C016C875","코스피200 P 202612   875.0 (주간)",,,,,,"0.00",,"0","0.0","0"
"C016C880","코스피200 P 202612   880.0 (야간)",,,,,,"0.00",,"0","0.0","10"
"C016C880","코스피200 P 202612   880.0 (주간)",,,,,,"0.00",,"0","0.0","10"
"C016C885","코스피200 P 202612   885.0 (야간)",,,,,,"0.00",,"0","0.0","0"
"C016C885","코스피200 P 202612   885.0 (주간)",,,,,,"0.00",,"0","0.0","0"
"C016C890","코스피200 P 202612   890.0 (야간)",,,,,,"0.00",,"0","0.0","1"
"C016C890","코스피200 P 202612   890.0 (주간)",,,,,,"0.00",,"0","0.0","1"
"C016C895","코스피200 P 202612   895.0 (야간)",,,,,,"0.00",,"0","0.0","0"
"C016C895","코스피200 P 202612   895.0 (주간)",,,,,,"0.00",,"0","0.0","0"
"C016C900","코스피200 P 202612   900.0 (야간)",,,,,,"0.00",,"0","0.0","58"
"C016C900","코스피200 P 202612   900.0 (주간)","98.45","-7.90","98.00","98.45","98.00","0.00",,"3","74.0","61"
"C016C905","코스피200 P 202612   905.0 (야간)",,,,,,"0.00",,"0","0.0","0"
"C016C905","코스피200 P 202612   905.0 (주간)",,,,,,"0.00",,"0","0.0","0"
"C016C910","코스피200 P 202612   910.0 (야간)",,,,,,"0.00",,"0","0.0","2"
"C016C910","코스피200 P 202612   910.0 (주간)",,,,,,"0.00",,"0","0.0","2"
"C016C915","코스피200 P 202612   915.0 (야간)",,,,,,"0.00",,"0","0.0","0"
"C016C915","코스피200 P 202612   915.0 (주간)",,,,,,"0.00",,"0","0.0","0"
"C016C920","코스피200 P 202612   920.0 (야간)",,,,,,"0.00",,"0","0.0","0"
"C016C920","코스피200 P 202612   920.0 (주간)",,,,,,"0.00",,"0","0.0","0"
"C016C925","코스피200 P 202612   925.0 (야간)",,,,,,"0.00",,"0","0.0","0"
"C016C925","코스피200 P 202612   925.0 (주간)",,,,,,"0.00",,"0","0.0","0"
"C016C930","코스피200 P 202612   930.0 (야간)",,,,,,"0.00",,"0","0.0","0"
"C016C930","코스피200 P 202612   930.0 (주간)",,,,,,"0.00",,"0","0.0","0"
"C016C935","코스피200 P 202612   935.0 (야간)",,,,,,"0.00",,"0","0.0","0"
"C016C935","코스피200 P 202612   935.0 (주간)",,,,,,"0.00",,"0","0.0","0"
"C016C940","코스피200 P 202612   940.0 (야간)",,,,,,"0.00",,"0","0.0","0"
"C016C940","코스피200 P 202612   940.0 (주간)",,,,,,"0.00",,"0","0.0","0"
"C016C945","코스피200 P 202612   945.0 (야간)",,,,,,"0.00",,"0","0.0","0"
"C016C945","코스피200 P 202612   945.0 (주간)",,,,,,"0.00",,"0","0.0","0"
"C016C950","코스피200 P 202612   950.0 (야간)",,,,,,"0.00",,"0","0.0","0"
"C016C950","코스피200 P 202612   950.0 (주간)",,,,,,"0.00",,"0","0.0","0"
"C016C955","코스피200 P 202612   955.0 (야간)",,,,,,"0.00",,"0","0.0","0"
"C016C955","코스피200 P 202612   955.0 (주간)",,,,,,"0.00",,"0","0.0","0"
"C016C960","코스피200 P 202612   960.0 (야간)",,,,,,"0.00",,"0","0.0","15"
"C016C960","코스피200 P 202612   960.0 (주간)","126.80","-9.00","124.80","126.80","124.80","0.00",,"2","63.0","17"
"C016C965","코스피200 P 202612   965.0 (야간)",,,,,,"0.00",,"0","0.0","0"
"C016C965","코스피200 P 202612   965.0 (주간)",,,,,,"0.00",,"0","0.0","0"
"C016C970","코스피200 P 202612   970.0 (야간)",,,,,,"0.00",,"0","0.0","0"
"C016C970","코스피200 P 202612   970.0 (주간)",,,,,,"0.00",,"0","0.0","0"
"C016C975","코스피200 P 202612   975.0 (야간)",,,,,,"0.00",,"0","0.0","0"
"C016C975","코스피200 P 202612   975.0 (주간)",,,,,,"0.00",,"0","0.0","0"
"C016C980","코스피200 P 202612   980.0 (야간)",,,,,,"0.00",,"0","0.0","0"
"C016C980","코스피200 P 202612   980.0 (주간)",,,,,,"0.00",,"0","0.0","0"
"C016C985","코스피200 P 202612   985.0 (야간)",,,,,,"0.00",,"0","0.0","0"
"C016C985","코스피200 P 202612   985.0 (주간)",,,,,,"0.00",,"0","0.0","0"
"C016C990","코스피200 P 202612   990.0 (야간)",,,,,,"0.00",,"0","0.0","0"
"C016C990","코스피200 P 202612   990.0 (주간)",,,,,,"0.00",,"0","0.0","0"
"C016C995","코스피200 P 202612   995.0 (야간)",,,,,,"0.00",,"0","0.0","0"
"C016C995","코스피200 P 202612   995.0 (주간)",,,,,,"0.00",,"0","0.0","0"
"C016CA01","코스피200 P 202612 1,000.0 (야간)",,,,,,"0.00",,"0","0.0","0"
"C016CA01","코스피200 P 202612 1,000.0 (주간)","149.15","-14.40","149.15","149.15","149.15","0.00",,"1","37.0","1"
"C016CA02","코스피200 P 202612 1,005.0 (야간)",,,,,,"0.00",,"0","0.0","0"
"C016CA02","코스피200 P 202612 1,005.0 (주간)",,,,,,"0.00",,"0","0.0","0"
"C016CA03","코스피200 P 202612 1,010.0 (야간)",,,,,,"0.00",,"0","0.0","0"
"C016CA03","코스피200 P 202612 1,010.0 (주간)",,,,,,"0.00",,"0","0.0","0"
"C016CA04","코스피200 P 202612 1,015.0 (야간)",,,,,,"0.00",,"0","0.0","0"
"C016CA04","코스피200 P 202612 1,015.0 (주간)",,,,,,"0.00",,"0","0.0","0"
"C016CA05","코스피200 P 202612 1,020.0 (야간)",,,,,,"0.00",,"0","0.0","0"
"C016CA05","코스피200 P 202612 1,020.0 (주간)",,,,,,"0.00",,"0","0.0","0"
"C016CA06","코스피200 P 202612 1,025.0 (야간)",,,,,,"0.00",,"0","0.0","0"
"C016CA06","코스피200 P 202612 1,025.0 (주간)",,,,,,"0.00",,"0","0.0","0"
"C016CA12","코스피200 P 202612 1,030.0 (야간)",,,,,,"0.00",,"0","0.0","0"
"C016CA12","코스피200 P 202612 1,030.0 (주간)",,,,,,"0.00",,"0","0.0","0"
"C016CA13","코스피200 P 202612 1,035.0 (야간)",,,,,,"0.00",,"0","0.0","0"
"C016CA13","코스피200 P 202612 1,035.0 (주간)",,,,,,"0.00",,"0","0.0","0"
"C016CA14","코스피200 P 202612 1,040.0 (야간)",,,,,,"0.00",,"0","0.0","0"
"C016CA14","코스피200 P 202612 1,040.0 (주간)",,,,,,"0.00",,"0","0.0","0"
"C016CA15","코스피200 P 202612 1,045.0 (야간)",,,,,,"0.00",,"0","0.0","0"
"C016CA15","코스피200 P 202612 1,045.0 (주간)",,,,,,"0.00",,"0","0.0","0"
"C016CA16","코스피200 P 202612 1,050.0 (야간)",,,,,,"0.00",,"0","0.0","0"
"C016CA16","코스피200 P 202612 1,050.0 (주간)",,,,,,"0.00",,"0","0.0","0"
"C016CA17","코스피200 P 202612 1,055.0 (야간)",,,,,,"0.00",,"0","0.0","0"
"C016CA17","코스피200 P 202612 1,055.0 (주간)",,,,,,"0.00",,"0","0.0","0"
"C016CA18","코스피200 P 202612 1,060.0 (야간)",,,,,,"0.00",,"0","0.0","0"
"C016CA18","코스피200 P 202612 1,060.0 (주간)",,,,,,"0.00",,"0","0.0","0"
"C016CA19","코스피200 P 202612 1,065.0 (야간)",,,,,,"0.00",,"0","0.0","0"
"C016CA19","코스피200 P 202612 1,065.0 (주간)","193.80","-15.35","193.00","194.20","193.00","0.00",,"4","194.0","3"
"C0173625","코스피200 P 202703   625.0 (야간)",,,,,,"0.00",,"0","0.0","25"
"C0173625","코스피200 P 202703   625.0 (주간)",,,,,,"0.00",,"0","0.0","25"
"C0173630","코스피200 P 202703   630.0 (야간)",,,,,,"0.00",,"0","0.0","0"
"C0173630","코스피200 P 202703   630.0 (주간)",,,,,,"0.00",,"0","0.0","0"
"C0173635","코스피200 P 202703   635.0 (야간)",,,,,,"0.00",,"0","0.0","0"
"C0173635","코스피200 P 202703   635.0 (주간)",,,,,,"0.00",,"0","0.0","0"
"C0173640","코스피200 P 202703   640.0 (야간)",,,,,,"0.00",,"0","0.0","100"
"C0173640","코스피200 P 202703   640.0 (주간)",,,,,,"0.00",,"0","0.0","100"
"C0173645","코스피200 P 202703   645.0 (야간)",,,,,,"0.00",,"0","0.0","0"
"C0173645","코스피200 P 202703   645.0 (주간)",,,,,,"0.00",,"0","0.0","0"
"C0173650","코스피200 P 202703   650.0 (야간)",,,,,,"0.00",,"0","0.0","0"
"C0173650","코스피200 P 202703   650.0 (주간)",,,,,,"0.00",,"0","0.0","0"
"C0173655","코스피200 P 202703   655.0 (야간)",,,,,,"0.00",,"0","0.0","0"
"C0173655","코스피200 P 202703   655.0 (주간)",,,,,,"0.00",,"0","0.0","0"
"C0173660","코스피200 P 202703   660.0 (야간)",,,,,,"0.00",,"0","0.0","0"
"C0173660","코스피200 P 202703   660.0 (주간)",,,,,,"0.00",,"0","0.0","0"
"C0173665","코스피200 P 202703   665.0 (야간)",,,,,,"0.00",,"0","0.0","0"
"C0173665","코스피200 P 202703   665.0 (주간)",,,,,,"0.00",,"0","0.0","0"
"C0173670","코스피200 P 202703   670.0 (야간)",,,,,,"0.00",,"0","0.0","0"
"C0173670","코스피200 P 202703   670.0 (주간)",,,,,,"0.00",,"0","0.0","0"
"C0173675","코스피200 P 202703   675.0 (야간)",,,,,,"0.00",,"0","0.0","0"
"C0173675","코스피200 P 202703   675.0 (주간)",,,,,,"0.00",,"0","0.0","0"
"C0173680","코스피200 P 202703   680.0 (야간)",,,,,,"0.00",,"0","0.0","0"
"C0173680","코스피200 P 202703   680.0 (주간)",,,,,,"0.00",,"0","0.0","0"
"C0173685","코스피200 P 202703   685.0 (야간)",,,,,,"0.00",,"0","0.0","100"
"C0173685","코스피200 P 202703   685.0 (주간)",,,,,,"0.00",,"0","0.0","100"
"C0173690","코스피200 P 202703   690.0 (야간)",,,,,,"0.00",,"0","0.0","0"
"C0173690","코스피200 P 202703   690.0 (주간)",,,,,,"0.00",,"0","0.0","0"
"C0173695","코스피200 P 202703   695.0 (야간)",,,,,,"0.00",,"0","0.0","44"
"C0173695","코스피200 P 202703   695.0 (주간)",,,,,,"0.00",,"0","0.0","44"
"C0173700","코스피200 P 202703   700.0 (야간)",,,,,,"0.00",,"0","0.0","400"
"C0173700","코스피200 P 202703   700.0 (주간)",,,,,,"0.00",,"0","0.0","400"
"C0173705","코스피200 P 202703   705.0 (야간)",,,,,,"0.00",,"0","0.0","0"
"C0173705","코스피200 P 202703   705.0 (주간)",,,,,,"0.00",,"0","0.0","0"
"C0173710","코스피200 P 202703   710.0 (야간)",,,,,,"0.00",,"0","0.0","200"
"C0173710","코스피200 P 202703   710.0 (주간)",,,,,,"0.00",,"0","0.0","200"
"C0173715","코스피200 P 202703   715.0 (야간)",,,,,,"0.00",,"0","0.0","0"
"C0173715","코스피200 P 202703   715.0 (주간)",,,,,,"0.00",,"0","0.0","0"
"C0173720","코스피200 P 202703   720.0 (야간)",,,,,,"0.00",,"0","0.0","100"
"C0173720","코스피200 P 202703   720.0 (주간)",,,,,,"0.00",,"0","0.0","100"
"C0173725","코스피200 P 202703   725.0 (야간)",,,,,,"0.00",,"0","0.0","0"
"C0173725","코스피200 P 202703   725.0 (주간)",,,,,,"0.00",,"0","0.0","0"
"C0173730","코스피200 P 202703   730.0 (야간)",,,,,,"0.00",,"0","0.0","0"
"C0173730","코스피200 P 202703   730.0 (주간)",,,,,,"0.00",,"0","0.0","0"
"C0173735","코스피200 P 202703   735.0 (야간)",,,,,,"0.00",,"0","0.0","0"
"C0173735","코스피200 P 202703   735.0 (주간)",,,,,,"0.00",,"0","0.0","0"
"C0173740","코스피200 P 202703   740.0 (야간)",,,,,,"0.00",,"0","0.0","0"
"C0173740","코스피200 P 202703   740.0 (주간)",,,,,,"0.00",,"0","0.0","0"
"C0173745","코스피200 P 202703   745.0 (야간)",,,,,,"0.00",,"0","0.0","0"
"C0173745","코스피200 P 202703   745.0 (주간)",,,,,,"0.00",,"0","0.0","0"
"C0173750","코스피200 P 202703   750.0 (야간)",,,,,,"0.00",,"0","0.0","0"
"C0173750","코스피200 P 202703   750.0 (주간)",,,,,,"0.00",,"0","0.0","0"
"C0173755","코스피200 P 202703   755.0 (야간)",,,,,,"0.00",,"0","0.0","0"
"C0173755","코스피200 P 202703   755.0 (주간)",,,,,,"0.00",,"0","0.0","0"
"C0173760","코스피200 P 202703   760.0 (야간)",,,,,,"0.00",,"0","0.0","0"
"C0173760","코스피200 P 202703   760.0 (주간)",,,,,,"0.00",,"0","0.0","0"
"C0173765","코스피200 P 202703   765.0 (야간)",,,,,,"0.00",,"0","0.0","0"
"C0173765","코스피200 P 202703   765.0 (주간)",,,,,,"0.00",,"0","0.0","0"
"C0173770","코스피200 P 202703   770.0 (야간)",,,,,,"0.00",,"0","0.0","0"
"C0173770","코스피200 P 202703   770.0 (주간)",,,,,,"0.00",,"0","0.0","0"
"C0173775","코스피200 P 202703   775.0 (야간)",,,,,,"0.00",,"0","0.0","0"
"C0173775","코스피200 P 202703   775.0 (주간)",,,,,,"0.00",,"0","0.0","0"
"C0173780","코스피200 P 202703   780.0 (야간)",,,,,,"0.00",,"0","0.0","201"
"C0173780","코스피200 P 202703   780.0 (주간)",,,,,,"0.00",,"0","0.0","201"
"C0173785","코스피200 P 202703   785.0 (야간)",,,,,,"0.00",,"0","0.0","0"
"C0173785","코스피200 P 202703   785.0 (주간)",,,,,,"0.00",,"0","0.0","0"
"C0173790","코스피200 P 202703   790.0 (야간)",,,,,,"0.00",,"0","0.0","0"
"C0173790","코스피200 P 202703   790.0 (주간)",,,,,,"0.00",,"0","0.0","0"
"C0173795","코스피200 P 202703   795.0 (야간)",,,,,,"0.00",,"0","0.0","0"
"C0173795","코스피200 P 202703   795.0 (주간)",,,,,,"0.00",,"0","0.0","0"
"C0173800","코스피200 P 202703   800.0 (야간)",,,,,,"0.00",,"0","0.0","0"
"C0173800","코스피200 P 202703   800.0 (주간)",,,,,,"0.00",,"0","0.0","0"
"C0173805","코스피200 P 202703   805.0 (야간)",,,,,,"0.00",,"0","0.0","0"
"C0173805","코스피200 P 202703   805.0 (주간)",,,,,,"0.00",,"0","0.0","0"
"C0173810","코스피200 P 202703   810.0 (야간)",,,,,,"0.00",,"0","0.0","0"
"C0173810","코스피200 P 202703   810.0 (주간)",,,,,,"0.00",,"0","0.0","0"
"C0173815","코스피200 P 202703   815.0 (야간)",,,,,,"0.00",,"0","0.0","0"
"C0173815","코스피200 P 202703   815.0 (주간)",,,,,,"0.00",,"0","0.0","0"
"C0173820","코스피200 P 202703   820.0 (야간)",,,,,,"0.00",,"0","0.0","0"
"C0173820","코스피200 P 202703   820.0 (주간)",,,,,,"0.00",,"0","0.0","0"
"C0173825","코스피200 P 202703   825.0 (야간)",,,,,,"0.00",,"0","0.0","0"
"C0173825","코스피200 P 202703   825.0 (주간)",,,,,,"0.00",,"0","0.0","0"
"C0173830","코스피200 P 202703   830.0 (야간)",,,,,,"0.00",,"0","0.0","0"
"C0173830","코스피200 P 202703   830.0 (주간)",,,,,,"0.00",,"0","0.0","0"
"C0173835","코스피200 P 202703   835.0 (야간)",,,,,,"0.00",,"0","0.0","0"
"C0173835","코스피200 P 202703   835.0 (주간)",,,,,,"0.00",,"0","0.0","0"
"C0173840","코스피200 P 202703   840.0 (야간)",,,,,,"0.00",,"0","0.0","0"
"C0173840","코스피200 P 202703   840.0 (주간)",,,,,,"0.00",,"0","0.0","0"
"C0173845","코스피200 P 202703   845.0 (야간)",,,,,,"0.00",,"0","0.0","0"
"C0173845","코스피200 P 202703   845.0 (주간)",,,,,,"0.00",,"0","0.0","0"
"C0173850","코스피200 P 202703   850.0 (야간)",,,,,,"0.00",,"0","0.0","0"
"C0173850","코스피200 P 202703   850.0 (주간)",,,,,,"0.00",,"0","0.0","0"
"C0173855","코스피200 P 202703   855.0 (야간)",,,,,,"0.00",,"0","0.0","0"
"C0173855","코스피200 P 202703   855.0 (주간)",,,,,,"0.00",,"0","0.0","0"
"C0173860","코스피200 P 202703   860.0 (야간)",,,,,,"0.00",,"0","0.0","0"
"C0173860","코스피200 P 202703   860.0 (주간)",,,,,,"0.00",,"0","0.0","0"
"C0173865","코스피200 P 202703   865.0 (야간)",,,,,,"0.00",,"0","0.0","0"
"C0173865","코스피200 P 202703   865.0 (주간)",,,,,,"0.00",,"0","0.0","0"
"C0173870","코스피200 P 202703   870.0 (야간)",,,,,,"0.00",,"0","0.0","0"
"C0173870","코스피200 P 202703   870.0 (주간)",,,,,,"0.00",,"0","0.0","0"
"C0173875","코스피200 P 202703   875.0 (야간)",,,,,,"0.00",,"0","0.0","0"
"C0173875","코스피200 P 202703   875.0 (주간)",,,,,,"0.00",,"0","0.0","0"
"C0173880","코스피200 P 202703   880.0 (야간)",,,,,,"0.00",,"0","0.0","0"
"C0173880","코스피200 P 202703   880.0 (주간)",,,,,,"0.00",,"0","0.0","0"
"C0173885","코스피200 P 202703   885.0 (야간)",,,,,,"0.00",,"0","0.0","0"
"C0173885","코스피200 P 202703   885.0 (주간)",,,,,,"0.00",,"0","0.0","0"
"C0173890","코스피200 P 202703   890.0 (야간)",,,,,,"0.00",,"0","0.0","0"
"C0173890","코스피200 P 202703   890.0 (주간)",,,,,,"0.00",,"0","0.0","0"
"C0173895","코스피200 P 202703   895.0 (야간)",,,,,,"0.00",,"0","0.0","0"
"C0173895","코스피200 P 202703   895.0 (주간)",,,,,,"0.00",,"0","0.0","0"
"C0173900","코스피200 P 202703   900.0 (야간)",,,,,,"0.00",,"0","0.0","0"
"C0173900","코스피200 P 202703   900.0 (주간)",,,,,,"0.00",,"0","0.0","0"
"C0173905","코스피200 P 202703   905.0 (야간)",,,,,,"0.00",,"0","0.0","0"
"C0173905","코스피200 P 202703   905.0 (주간)",,,,,,"0.00",,"0","0.0","0"
"C0173910","코스피200 P 202703   910.0 (야간)",,,,,,"0.00",,"0","0.0","0"
"C0173910","코스피200 P 202703   910.0 (주간)",,,,,,"0.00",,"0","0.0","0"
"C0173915","코스피200 P 202703   915.0 (야간)",,,,,,"0.00",,"0","0.0","0"
"C0173915","코스피200 P 202703   915.0 (주간)",,,,,,"0.00",,"0","0.0","0"
"C0173920","코스피200 P 202703   920.0 (야간)",,,,,,"0.00",,"0","0.0","0"
"C0173920","코스피200 P 202703   920.0 (주간)",,,,,,"0.00",,"0","0.0","0"
"C0173925","코스피200 P 202703   925.0 (야간)",,,,,,"0.00",,"0","0.0","0"
"C0173925","코스피200 P 202703   925.0 (주간)",,,,,,"0.00",,"0","0.0","0"
"C0173930","코스피200 P 202703   930.0 (야간)",,,,,,"0.00",,"0","0.0","0"
"C0173930","코스피200 P 202703   930.0 (주간)",,,,,,"0.00",,"0","0.0","0"
"C0173935","코스피200 P 202703   935.0 (야간)",,,,,,"0.00",,"0","0.0","0"
"C0173935","코스피200 P 202703   935.0 (주간)",,,,,,"0.00",,"0","0.0","0"
"C0173940","코스피200 P 202703   940.0 (야간)",,,,,,"0.00",,"0","0.0","0"
"C0173940","코스피200 P 202703   940.0 (주간)",,,,,,"0.00",,"0","0.0","0"
"C0173945","코스피200 P 202703   945.0 (야간)",,,,,,"0.00",,"0","0.0","0"
"C0173945","코스피200 P 202703   945.0 (주간)",,,,,,"0.00",,"0","0.0","0"
"C0173950","코스피200 P 202703   950.0 (야간)",,,,,,"0.00",,"0","0.0","0"
"C0173950","코스피200 P 202703   950.0 (주간)",,,,,,"0.00",,"0","0.0","0"
"C0173955","코스피200 P 202703   955.0 (야간)",,,,,,"0.00",,"0","0.0","0"
"C0173955","코스피200 P 202703   955.0 (주간)",,,,,,"0.00",,"0","0.0","0"
"C0173960","코스피200 P 202703   960.0 (야간)",,,,,,"0.00",,"0","0.0","0"
"C0173960","코스피200 P 202703   960.0 (주간)",,,,,,"0.00",,"0","0.0","0"
"C0173965","코스피200 P 202703   965.0 (야간)",,,,,,"0.00",,"0","0.0","0"
"C0173965","코스피200 P 202703   965.0 (주간)",,,,,,"0.00",,"0","0.0","0"
"C0173970","코스피200 P 202703   970.0 (야간)",,,,,,"0.00",,"0","0.0","0"
"C0173970","코스피200 P 202703   970.0 (주간)",,,,,,"0.00",,"0","0.0","0"
"C0173975","코스피200 P 202703   975.0 (야간)",,,,,,"0.00",,"0","0.0","0"
"C0173975","코스피200 P 202703   975.0 (주간)",,,,,,"0.00",,"0","0.0","0"
"C0173980","코스피200 P 202703   980.0 (야간)",,,,,,"0.00",,"0","0.0","0"
"C0173980","코스피200 P 202703   980.0 (주간)",,,,,,"0.00",,"0","0.0","0"
"C0173985","코스피200 P 202703   985.0 (야간)",,,,,,"0.00",,"0","0.0","0"
"C0173985","코스피200 P 202703   985.0 (주간)",,,,,,"0.00",,"0","0.0","0"
"C0173990","코스피200 P 202703   990.0 (야간)",,,,,,"0.00",,"0","0.0","0"
"C0173990","코스피200 P 202703   990.0 (주간)",,,,,,"0.00",,"0","0.0","0"
"C0173995","코스피200 P 202703   995.0 (야간)",,,,,,"0.00",,"0","0.0","0"
"C0173995","코스피200 P 202703   995.0 (주간)",,,,,,"0.00",,"0","0.0","0"
"C0173A01","코스피200 P 202703 1,000.0 (야간)",,,,,,"0.00",,"0","0.0","0"
"C0173A01","코스피200 P 202703 1,000.0 (주간)",,,,,,"0.00",,"0","0.0","0"
"C0173A02","코스피200 P 202703 1,005.0 (야간)",,,,,,"0.00",,"0","0.0","0"
"C0173A02","코스피200 P 202703 1,005.0 (주간)",,,,,,"0.00",,"0","0.0","0"
"C0173A03","코스피200 P 202703 1,010.0 (야간)",,,,,,"0.00",,"0","0.0","0"
"C0173A03","코스피200 P 202703 1,010.0 (주간)",,,,,,"0.00",,"0","0.0","0"
"C0173A04","코스피200 P 202703 1,015.0 (야간)",,,,,,"0.00",,"0","0.0","0"
"C0173A04","코스피200 P 202703 1,015.0 (주간)",,,,,,"0.00",,"0","0.0","0"
"C0176270","코스피200 P 202706   270.0 (야간)",,,,,,"0.00",,"0","0.0","51"
"C0176270","코스피200 P 202706   270.0 (주간)",,,,,,"0.00",,"0","0.0","51"
"C0176280","코스피200 P 202706   280.0 (야간)",,,,,,"0.00",,"0","0.0","40"
"C0176280","코스피200 P 202706   280.0 (주간)",,,,,,"0.00",,"0","0.0","40"
"C0176290","코스피200 P 202706   290.0 (야간)",,,,,,"0.00",,"0","0.0","0"
"C0176290","코스피200 P 202706   290.0 (주간)",,,,,,"0.00",,"0","0.0","0"
"C0176300","코스피200 P 202706   300.0 (야간)",,,,,,"0.00",,"0","0.0","13"
"C0176300","코스피200 P 202706   300.0 (주간)",,,,,,"0.00",,"0","0.0","13"
"C0176310","코스피200 P 202706   310.0 (야간)",,,,,,"0.00",,"0","0.0","0"
"C0176310","코스피200 P 202706   310.0 (주간)",,,,,,"0.00",,"0","0.0","0"
"C0176320","코스피200 P 202706   320.0 (야간)",,,,,,"0.00",,"0","0.0","2"
"C0176320","코스피200 P 202706   320.0 (주간)",,,,,,"0.00",,"0","0.0","2"
"C0176330","코스피200 P 202706   330.0 (야간)",,,,,,"0.00",,"0","0.0","2"
"C0176330","코스피200 P 202706   330.0 (주간)",,,,,,"0.00",,"0","0.0","2"
"C0176340","코스피200 P 202706   340.0 (야간)",,,,,,"0.00",,"0","0.0","150"
"C0176340","코스피200 P 202706   340.0 (주간)",,,,,,"0.00",,"0","0.0","150"
"C0176350","코스피200 P 202706   350.0 (야간)",,,,,,"0.00",,"0","0.0","240"
"C0176350","코스피200 P 202706   350.0 (주간)",,,,,,"0.00",,"0","0.0","240"
"C0176360","코스피200 P 202706   360.0 (야간)",,,,,,"0.00",,"0","0.0","0"
"C0176360","코스피200 P 202706   360.0 (주간)",,,,,,"0.00",,"0","0.0","0"
"C0176370","코스피200 P 202706   370.0 (야간)",,,,,,"0.00",,"0","0.0","0"
"C0176370","코스피200 P 202706   370.0 (주간)",,,,,,"0.00",,"0","0.0","0"
"C0176380","코스피200 P 202706   380.0 (야간)",,,,,,"0.00",,"0","0.0","2"
"C0176380","코스피200 P 202706   380.0 (주간)",,,,,,"0.00",,"0","0.0","2"
"C0176390","코스피200 P 202706   390.0 (야간)",,,,,,"0.00",,"0","0.0","410"
"C0176390","코스피200 P 202706   390.0 (주간)",,,,,,"0.00",,"0","0.0","410"
"C0176400","코스피200 P 202706   400.0 (야간)",,,,,,"0.00",,"0","0.0","530"
"C0176400","코스피200 P 202706   400.0 (주간)",,,,,,"0.00",,"0","0.0","530"
"C0176410","코스피200 P 202706   410.0 (야간)",,,,,,"0.00",,"0","0.0","21"
"C0176410","코스피200 P 202706   410.0 (주간)",,,,,,"0.00",,"0","0.0","21"
"C0176420","코스피200 P 202706   420.0 (야간)",,,,,,"0.00",,"0","0.0","10"
"C0176420","코스피200 P 202706   420.0 (주간)",,,,,,"0.00",,"0","0.0","10"
"C0176430","코스피200 P 202706   430.0 (야간)",,,,,,"0.00",,"0","0.0","0"
"C0176430","코스피200 P 202706   430.0 (주간)",,,,,,"0.00",,"0","0.0","0"
"C0176440","코스피200 P 202706   440.0 (야간)",,,,,,"0.00",,"0","0.0","0"
"C0176440","코스피200 P 202706   440.0 (주간)",,,,,,"0.00",,"0","0.0","0"
"C0176450","코스피200 P 202706   450.0 (야간)",,,,,,"0.00",,"0","0.0","0"
"C0176450","코스피200 P 202706   450.0 (주간)",,,,,,"0.00",,"0","0.0","0"
"C0176460","코스피200 P 202706   460.0 (야간)",,,,,,"0.00",,"0","0.0","506"
"C0176460","코스피200 P 202706   460.0 (주간)",,,,,,"0.00",,"0","0.0","506"
"C0176470","코스피200 P 202706   470.0 (야간)",,,,,,"0.00",,"0","0.0","43"
"C0176470","코스피200 P 202706   470.0 (주간)",,,,,,"0.00",,"0","0.0","43"
"C0176480","코스피200 P 202706   480.0 (야간)",,,,,,"0.00",,"0","0.0","27"
"C0176480","코스피200 P 202706   480.0 (주간)",,,,,,"0.00",,"0","0.0","27"
"C0176490","코스피200 P 202706   490.0 (야간)",,,,,,"0.00",,"0","0.0","447"
"C0176490","코스피200 P 202706   490.0 (주간)",,,,,,"0.00",,"0","0.0","447"
"C0176500","코스피200 P 202706   500.0 (야간)",,,,,,"0.00",,"0","0.0","221"
"C0176500","코스피200 P 202706   500.0 (주간)",,,,,,"0.00",,"0","0.0","221"
"C0176510","코스피200 P 202706   510.0 (야간)",,,,,,"0.00",,"0","0.0","43"
"C0176510","코스피200 P 202706   510.0 (주간)",,,,,,"0.00",,"0","0.0","43"
"C0176520","코스피200 P 202706   520.0 (야간)",,,,,,"0.00",,"0","0.0","10"
"C0176520","코스피200 P 202706   520.0 (주간)",,,,,,"0.00",,"0","0.0","10"
"C0176530","코스피200 P 202706   530.0 (야간)",,,,,,"0.00",,"0","0.0","14"
"C0176530","코스피200 P 202706   530.0 (주간)",,,,,,"0.00",,"0","0.0","14"
"C0176540","코스피200 P 202706   540.0 (야간)",,,,,,"0.00",,"0","0.0","5"
"C0176540","코스피200 P 202706   540.0 (주간)",,,,,,"0.00",,"0","0.0","5"
"C0176550","코스피200 P 202706   550.0 (야간)",,,,,,"0.00",,"0","0.0","302"
"C0176550","코스피200 P 202706   550.0 (주간)",,,,,,"0.00",,"0","0.0","302"
"C0176560","코스피200 P 202706   560.0 (야간)",,,,,,"0.00",,"0","0.0","13"
"C0176560","코스피200 P 202706   560.0 (주간)",,,,,,"0.00",,"0","0.0","13"
"C0176570","코스피200 P 202706   570.0 (야간)",,,,,,"0.00",,"0","0.0","0"
"C0176570","코스피200 P 202706   570.0 (주간)",,,,,,"0.00",,"0","0.0","0"
"C0176580","코스피200 P 202706   580.0 (야간)",,,,,,"0.00",,"0","0.0","0"
"C0176580","코스피200 P 202706   580.0 (주간)",,,,,,"0.00",,"0","0.0","0"
"C0176590","코스피200 P 202706   590.0 (야간)",,,,,,"0.00",,"0","0.0","0"
"C0176590","코스피200 P 202706   590.0 (주간)",,,,,,"0.00",,"0","0.0","0"
"C0176600","코스피200 P 202706   600.0 (야간)",,,,,,"0.00",,"0","0.0","2"
"C0176600","코스피200 P 202706   600.0 (주간)",,,,,,"0.00",,"0","0.0","2"
"C0176610","코스피200 P 202706   610.0 (야간)",,,,,,"0.00",,"0","0.0","0"
"C0176610","코스피200 P 202706   610.0 (주간)",,,,,,"0.00",,"0","0.0","0"
"C0176620","코스피200 P 202706   620.0 (야간)",,,,,,"0.00",,"0","0.0","0"
"C0176620","코스피200 P 202706   620.0 (주간)",,,,,,"0.00",,"0","0.0","0"
"C0176630","코스피200 P 202706   630.0 (야간)",,,,,,"0.00",,"0","0.0","28"
"C0176630","코스피200 P 202706   630.0 (주간)",,,,,,"0.00",,"0","0.0","28"
"C0176640","코스피200 P 202706   640.0 (야간)",,,,,,"0.00",,"0","0.0","4"
"C0176640","코스피200 P 202706   640.0 (주간)",,,,,,"0.00",,"0","0.0","4"
"C0176650","코스피200 P 202706   650.0 (야간)",,,,,,"0.00",,"0","0.0","0"
"C0176650","코스피200 P 202706   650.0 (주간)",,,,,,"0.00",,"0","0.0","0"
"C0176660","코스피200 P 202706   660.0 (야간)",,,,,,"0.00",,"0","0.0","32"
"C0176660","코스피200 P 202706   660.0 (주간)",,,,,,"0.00",,"0","0.0","32"
"C0176670","코스피200 P 202706   670.0 (야간)",,,,,,"0.00",,"0","0.0","0"
"C0176670","코스피200 P 202706   670.0 (주간)",,,,,,"0.00",,"0","0.0","0"
"C0176680","코스피200 P 202706   680.0 (야간)",,,,,,"0.00",,"0","0.0","551"
"C0176680","코스피200 P 202706   680.0 (주간)",,,,,,"0.00",,"0","0.0","551"
"C0176690","코스피200 P 202706   690.0 (야간)",,,,,,"0.00",,"0","0.0","0"
"C0176690","코스피200 P 202706   690.0 (주간)",,,,,,"0.00",,"0","0.0","0"
"C0176700","코스피200 P 202706   700.0 (야간)",,,,,,"0.00",,"0","0.0","1"
"C0176700","코스피200 P 202706   700.0 (주간)",,,,,,"0.00",,"0","0.0","1"
"C0176710","코스피200 P 202706   710.0 (야간)",,,,,,"0.00",,"0","0.0","0"
"C0176710","코스피200 P 202706   710.0 (주간)",,,,,,"0.00",,"0","0.0","0"
"C0176720","코스피200 P 202706   720.0 (야간)",,,,,,"0.00",,"0","0.0","0"
"C0176720","코스피200 P 202706   720.0 (주간)",,,,,,"0.00",,"0","0.0","0"
"C0176730","코스피200 P 202706   730.0 (야간)",,,,,,"0.00",,"0","0.0","0"
"C0176730","코스피200 P 202706   730.0 (주간)",,,,,,"0.00",,"0","0.0","0"
"C0176740","코스피200 P 202706   740.0 (야간)",,,,,,"0.00",,"0","0.0","0"
"C0176740","코스피200 P 202706   740.0 (주간)",,,,,,"0.00",,"0","0.0","0"
"C0176750","코스피200 P 202706   750.0 (야간)",,,,,,"0.00",,"0","0.0","200"
"C0176750","코스피200 P 202706   750.0 (주간)",,,,,,"0.00",,"0","0.0","200"
"C0176760","코스피200 P 202706   760.0 (야간)",,,,,,"0.00",,"0","0.0","202"
"C0176760","코스피200 P 202706   760.0 (주간)",,,,,,"0.00",,"0","0.0","202"
"C0176770","코스피200 P 202706   770.0 (야간)",,,,,,"0.00",,"0","0.0","0"
"C0176770","코스피200 P 202706   770.0 (주간)",,,,,,"0.00",,"0","0.0","0"
"C0176780","코스피200 P 202706   780.0 (야간)",,,,,,"0.00",,"0","0.0","0"
"C0176780","코스피200 P 202706   780.0 (주간)",,,,,,"0.00",,"0","0.0","0"
"C0176790","코스피200 P 202706   790.0 (야간)",,,,,,"0.00",,"0","0.0","0"
"C0176790","코스피200 P 202706   790.0 (주간)",,,,,,"0.00",,"0","0.0","0"
"C0176800","코스피200 P 202706   800.0 (야간)",,,,,,"0.00",,"0","0.0","0"
"C0176800","코스피200 P 202706   800.0 (주간)",,,,,,"0.00",,"0","0.0","0"
"C0176810","코스피200 P 202706   810.0 (야간)",,,,,,"0.00",,"0","0.0","0"
"C0176810","코스피200 P 202706   810.0 (주간)",,,,,,"0.00",,"0","0.0","0"
"C0176820","코스피200 P 202706   820.0 (야간)",,,,,,"0.00",,"0","0.0","1"
"C0176820","코스피200 P 202706   820.0 (주간)",,,,,,"0.00",,"0","0.0","1"
"C0176830","코스피200 P 202706   830.0 (야간)",,,,,,"0.00",,"0","0.0","1"
"C0176830","코스피200 P 202706   830.0 (주간)",,,,,,"0.00",,"0","0.0","1"
"C0176840","코스피200 P 202706   840.0 (야간)",,,,,,"0.00",,"0","0.0","1"
"C0176840","코스피200 P 202706   840.0 (주간)",,,,,,"0.00",,"0","0.0","1"
"C0176850","코스피200 P 202706   850.0 (야간)",,,,,,"0.00",,"0","0.0","1"
"C0176850","코스피200 P 202706   850.0 (주간)",,,,,,"0.00",,"0","0.0","1"
"C0176860","코스피200 P 202706   860.0 (야간)",,,,,,"0.00",,"0","0.0","1"
"C0176860","코스피200 P 202706   860.0 (주간)",,,,,,"0.00",,"0","0.0","1"
"C0176870","코스피200 P 202706   870.0 (야간)",,,,,,"0.00",,"0","0.0","1"
"C0176870","코스피200 P 202706   870.0 (주간)",,,,,,"0.00",,"0","0.0","1"
"C0176880","코스피200 P 202706   880.0 (야간)",,,,,,"0.00",,"0","0.0","3"
"C0176880","코스피200 P 202706   880.0 (주간)",,,,,,"0.00",,"0","0.0","3"
"C0176890","코스피200 P 202706   890.0 (야간)",,,,,,"0.00",,"0","0.0","3"
"C0176890","코스피200 P 202706   890.0 (주간)",,,,,,"0.00",,"0","0.0","3"
"C0176900","코스피200 P 202706   900.0 (야간)",,,,,,"0.00",,"0","0.0","2"
"C0176900","코스피200 P 202706   900.0 (주간)",,,,,,"0.00",,"0","0.0","2"
"C0176910","코스피200 P 202706   910.0 (야간)",,,,,,"0.00",,"0","0.0","0"
"C0176910","코스피200 P 202706   910.0 (주간)",,,,,,"0.00",,"0","0.0","0"
"C0176920","코스피200 P 202706   920.0 (야간)",,,,,,"0.00",,"0","0.0","0"
"C0176920","코스피200 P 202706   920.0 (주간)",,,,,,"0.00",,"0","0.0","0"
"C0176930","코스피200 P 202706   930.0 (야간)",,,,,,"0.00",,"0","0.0","0"
"C0176930","코스피200 P 202706   930.0 (주간)",,,,,,"0.00",,"0","0.0","0"
"C0176940","코스피200 P 202706   940.0 (야간)",,,,,,"0.00",,"0","0.0","0"
"C0176940","코스피200 P 202706   940.0 (주간)",,,,,,"0.00",,"0","0.0","0"
"C0176950","코스피200 P 202706   950.0 (야간)",,,,,,"0.00",,"0","0.0","0"
"C0176950","코스피200 P 202706   950.0 (주간)",,,,,,"0.00",,"0","0.0","0"
"C0176960","코스피200 P 202706   960.0 (야간)",,,,,,"0.00",,"0","0.0","0"
"C0176960","코스피200 P 202706   960.0 (주간)",,,,,,"0.00",,"0","0.0","0"
"C0176970","코스피200 P 202706   970.0 (야간)",,,,,,"0.00",,"0","0.0","0"
"C0176970","코스피200 P 202706   970.0 (주간)",,,,,,"0.00",,"0","0.0","0"
"C0176980","코스피200 P 202706   980.0 (야간)",,,,,,"0.00",,"0","0.0","0"
"C0176980","코스피200 P 202706   980.0 (주간)",,,,,,"0.00",,"0","0.0","0"
"C0176990","코스피200 P 202706   990.0 (야간)",,,,,,"0.00",,"0","0.0","0"
"C0176990","코스피200 P 202706   990.0 (주간)",,,,,,"0.00",,"0","0.0","0"
"C0176A01","코스피200 P 202706 1,000.0 (야간)",,,,,,"0.00",,"0","0.0","0"
"C0176A01","코스피200 P 202706 1,000.0 (주간)",,,,,,"0.00",,"0","0.0","0"
"C0176A03","코스피200 P 202706 1,010.0 (야간)",,,,,,"0.00",,"0","0.0","0"
"C0176A03","코스피200 P 202706 1,010.0 (주간)",,,,,,"0.00",,"0","0.0","0"
"C0176A05","코스피200 P 202706 1,020.0 (야간)",,,,,,"0.00",,"0","0.0","0"
"C0176A05","코스피200 P 202706 1,020.0 (주간)",,,,,,"0.00",,"0","0.0","0"
"C0176A12","코스피200 P 202706 1,030.0 (야간)",,,,,,"0.00",,"0","0.0","0"
"C0176A12","코스피200 P 202706 1,030.0 (주간)",,,,,,"0.00",,"0","0.0","0"
"C0176A14","코스피200 P 202706 1,040.0 (야간)",,,,,,"0.00",,"0","0.0","0"
"C0176A14","코스피200 P 202706 1,040.0 (주간)",,,,,,"0.00",,"0","0.0","0"
"C0176A16","코스피200 P 202706 1,050.0 (야간)",,,,,,"0.00",,"0","0.0","0"
"C0176A16","코스피200 P 202706 1,050.0 (주간)",,,,,,"0.00",,"0","0.0","0"
"C0176A18","코스피200 P 202706 1,060.0 (야간)",,,,,,"0.00",,"0","0.0","0"
"C0176A18","코스피200 P 202706 1,060.0 (주간)",,,,,,"0.00",,"0","0.0","0"
"C017C180","코스피200 P 202712   180.0 (야간)",,,,,,"0.00",,"0","0.0","203"
"C017C180","코스피200 P 202712   180.0 (주간)",,,,,,"0.00",,"0","0.0","203"
"C017C190","코스피200 P 202712   190.0 (야간)",,,,,,"0.00",,"0","0.0","9"
"C017C190","코스피200 P 202712   190.0 (주간)",,,,,,"0.00",,"0","0.0","9"
"C017C200","코스피200 P 202712   200.0 (야간)",,,,,,"0.00",,"0","0.0","1154"
"C017C200","코스피200 P 202712   200.0 (주간)",,,,,,"0.00",,"0","0.0","1154"
"C017C210","코스피200 P 202712   210.0 (야간)",,,,,,"0.00",,"0","0.0","291"
"C017C210","코스피200 P 202712   210.0 (주간)",,,,,,"0.00",,"0","0.0","291"
"C017C220","코스피200 P 202712   220.0 (야간)",,,,,,"0.00",,"0","0.0","1"
"C017C220","코스피200 P 202712   220.0 (주간)",,,,,,"0.00",,"0","0.0","1"
"C017C230","코스피200 P 202712   230.0 (야간)",,,,,,"0.00",,"0","0.0","4"
"C017C230","코스피200 P 202712   230.0 (주간)",,,,,,"0.00",,"0","0.0","4"
"C017C240","코스피200 P 202712   240.0 (야간)",,,,,,"0.00",,"0","0.0","411"
"C017C240","코스피200 P 202712   240.0 (주간)",,,,,,"0.00",,"0","0.0","411"
"C017C250","코스피200 P 202712   250.0 (야간)",,,,,,"0.00",,"0","0.0","28"
"C017C250","코스피200 P 202712   250.0 (주간)",,,,,,"0.00",,"0","0.0","28"
"C017C260","코스피200 P 202712   260.0 (야간)",,,,,,"0.00",,"0","0.0","605"
"C017C260","코스피200 P 202712   260.0 (주간)",,,,,,"0.00",,"0","0.0","605"
"C017C270","코스피200 P 202712   270.0 (야간)",,,,,,"0.00",,"0","0.0","6"
"C017C270","코스피200 P 202712   270.0 (주간)",,,,,,"0.00",,"0","0.0","6"
"C017C280","코스피200 P 202712   280.0 (야간)",,,,,,"0.00",,"0","0.0","21"
"C017C280","코스피200 P 202712   280.0 (주간)",,,,,,"0.00",,"0","0.0","21"
"C017C290","코스피200 P 202712   290.0 (야간)",,,,,,"0.00",,"0","0.0","525"
"C017C290","코스피200 P 202712   290.0 (주간)",,,,,,"0.00",,"0","0.0","525"
"C017C300","코스피200 P 202712   300.0 (야간)",,,,,,"0.00",,"0","0.0","1410"
"C017C300","코스피200 P 202712   300.0 (주간)",,,,,,"0.00",,"0","0.0","1410"
"C017C310","코스피200 P 202712   310.0 (야간)",,,,,,"0.00",,"0","0.0","5"
"C017C310","코스피200 P 202712   310.0 (주간)",,,,,,"0.00",,"0","0.0","5"
"C017C320","코스피200 P 202712   320.0 (야간)",,,,,,"0.00",,"0","0.0","202"
"C017C320","코스피200 P 202712   320.0 (주간)",,,,,,"0.00",,"0","0.0","202"
"C017C330","코스피200 P 202712   330.0 (야간)",,,,,,"0.00",,"0","0.0","25"
"C017C330","코스피200 P 202712   330.0 (주간)",,,,,,"0.00",,"0","0.0","25"
"C017C340","코스피200 P 202712   340.0 (야간)",,,,,,"0.00",,"0","0.0","9"
"C017C340","코스피200 P 202712   340.0 (주간)",,,,,,"0.00",,"0","0.0","9"
"C017C350","코스피200 P 202712   350.0 (야간)",,,,,,"0.00",,"0","0.0","8"
"C017C350","코스피200 P 202712   350.0 (주간)",,,,,,"0.00",,"0","0.0","8"
"C017C360","코스피200 P 202712   360.0 (야간)",,,,,,"0.00",,"0","0.0","10"
"C017C360","코스피200 P 202712   360.0 (주간)",,,,,,"0.00",,"0","0.0","10"
"C017C370","코스피200 P 202712   370.0 (야간)",,,,,,"0.00",,"0","0.0","813"
"C017C370","코스피200 P 202712   370.0 (주간)",,,,,,"0.00",,"0","0.0","813"
"C017C380","코스피200 P 202712   380.0 (야간)",,,,,,"0.00",,"0","0.0","507"
"C017C380","코스피200 P 202712   380.0 (주간)",,,,,,"0.00",,"0","0.0","507"
"C017C390","코스피200 P 202712   390.0 (야간)",,,,,,"0.00",,"0","0.0","409"
"C017C390","코스피200 P 202712   390.0 (주간)",,,,,,"0.00",,"0","0.0","409"
"C017C400","코스피200 P 202712   400.0 (야간)",,,,,,"0.00",,"0","0.0","694"
"C017C400","코스피200 P 202712   400.0 (주간)",,,,,,"0.00",,"0","0.0","694"
"C017C410","코스피200 P 202712   410.0 (야간)",,,,,,"0.00",,"0","0.0","5"
"C017C410","코스피200 P 202712   410.0 (주간)",,,,,,"0.00",,"0","0.0","5"
"C017C420","코스피200 P 202712   420.0 (야간)",,,,,,"0.00",,"0","0.0","1"
"C017C420","코스피200 P 202712   420.0 (주간)",,,,,,"0.00",,"0","0.0","1"
"C017C430","코스피200 P 202712   430.0 (야간)",,,,,,"0.00",,"0","0.0","4"
"C017C430","코스피200 P 202712   430.0 (주간)",,,,,,"0.00",,"0","0.0","4"
"C017C440","코스피200 P 202712   440.0 (야간)",,,,,,"0.00",,"0","0.0","2"
"C017C440","코스피200 P 202712   440.0 (주간)",,,,,,"0.00",,"0","0.0","2"
"C017C450","코스피200 P 202712   450.0 (야간)",,,,,,"0.00",,"0","0.0","12"
"C017C450","코스피200 P 202712   450.0 (주간)",,,,,,"0.00",,"0","0.0","12"
"C017C460","코스피200 P 202712   460.0 (야간)",,,,,,"0.00",,"0","0.0","0"
"C017C460","코스피200 P 202712   460.0 (주간)",,,,,,"0.00",,"0","0.0","0"
"C017C470","코스피200 P 202712   470.0 (야간)",,,,,,"0.00",,"0","0.0","509"
"C017C470","코스피200 P 202712   470.0 (주간)",,,,,,"0.00",,"0","0.0","509"
"C017C480","코스피200 P 202712   480.0 (야간)",,,,,,"0.00",,"0","0.0","601"
"C017C480","코스피200 P 202712   480.0 (주간)",,,,,,"0.00",,"0","0.0","601"
"C017C490","코스피200 P 202712   490.0 (야간)",,,,,,"0.00",,"0","0.0","438"
"C017C490","코스피200 P 202712   490.0 (주간)",,,,,,"0.00",,"0","0.0","438"
"C017C500","코스피200 P 202712   500.0 (야간)",,,,,,"0.00",,"0","0.0","337"
"C017C500","코스피200 P 202712   500.0 (주간)",,,,,,"0.00",,"0","0.0","337"
"C017C510","코스피200 P 202712   510.0 (야간)",,,,,,"0.00",,"0","0.0","20"
"C017C510","코스피200 P 202712   510.0 (주간)",,,,,,"0.00",,"0","0.0","20"
"C017C520","코스피200 P 202712   520.0 (야간)",,,,,,"0.00",,"0","0.0","11"
"C017C520","코스피200 P 202712   520.0 (주간)",,,,,,"0.00",,"0","0.0","11"
"C017C530","코스피200 P 202712   530.0 (야간)",,,,,,"0.00",,"0","0.0","46"
"C017C530","코스피200 P 202712   530.0 (주간)","26.00","-1.45","26.00","26.00","26.00","0.00",,"1","7.0","47"
"C017C540","코스피200 P 202712   540.0 (야간)",,,,,,"0.00",,"0","0.0","55"
"C017C540","코스피200 P 202712   540.0 (주간)",,,,,,"0.00",,"0","0.0","55"
"C017C550","코스피200 P 202712   550.0 (야간)",,,,,,"0.00",,"0","0.0","19"
"C017C550","코스피200 P 202712   550.0 (주간)",,,,,,"0.00",,"0","0.0","19"
"C017C560","코스피200 P 202712   560.0 (야간)",,,,,,"0.00",,"0","0.0","21"
"C017C560","코스피200 P 202712   560.0 (주간)",,,,,,"0.00",,"0","0.0","21"
"C017C570","코스피200 P 202712   570.0 (야간)",,,,,,"0.00",,"0","0.0","3"
"C017C570","코스피200 P 202712   570.0 (주간)",,,,,,"0.00",,"0","0.0","3"
"C017C580","코스피200 P 202712   580.0 (야간)",,,,,,"0.00",,"0","0.0","401"
"C017C580","코스피200 P 202712   580.0 (주간)",,,,,,"0.00",,"0","0.0","401"
"C017C590","코스피200 P 202712   590.0 (야간)",,,,,,"0.00",,"0","0.0","0"
"C017C590","코스피200 P 202712   590.0 (주간)",,,,,,"0.00",,"0","0.0","0"
"C017C600","코스피200 P 202712   600.0 (야간)",,,,,,"0.00",,"0","0.0","1219"
"C017C600","코스피200 P 202712   600.0 (주간)",,,,,,"0.00",,"0","0.0","1219"
"C017C610","코스피200 P 202712   610.0 (야간)",,,,,,"0.00",,"0","0.0","0"
"C017C610","코스피200 P 202712   610.0 (주간)",,,,,,"0.00",,"0","0.0","0"
"C017C620","코스피200 P 202712   620.0 (야간)",,,,,,"0.00",,"0","0.0","0"
"C017C620","코스피200 P 202712   620.0 (주간)",,,,,,"0.00",,"0","0.0","0"
"C017C630","코스피200 P 202712   630.0 (야간)",,,,,,"0.00",,"0","0.0","112"
"C017C630","코스피200 P 202712   630.0 (주간)",,,,,,"0.00",,"0","0.0","112"
"C017C640","코스피200 P 202712   640.0 (야간)",,,,,,"0.00",,"0","0.0","0"
"C017C640","코스피200 P 202712   640.0 (주간)",,,,,,"0.00",,"0","0.0","0"
"C017C650","코스피200 P 202712   650.0 (야간)",,,,,,"0.00",,"0","0.0","54"
"C017C650","코스피200 P 202712   650.0 (주간)",,,,,,"0.00",,"0","0.0","54"
"C017C660","코스피200 P 202712   660.0 (야간)",,,,,,"0.00",,"0","0.0","5"
"C017C660","코스피200 P 202712   660.0 (주간)",,,,,,"0.00",,"0","0.0","5"
"C017C670","코스피200 P 202712   670.0 (야간)",,,,,,"0.00",,"0","0.0","3"
"C017C670","코스피200 P 202712   670.0 (주간)",,,,,,"0.00",,"0","0.0","3"
"C017C680","코스피200 P 202712   680.0 (야간)",,,,,,"0.00",,"0","0.0","0"
"C017C680","코스피200 P 202712   680.0 (주간)",,,,,,"0.00",,"0","0.0","0"
"C017C690","코스피200 P 202712   690.0 (야간)",,,,,,"0.00",,"0","0.0","0"
"C017C690","코스피200 P 202712   690.0 (주간)",,,,,,"0.00",,"0","0.0","0"
"C017C700","코스피200 P 202712   700.0 (야간)",,,,,,"0.00",,"0","0.0","11"
"C017C700","코스피200 P 202712   700.0 (주간)",,,,,,"0.00",,"0","0.0","11"
"C017C710","코스피200 P 202712   710.0 (야간)",,,,,,"0.00",,"0","0.0","0"
"C017C710","코스피200 P 202712   710.0 (주간)",,,,,,"0.00",,"0","0.0","0"
"C017C720","코스피200 P 202712   720.0 (야간)",,,,,,"0.00",,"0","0.0","13"
"C017C720","코스피200 P 202712   720.0 (주간)",,,,,,"0.00",,"0","0.0","13"
"C017C730","코스피200 P 202712   730.0 (야간)",,,,,,"0.00",,"0","0.0","0"
"C017C730","코스피200 P 202712   730.0 (주간)",,,,,,"0.00",,"0","0.0","0"
"C017C740","코스피200 P 202712   740.0 (야간)",,,,,,"0.00",,"0","0.0","0"
"C017C740","코스피200 P 202712   740.0 (주간)",,,,,,"0.00",,"0","0.0","0"
"C017C750","코스피200 P 202712   750.0 (야간)",,,,,,"0.00",,"0","0.0","5"
"C017C750","코스피200 P 202712   750.0 (주간)",,,,,,"0.00",,"0","0.0","5"
"C017C760","코스피200 P 202712   760.0 (야간)",,,,,,"0.00",,"0","0.0","0"
"C017C760","코스피200 P 202712   760.0 (주간)",,,,,,"0.00",,"0","0.0","0"
"C017C770","코스피200 P 202712   770.0 (야간)",,,,,,"0.00",,"0","0.0","0"
"C017C770","코스피200 P 202712   770.0 (주간)",,,,,,"0.00",,"0","0.0","0"
"C017C780","코스피200 P 202712   780.0 (야간)",,,,,,"0.00",,"0","0.0","0"
"C017C780","코스피200 P 202712   780.0 (주간)",,,,,,"0.00",,"0","0.0","0"
"C017C790","코스피200 P 202712   790.0 (야간)",,,,,,"0.00",,"0","0.0","4"
"C017C790","코스피200 P 202712   790.0 (주간)",,,,,,"0.00",,"0","0.0","4"
"C017C800","코스피200 P 202712   800.0 (야간)",,,,,,"0.00",,"0","0.0","0"
"C017C800","코스피200 P 202712   800.0 (주간)",,,,,,"0.00",,"0","0.0","0"
"C017C810","코스피200 P 202712   810.0 (야간)",,,,,,"0.00",,"0","0.0","4"
"C017C810","코스피200 P 202712   810.0 (주간)","89.95","-34.00","89.95","89.95","89.95","0.00",,"1","22.0","5"
"C017C820","코스피200 P 202712   820.0 (야간)",,,,,,"0.00",,"0","0.0","0"
"C017C820","코스피200 P 202712   820.0 (주간)",,,,,,"0.00",,"0","0.0","0"
"C017C830","코스피200 P 202712   830.0 (야간)",,,,,,"0.00",,"0","0.0","0"
"C017C830","코스피200 P 202712   830.0 (주간)",,,,,,"0.00",,"0","0.0","0"
"C017C840","코스피200 P 202712   840.0 (야간)",,,,,,"0.00",,"0","0.0","3"
"C017C840","코스피200 P 202712   840.0 (주간)",,,,,,"0.00",,"0","0.0","3"
"C017C850","코스피200 P 202712   850.0 (야간)",,,,,,"0.00",,"0","0.0","275"
"C017C850","코스피200 P 202712   850.0 (주간)",,,,,,"0.00",,"0","0.0","275"
"C017C860","코스피200 P 202712   860.0 (야간)",,,,,,"0.00",,"0","0.0","0"
"C017C860","코스피200 P 202712   860.0 (주간)",,,,,,"0.00",,"0","0.0","0"
"C017C870","코스피200 P 202712   870.0 (야간)",,,,,,"0.00",,"0","0.0","0"
"C017C870","코스피200 P 202712   870.0 (주간)",,,,,,"0.00",,"0","0.0","0"
"C017C880","코스피200 P 202712   880.0 (야간)",,,,,,"0.00",,"0","0.0","0"
"C017C880","코스피200 P 202712   880.0 (주간)",,,,,,"0.00",,"0","0.0","0"
"C017C890","코스피200 P 202712   890.0 (야간)",,,,,,"0.00",,"0","0.0","0"
"C017C890","코스피200 P 202712   890.0 (주간)",,,,,,"0.00",,"0","0.0","0"
"C017C900","코스피200 P 202712   900.0 (야간)",,,,,,"0.00",,"0","0.0","0"
"C017C900","코스피200 P 202712   900.0 (주간)",,,,,,"0.00",,"0","0.0","0"
"C017C910","코스피200 P 202712   910.0 (야간)",,,,,,"0.00",,"0","0.0","0"
"C017C910","코스피200 P 202712   910.0 (주간)",,,,,,"0.00",,"0","0.0","0"
"C017C920","코스피200 P 202712   920.0 (야간)",,,,,,"0.00",,"0","0.0","0"
"C017C920","코스피200 P 202712   920.0 (주간)",,,,,,"0.00",,"0","0.0","0"
"C017C930","코스피200 P 202712   930.0 (야간)",,,,,,"0.00",,"0","0.0","0"
"C017C930","코스피200 P 202712   930.0 (주간)",,,,,,"0.00",,"0","0.0","0"
"C017C940","코스피200 P 202712   940.0 (야간)",,,,,,"0.00",,"0","0.0","0"
"C017C940","코스피200 P 202712   940.0 (주간)",,,,,,"0.00",,"0","0.0","0"
"C017C950","코스피200 P 202712   950.0 (야간)",,,,,,"0.00",,"0","0.0","0"
"C017C950","코스피200 P 202712   950.0 (주간)",,,,,,"0.00",,"0","0.0","0"
"C017C960","코스피200 P 202712   960.0 (야간)",,,,,,"0.00",,"0","0.0","4"
"C017C960","코스피200 P 202712   960.0 (주간)",,,,,,"0.00",,"0","0.0","4"
"C017C970","코스피200 P 202712   970.0 (야간)",,,,,,"0.00",,"0","0.0","0"
"C017C970","코스피200 P 202712   970.0 (주간)",,,,,,"0.00",,"0","0.0","0"
"C017C980","코스피200 P 202712   980.0 (야간)",,,,,,"0.00",,"0","0.0","0"
"C017C980","코스피200 P 202712   980.0 (주간)",,,,,,"0.00",,"0","0.0","0"
"C017C990","코스피200 P 202712   990.0 (야간)",,,,,,"0.00",,"0","0.0","0"
"C017C990","코스피200 P 202712   990.0 (주간)",,,,,,"0.00",,"0","0.0","0"
"C017CA01","코스피200 P 202712 1,000.0 (야간)",,,,,,"0.00",,"0","0.0","0"
"C017CA01","코스피200 P 202712 1,000.0 (주간)",,,,,,"0.00",,"0","0.0","0"
"C017CA03","코스피200 P 202712 1,010.0 (야간)",,,,,,"0.00",,"0","0.0","0"
"C017CA03","코스피200 P 202712 1,010.0 (주간)",,,,,,"0.00",,"0","0.0","0"
"C017CA05","코스피200 P 202712 1,020.0 (야간)",,,,,,"0.00",,"0","0.0","0"
"C017CA05","코스피200 P 202712 1,020.0 (주간)",,,,,,"0.00",,"0","0.0","0"
"C017CA12","코스피200 P 202712 1,030.0 (야간)",,,,,,"0.00",,"0","0.0","0"
"C017CA12","코스피200 P 202712 1,030.0 (주간)",,,,,,"0.00",,"0","0.0","0"
"C017CA14","코스피200 P 202712 1,040.0 (야간)",,,,,,"0.00",,"0","0.0","0"
"C017CA14","코스피200 P 202712 1,040.0 (주간)",,,,,,"0.00",,"0","0.0","0"
"C017CA16","코스피200 P 202712 1,050.0 (야간)",,,,,,"0.00",,"0","0.0","0"
"C017CA16","코스피200 P 202712 1,050.0 (주간)",,,,,,"0.00",,"0","0.0","0"
"C017CA18","코스피200 P 202712 1,060.0 (야간)",,,,,,"0.00",,"0","0.0","0"
"C017CA18","코스피200 P 202712 1,060.0 (주간)",,,,,,"0.00",,"0","0.0","0"
"C018C440","코스피200 P 202812   440.0 (야간)",,,,,,"0.00",,"0","0.0","268"
"C018C440","코스피200 P 202812   440.0 (주간)",,,,,,"0.00",,"0","0.0","268"
"C018C450","코스피200 P 202812   450.0 (야간)",,,,,,"0.00",,"0","0.0","0"
"C018C450","코스피200 P 202812   450.0 (주간)",,,,,,"0.00",,"0","0.0","0"
"C018C460","코스피200 P 202812   460.0 (야간)",,,,,,"0.00",,"0","0.0","5"
"C018C460","코스피200 P 202812   460.0 (주간)",,,,,,"0.00",,"0","0.0","5"
"C018C470","코스피200 P 202812   470.0 (야간)",,,,,,"0.00",,"0","0.0","0"
"C018C470","코스피200 P 202812   470.0 (주간)",,,,,,"0.00",,"0","0.0","0"
"C018C480","코스피200 P 202812   480.0 (야간)",,,,,,"0.00",,"0","0.0","0"
"C018C480","코스피200 P 202812   480.0 (주간)",,,,,,"0.00",,"0","0.0","0"
"C018C490","코스피200 P 202812   490.0 (야간)",,,,,,"0.00",,"0","0.0","0"
"C018C490","코스피200 P 202812   490.0 (주간)",,,,,,"0.00",,"0","0.0","0"
"C018C500","코스피200 P 202812   500.0 (야간)",,,,,,"0.00",,"0","0.0","16"
"C018C500","코스피200 P 202812   500.0 (주간)",,,,,,"0.00",,"0","0.0","16"
"C018C510","코스피200 P 202812   510.0 (야간)",,,,,,"0.00",,"0","0.0","0"
"C018C510","코스피200 P 202812   510.0 (주간)",,,,,,"0.00",,"0","0.0","0"
"C018C520","코스피200 P 202812   520.0 (야간)",,,,,,"0.00",,"0","0.0","0"
"C018C520","코스피200 P 202812   520.0 (주간)",,,,,,"0.00",,"0","0.0","0"
"C018C530","코스피200 P 202812   530.0 (야간)",,,,,,"0.00",,"0","0.0","0"
"C018C530","코스피200 P 202812   530.0 (주간)",,,,,,"0.00",,"0","0.0","0"
"C018C540","코스피200 P 202812   540.0 (야간)",,,,,,"0.00",,"0","0.0","0"
"C018C540","코스피200 P 202812   540.0 (주간)",,,,,,"0.00",,"0","0.0","0"
"C018C550","코스피200 P 202812   550.0 (야간)",,,,,,"0.00",,"0","0.0","1"
"C018C550","코스피200 P 202812   550.0 (주간)",,,,,,"0.00",,"0","0.0","1"
"C018C560","코스피200 P 202812   560.0 (야간)",,,,,,"0.00",,"0","0.0","0"
"C018C560","코스피200 P 202812   560.0 (주간)",,,,,,"0.00",,"0","0.0","0"
"C018C570","코스피200 P 202812   570.0 (야간)",,,,,,"0.00",,"0","0.0","0"
"C018C570","코스피200 P 202812   570.0 (주간)",,,,,,"0.00",,"0","0.0","0"
"C018C580","코스피200 P 202812   580.0 (야간)",,,,,,"0.00",,"0","0.0","0"
"C018C580","코스피200 P 202812   580.0 (주간)",,,,,,"0.00",,"0","0.0","0"
"C018C590","코스피200 P 202812   590.0 (야간)",,,,,,"0.00",,"0","0.0","0"
"C018C590","코스피200 P 202812   590.0 (주간)",,,,,,"0.00",,"0","0.0","0"
"C018C600","코스피200 P 202812   600.0 (야간)",,,,,,"0.00",,"0","0.0","0"
"C018C600","코스피200 P 202812   600.0 (주간)",,,,,,"0.00",,"0","0.0","0"
"C018C610","코스피200 P 202812   610.0 (야간)",,,,,,"0.00",,"0","0.0","0"
"C018C610","코스피200 P 202812   610.0 (주간)",,,,,,"0.00",,"0","0.0","0"
"C018C620","코스피200 P 202812   620.0 (야간)",,,,,,"0.00",,"0","0.0","0"
"C018C620","코스피200 P 202812   620.0 (주간)",,,,,,"0.00",,"0","0.0","0"
"C018C630","코스피200 P 202812   630.0 (야간)",,,,,,"0.00",,"0","0.0","0"
"C018C630","코스피200 P 202812   630.0 (주간)",,,,,,"0.00",,"0","0.0","0"
"C018C640","코스피200 P 202812   640.0 (야간)",,,,,,"0.00",,"0","0.0","0"
"C018C640","코스피200 P 202812   640.0 (주간)",,,,,,"0.00",,"0","0.0","0"
"C018C650","코스피200 P 202812   650.0 (야간)",,,,,,"0.00",,"0","0.0","0"
"C018C650","코스피200 P 202812   650.0 (주간)",,,,,,"0.00",,"0","0.0","0"
"C018C660","코스피200 P 202812   660.0 (야간)",,,,,,"0.00",,"0","0.0","0"
"C018C660","코스피200 P 202812   660.0 (주간)",,,,,,"0.00",,"0","0.0","0"
"C018C670","코스피200 P 202812   670.0 (야간)",,,,,,"0.00",,"0","0.0","2"
"C018C670","코스피200 P 202812   670.0 (주간)",,,,,,"0.00",,"0","0.0","2"
"C018C680","코스피200 P 202812   680.0 (야간)",,,,,,"0.00",,"0","0.0","1"
"C018C680","코스피200 P 202812   680.0 (주간)",,,,,,"0.00",,"0","0.0","1"
"C018C690","코스피200 P 202812   690.0 (야간)",,,,,,"0.00",,"0","0.0","1"
"C018C690","코스피200 P 202812   690.0 (주간)",,,,,,"0.00",,"0","0.0","1"
"C018C700","코스피200 P 202812   700.0 (야간)",,,,,,"0.00",,"0","0.0","0"
"C018C700","코스피200 P 202812   700.0 (주간)",,,,,,"0.00",,"0","0.0","0"
"C018C710","코스피200 P 202812   710.0 (야간)",,,,,,"0.00",,"0","0.0","0"
"C018C710","코스피200 P 202812   710.0 (주간)",,,,,,"0.00",,"0","0.0","0"
"C018C720","코스피200 P 202812   720.0 (야간)",,,,,,"0.00",,"0","0.0","0"
"C018C720","코스피200 P 202812   720.0 (주간)",,,,,,"0.00",,"0","0.0","0"
"C018C730","코스피200 P 202812   730.0 (야간)",,,,,,"0.00",,"0","0.0","0"
"C018C730","코스피200 P 202812   730.0 (주간)",,,,,,"0.00",,"0","0.0","0"
"C018C740","코스피200 P 202812   740.0 (야간)",,,,,,"0.00",,"0","0.0","0"
"C018C740","코스피200 P 202812   740.0 (주간)",,,,,,"0.00",,"0","0.0","0"
"C018C750","코스피200 P 202812   750.0 (야간)",,,,,,"0.00",,"0","0.0","0"
"C018C750","코스피200 P 202812   750.0 (주간)",,,,,,"0.00",,"0","0.0","0"
"C018C760","코스피200 P 202812   760.0 (야간)",,,,,,"0.00",,"0","0.0","0"
"C018C760","코스피200 P 202812   760.0 (주간)",,,,,,"0.00",,"0","0.0","0"
"C018C770","코스피200 P 202812   770.0 (야간)",,,,,,"0.00",,"0","0.0","0"
"C018C770","코스피200 P 202812   770.0 (주간)",,,,,,"0.00",,"0","0.0","0"
"C018C780","코스피200 P 202812   780.0 (야간)",,,,,,"0.00",,"0","0.0","0"
"C018C780","코스피200 P 202812   780.0 (주간)",,,,,,"0.00",,"0","0.0","0"
"C018C790","코스피200 P 202812   790.0 (야간)",,,,,,"0.00",,"0","0.0","0"
"C018C790","코스피200 P 202812   790.0 (주간)",,,,,,"0.00",,"0","0.0","0"
"C018C800","코스피200 P 202812   800.0 (야간)",,,,,,"0.00",,"0","0.0","0"
"C018C800","코스피200 P 202812   800.0 (주간)",,,,,,"0.00",,"0","0.0","0"
"C018C810","코스피200 P 202812   810.0 (야간)",,,,,,"0.00",,"0","0.0","0"
"C018C810","코스피200 P 202812   810.0 (주간)",,,,,,"0.00",,"0","0.0","0"
"C018C820","코스피200 P 202812   820.0 (야간)",,,,,,"0.00",,"0","0.0","0"
"C018C820","코스피200 P 202812   820.0 (주간)",,,,,,"0.00",,"0","0.0","0"
"C018C830","코스피200 P 202812   830.0 (야간)",,,,,,"0.00",,"0","0.0","0"
"C018C830","코스피200 P 202812   830.0 (주간)",,,,,,"0.00",,"0","0.0","0"
"C018C840","코스피200 P 202812   840.0 (야간)",,,,,,"0.00",,"0","0.0","0"
"C018C840","코스피200 P 202812   840.0 (주간)",,,,,,"0.00",,"0","0.0","0"
"C018C850","코스피200 P 202812   850.0 (야간)",,,,,,"0.00",,"0","0.0","0"
"C018C850","코스피200 P 202812   850.0 (주간)",,,,,,"0.00",,"0","0.0","0"
"C018C860","코스피200 P 202812   860.0 (야간)",,,,,,"0.00",,"0","0.0","0"
"C018C860","코스피200 P 202812   860.0 (주간)",,,,,,"0.00",,"0","0.0","0"
"C018C870","코스피200 P 202812   870.0 (야간)",,,,,,"0.00",,"0","0.0","0"
"C018C870","코스피200 P 202812   870.0 (주간)",,,,,,"0.00",,"0","0.0","0"
"C018C880","코스피200 P 202812   880.0 (야간)",,,,,,"0.00",,"0","0.0","0"
"C018C880","코스피200 P 202812   880.0 (주간)",,,,,,"0.00",,"0","0.0","0"
"C018C890","코스피200 P 202812   890.0 (야간)",,,,,,"0.00",,"0","0.0","0"
"C018C890","코스피200 P 202812   890.0 (주간)",,,,,,"0.00",,"0","0.0","0"
"C018C900","코스피200 P 202812   900.0 (야간)",,,,,,"0.00",,"0","0.0","0"
"C018C900","코스피200 P 202812   900.0 (주간)",,,,,,"0.00",,"0","0.0","0"
"C018C910","코스피200 P 202812   910.0 (야간)",,,,,,"0.00",,"0","0.0","0"
"C018C910","코스피200 P 202812   910.0 (주간)",,,,,,"0.00",,"0","0.0","0"
"C018C920","코스피200 P 202812   920.0 (야간)",,,,,,"0.00",,"0","0.0","0"
"C018C920","코스피200 P 202812   920.0 (주간)",,,,,,"0.00",,"0","0.0","0"
"C018C930","코스피200 P 202812   930.0 (야간)",,,,,,"0.00",,"0","0.0","0"
"C018C930","코스피200 P 202812   930.0 (주간)",,,,,,"0.00",,"0","0.0","0"
"C018C940","코스피200 P 202812   940.0 (야간)",,,,,,"0.00",,"0","0.0","0"
"C018C940","코스피200 P 202812   940.0 (주간)",,,,,,"0.00",,"0","0.0","0"
"C018C950","코스피200 P 202812   950.0 (야간)",,,,,,"0.00",,"0","0.0","0"
"C018C950","코스피200 P 202812   950.0 (주간)",,,,,,"0.00",,"0","0.0","0"
"C018C960","코스피200 P 202812   960.0 (야간)",,,,,,"0.00",,"0","0.0","0"
"C018C960","코스피200 P 202812   960.0 (주간)",,,,,,"0.00",,"0","0.0","0"
"C018C970","코스피200 P 202812   970.0 (야간)",,,,,,"0.00",,"0","0.0","0"
"C018C970","코스피200 P 202812   970.0 (주간)",,,,,,"0.00",,"0","0.0","0"
"C018C980","코스피200 P 202812   980.0 (야간)",,,,,,"0.00",,"0","0.0","0"
"C018C980","코스피200 P 202812   980.0 (주간)",,,,,,"0.00",,"0","0.0","0"
"C018C990","코스피200 P 202812   990.0 (야간)",,,,,,"0.00",,"0","0.0","0"
"C018C990","코스피200 P 202812   990.0 (주간)",,,,,,"0.00",,"0","0.0","0"
"C018CA01","코스피200 P 202812 1,000.0 (야간)",,,,,,"0.00",,"0","0.0","0"
"C018CA01","코스피200 P 202812 1,000.0 (주간)",,,,,,"0.00",,"0","0.0","0"
"C018CA03","코스피200 P 202812 1,010.0 (야간)",,,,,,"0.00",,"0","0.0","0"
"C018CA03","코스피200 P 202812 1,010.0 (주간)",,,,,,"0.00",,"0","0.0","0"
"C018CA05","코스피200 P 202812 1,020.0 (야간)",,,,,,"0.00",,"0","0.0","0"
"C018CA05","코스피200 P 202812 1,020.0 (주간)",,,,,,"0.00",,"0","0.0","0"
"C018CA12","코스피200 P 202812 1,030.0 (야간)",,,,,,"0.00",,"0","0.0","0"
"C018CA12","코스피200 P 202812 1,030.0 (주간)",,,,,,"0.00",,"0","0.0","0"
"C018CA14","코스피200 P 202812 1,040.0 (야간)",,,,,,"0.00",,"0","0.0","0"
"C018CA14","코스피200 P 202812 1,040.0 (주간)",,,,,,"0.00",,"0","0.0","0"
"C018CA16","코스피200 P 202812 1,050.0 (야간)",,,,,,"0.00",,"0","0.0","0"
"C018CA16","코스피200 P 202812 1,050.0 (주간)",,,,,,"0.00",,"0","0.0","0"
"C018CA18","코스피200 P 202812 1,060.0 (야간)",,,,,,"0.00",,"0","0.0","0"
"C018CA18","코스피200 P 202812 1,060.0 (주간)",,,,,,"0.00",,"0","0.0","0"